-- phpMyAdmin SQL Dump
-- version 5.2.1
-- https://www.phpmyadmin.net/
--
-- Host: 127.0.0.1
-- Generation Time: Feb 18, 2026 at 07:58 AM
-- Server version: 10.4.32-MariaDB
-- PHP Version: 8.2.12

SET SQL_MODE = "NO_AUTO_VALUE_ON_ZERO";
START TRANSACTION;
SET time_zone = "+00:00";


/*!40101 SET @OLD_CHARACTER_SET_CLIENT=@@CHARACTER_SET_CLIENT */;
/*!40101 SET @OLD_CHARACTER_SET_RESULTS=@@CHARACTER_SET_RESULTS */;
/*!40101 SET @OLD_COLLATION_CONNECTION=@@COLLATION_CONNECTION */;
/*!40101 SET NAMES utf8mb4 */;

--
-- Database: `enrollment`
--

-- --------------------------------------------------------

--
-- Table structure for table `active_school_year_table`
--

CREATE TABLE `active_school_year_table` (
  `id` int(11) NOT NULL,
  `year_id` int(11) DEFAULT NULL,
  `semester_id` int(11) DEFAULT NULL,
  `astatus` int(11) DEFAULT NULL,
  `active` int(11) DEFAULT NULL
) ENGINE=InnoDB DEFAULT CHARSET=utf8mb4 COLLATE=utf8mb4_general_ci;

-- --------------------------------------------------------

--
-- Table structure for table `course_table`
--

CREATE TABLE `course_table` (
  `course_id` int(11) NOT NULL,
  `course_code` varchar(100) DEFAULT NULL,
  `course_description` varchar(255) DEFAULT NULL,
  `course_unit` int(11) DEFAULT NULL,
  `lec_unit` int(11) DEFAULT NULL,
  `lab_unit` int(11) DEFAULT NULL,
  `prereq` varchar(255) DEFAULT NULL,
  `corequisite` varchar(255) DEFAULT NULL,
  `office_duty` int(1) NOT NULL DEFAULT 0
) ENGINE=InnoDB DEFAULT CHARSET=utf8mb4 COLLATE=utf8mb4_general_ci;

-- --------------------------------------------------------

--
-- Table structure for table `curriculum_table`
--

CREATE TABLE `curriculum_table` (
  `curriculum_id` int(11) NOT NULL,
  `year_id` int(11) DEFAULT NULL,
  `program_id` int(11) DEFAULT NULL,
  `lock_status` tinyint(1) DEFAULT 0
) ENGINE=InnoDB DEFAULT CHARSET=utf8mb4 COLLATE=utf8mb4_general_ci;

-- --------------------------------------------------------

--
-- Table structure for table `dprtmnt_curriculum_table`
--

CREATE TABLE `dprtmnt_curriculum_table` (
  `dprtmnt_curriculum_id` int(11) NOT NULL,
  `dprtmnt_id` int(11) DEFAULT NULL,
  `curriculum_id` int(11) DEFAULT NULL
) ENGINE=InnoDB DEFAULT CHARSET=utf8mb4 COLLATE=utf8mb4_general_ci;

-- --------------------------------------------------------

--
-- Table structure for table `dprtmnt_profs_table`
--

CREATE TABLE `dprtmnt_profs_table` (
  `dprtmnt_profs_id` int(11) NOT NULL,
  `dprtmnt_id` int(11) DEFAULT NULL,
  `prof_id` int(11) DEFAULT NULL
) ENGINE=InnoDB DEFAULT CHARSET=utf8mb4 COLLATE=utf8mb4_general_ci;

-- --------------------------------------------------------

--
-- Table structure for table `dprtmnt_room_table`
--

CREATE TABLE `dprtmnt_room_table` (
  `dprtmnt_room_id` int(11) NOT NULL,
  `dprtmnt_id` int(11) DEFAULT NULL,
  `room_id` int(11) DEFAULT NULL,
  `lock_status` tinyint(1) DEFAULT 0
) ENGINE=InnoDB DEFAULT CHARSET=utf8mb4 COLLATE=utf8mb4_general_ci;

-- --------------------------------------------------------

--
-- Table structure for table `dprtmnt_section_table`
--

CREATE TABLE `dprtmnt_section_table` (
  `id` int(11) NOT NULL,
  `curriculum_id` int(11) DEFAULT NULL,
  `section_id` int(11) DEFAULT NULL,
  `dsstat` int(11) NOT NULL
) ENGINE=InnoDB DEFAULT CHARSET=utf8mb4 COLLATE=utf8mb4_general_ci;

-- --------------------------------------------------------

--
-- Table structure for table `dprtmnt_table`
--

CREATE TABLE `dprtmnt_table` (
  `dprtmnt_id` int(11) NOT NULL,
  `dprtmnt_name` varchar(255) DEFAULT NULL,
  `dprtmnt_code` varchar(100) DEFAULT NULL
) ENGINE=InnoDB DEFAULT CHARSET=utf8mb4 COLLATE=utf8mb4_general_ci;

-- --------------------------------------------------------

--
-- Table structure for table `enrolled_subject`
--

CREATE TABLE `enrolled_subject` (
  `id` int(11) NOT NULL,
  `student_number` varchar(255) NOT NULL,
  `curriculum_id` int(11) DEFAULT NULL,
  `course_id` int(11) DEFAULT NULL,
  `active_school_year_id` int(11) DEFAULT NULL,
  `midterm` varchar(60) DEFAULT NULL,
  `finals` varchar(60) DEFAULT NULL,
  `final_grade` varchar(255) DEFAULT NULL,
  `grades_status` varchar(60) DEFAULT NULL,
  `en_remarks` int(11) NOT NULL DEFAULT 0,
  `department_section_id` int(11) NOT NULL,
  `status` int(11) NOT NULL DEFAULT 0,
  `fe_status` int(11) NOT NULL DEFAULT 0,
  `remarks` varchar(255) NOT NULL,
  `created_at` timestamp NOT NULL DEFAULT current_timestamp()
) ENGINE=InnoDB DEFAULT CHARSET=utf8mb4 COLLATE=utf8mb4_general_ci;

-- --------------------------------------------------------

--
-- Table structure for table `evaluation_table`
--

CREATE TABLE `evaluation_table` (
  `id` int(11) NOT NULL,
  `school_year_id` int(11) NOT NULL DEFAULT 0,
  `question_id` int(11) NOT NULL DEFAULT 0,
  `created_at` timestamp NOT NULL DEFAULT current_timestamp()
) ENGINE=InnoDB DEFAULT CHARSET=utf8mb4 COLLATE=utf8mb4_general_ci;

-- --------------------------------------------------------

--
-- Table structure for table `fee_rules`
--

CREATE TABLE `fee_rules` (
  `fee_rule_id` int(11) NOT NULL,
  `fee_code` varchar(50) DEFAULT NULL,
  `description` varchar(100) DEFAULT NULL,
  `amount` decimal(10,2) DEFAULT NULL,
  `semester_id` int(11) DEFAULT NULL,
  `year_level_id` int(11) DEFAULT NULL,
  `dprtmnt_id` int(11) DEFAULT NULL,
  `program_id` int(11) DEFAULT NULL,
  `applies_to_all` tinyint(1) DEFAULT 0,
  `iscomputer_lab` tinyint(1) DEFAULT 0,
  `isnon_computer_lab` tinyint(1) DEFAULT 0,
  `is_nstp` tinyint(1) DEFAULT 0
) ENGINE=InnoDB DEFAULT CHARSET=utf8mb4 COLLATE=utf8mb4_general_ci;

-- --------------------------------------------------------

--
-- Table structure for table `matriculation`
--

CREATE TABLE `matriculation` (
  `id` int(11) NOT NULL,
  `campus_name` varchar(60) NOT NULL,
  `student_number` varchar(255) NOT NULL,
  `learner_reference_number` varchar(255) NOT NULL,
  `last_name` varchar(255) NOT NULL,
  `given_name` varchar(255) NOT NULL,
  `middle_initial` varchar(60) NOT NULL,
  `degree_program` varchar(255) NOT NULL,
  `year_level` varchar(255) NOT NULL,
  `sex` varchar(60) NOT NULL,
  `email_address` varchar(255) NOT NULL,
  `phone_number` varchar(255) NOT NULL,
  `laboratory_units` varchar(255) NOT NULL,
  `computer_units` varchar(255) NOT NULL,
  `academic_units_enrolled` varchar(255) NOT NULL,
  `academic_units_nstp_enrolled` varchar(255) NOT NULL,
  `tuition_fees` varchar(255) NOT NULL,
  `nstp_fees` varchar(255) NOT NULL,
  `athletic_fees` varchar(255) NOT NULL,
  `computer_fees` varchar(255) NOT NULL,
  `cultural_fees` varchar(255) NOT NULL,
  `development_fees` varchar(255) NOT NULL,
  `guidance_fees` varchar(255) NOT NULL,
  `laboratory_fees` varchar(255) NOT NULL,
  `library_fees` varchar(255) NOT NULL,
  `medical_and_dental_fees` varchar(255) NOT NULL,
  `registration_fees` varchar(255) NOT NULL,
  `school_id_fees` varchar(255) NOT NULL,
  `total_tosf` varchar(255) NOT NULL,
  `remark` varchar(255) NOT NULL,
  `matriculation_remark` varchar(255) NOT NULL,
  `active_school_year_id` int(11) NOT NULL,
  `payment` varchar(255) NOT NULL DEFAULT '0',
  `balance` varchar(255) NOT NULL DEFAULT '0',
  `status` int(1) NOT NULL,
  `unifast_id` int(11) NOT NULL
) ENGINE=InnoDB DEFAULT CHARSET=utf8mb4 COLLATE=utf8mb4_general_ci;

-- --------------------------------------------------------

--
-- Table structure for table `medical_requirements`
--

CREATE TABLE `medical_requirements` (
  `id` int(11) NOT NULL,
  `person_id` int(11) NOT NULL,
  `student_number` varchar(50) DEFAULT NULL,
  `age_onset` varchar(50) DEFAULT NULL,
  `genital_enlargement` varchar(50) DEFAULT NULL,
  `pubic_hair` varchar(50) DEFAULT NULL,
  `height` varchar(50) DEFAULT NULL,
  `weight` varchar(50) DEFAULT NULL,
  `bmi` varchar(50) DEFAULT NULL,
  `interpretation` varchar(100) DEFAULT NULL,
  `heart_rate` varchar(50) DEFAULT NULL,
  `respiratory_rate` varchar(50) DEFAULT NULL,
  `o2_saturation` varchar(50) DEFAULT NULL,
  `blood_pressure` varchar(50) DEFAULT NULL,
  `vision_acuity` varchar(100) DEFAULT NULL,
  `general_survey` varchar(255) DEFAULT NULL,
  `skin` varchar(255) DEFAULT NULL,
  `eyes` varchar(255) DEFAULT NULL,
  `ent` varchar(255) DEFAULT NULL,
  `neck` varchar(255) DEFAULT NULL,
  `heart` varchar(255) DEFAULT NULL,
  `chest_lungs` varchar(255) DEFAULT NULL,
  `abdomen` varchar(255) DEFAULT NULL,
  `musculoskeletal` varchar(255) DEFAULT NULL,
  `breast_exam` varchar(255) DEFAULT NULL,
  `genitalia_smr` varchar(255) DEFAULT NULL,
  `penis` varchar(255) DEFAULT NULL,
  `dental_general_condition` varchar(100) DEFAULT NULL,
  `dental_good_hygiene` tinyint(1) DEFAULT 0,
  `dental_presence_of_calculus_plaque` tinyint(1) DEFAULT 0,
  `dental_gingivitis` tinyint(1) DEFAULT 0,
  `dental_denture_wearer_up` tinyint(1) DEFAULT 0,
  `dental_denture_wearer_down` tinyint(1) DEFAULT 0,
  `dental_with_braces_up` tinyint(1) DEFAULT 0,
  `dental_with_braces_down` tinyint(1) DEFAULT 0,
  `dental_with_oral_hygiene_reliner` tinyint(1) DEFAULT 0,
  `dental_diabetes` tinyint(1) DEFAULT 0,
  `dental_hypertension` tinyint(1) DEFAULT 0,
  `dental_allergies` tinyint(1) DEFAULT 0,
  `dental_heart_disease` tinyint(1) DEFAULT 0,
  `dental_epilepsy` tinyint(1) DEFAULT 0,
  `dental_mental_illness` tinyint(1) DEFAULT 0,
  `dental_clotting_disorder` tinyint(1) DEFAULT 0,
  `dental_upper_right` longtext CHARACTER SET utf8mb4 COLLATE utf8mb4_bin DEFAULT NULL,
  `dental_upper_left` longtext CHARACTER SET utf8mb4 COLLATE utf8mb4_bin DEFAULT NULL,
  `dental_lower_right` longtext CHARACTER SET utf8mb4 COLLATE utf8mb4_bin DEFAULT NULL,
  `dental_lower_left` longtext CHARACTER SET utf8mb4 COLLATE utf8mb4_bin DEFAULT NULL,
  `pne_mental_status_check` tinyint(1) DEFAULT 0,
  `pne_mental_status_text` varchar(255) DEFAULT NULL,
  `pne_sensory_check` tinyint(1) DEFAULT 0,
  `pne_sensory_text` varchar(255) DEFAULT NULL,
  `pne_cranial_nerve_check` tinyint(1) DEFAULT 0,
  `pne_cranial_nerve_text` varchar(255) DEFAULT NULL,
  `pne_cerebellar_check` tinyint(1) DEFAULT 0,
  `pne_cerebellar_text` varchar(255) DEFAULT NULL,
  `pne_motor_check` tinyint(1) DEFAULT 0,
  `pne_motor_text` varchar(255) DEFAULT NULL,
  `pne_reflexes_check` tinyint(1) DEFAULT 0,
  `pne_reflexes_text` varchar(255) DEFAULT NULL,
  `pne_findings_psychological` text DEFAULT NULL,
  `pne_recommendations` text DEFAULT NULL,
  `created_at` timestamp NOT NULL DEFAULT current_timestamp(),
  `updated_at` timestamp NOT NULL DEFAULT current_timestamp() ON UPDATE current_timestamp()
) ENGINE=InnoDB DEFAULT CHARSET=utf8mb4 COLLATE=utf8mb4_general_ci;

-- --------------------------------------------------------

--
-- Table structure for table `page_access`
--

CREATE TABLE `page_access` (
  `id` int(11) NOT NULL,
  `page_privilege` tinyint(1) NOT NULL,
  `page_id` int(11) DEFAULT NULL,
  `user_id` varchar(255) DEFAULT NULL
) ENGINE=InnoDB DEFAULT CHARSET=utf8mb4 COLLATE=utf8mb4_general_ci;

--
-- Dumping data for table `page_access`
--

INSERT INTO `page_access` (`id`, `page_privilege`, `page_id`, `user_id`) VALUES
(40, 1, 10, '224-06342M'),
(42, 1, 12, '224-06342M'),
(43, 1, 13, '224-06342M'),
(45, 1, 15, '224-06342M'),
(46, 1, 16, '224-06342M'),
(47, 1, 17, '224-06342M'),
(48, 1, 18, '224-06342M'),
(49, 1, 19, '224-06342M'),
(50, 1, 20, '224-06342M'),
(51, 1, 21, '224-06342M'),
(52, 1, 22, '224-06342M'),
(53, 1, 23, '224-06342M'),
(54, 1, 24, '224-06342M'),
(55, 1, 25, '224-06342M'),
(56, 1, 26, '224-06342M'),
(57, 1, 27, '224-06342M'),
(58, 1, 29, '224-06342M'),
(59, 1, 28, '224-06342M'),
(60, 1, 30, '224-06342M'),
(61, 1, 31, '224-06342M'),
(62, 1, 32, '224-06342M'),
(63, 1, 33, '224-06342M'),
(64, 1, 34, '224-06342M'),
(65, 1, 35, '224-06342M'),
(66, 1, 36, '224-06342M'),
(68, 1, 72, '224-06342M'),
(69, 1, 73, '224-06342M'),
(70, 1, 70, '224-06342M'),
(72, 1, 68, '224-06342M'),
(73, 1, 69, '224-06342M'),
(74, 1, 66, '224-06342M'),
(75, 1, 67, '224-06342M'),
(78, 1, 62, '224-06342M'),
(79, 1, 63, '224-06342M'),
(80, 1, 60, '224-06342M'),
(81, 1, 61, '224-06342M'),
(82, 1, 58, '224-06342M'),
(83, 1, 59, '224-06342M'),
(85, 1, 57, '224-06342M'),
(86, 1, 54, '224-06342M'),
(89, 1, 53, '224-06342M'),
(90, 1, 50, '224-06342M'),
(92, 1, 48, '224-06342M'),
(93, 1, 49, '224-06342M'),
(94, 1, 46, '224-06342M'),
(95, 1, 47, '224-06342M'),
(97, 1, 44, '224-06342M'),
(98, 1, 45, '224-06342M'),
(99, 1, 42, '224-06342M'),
(100, 1, 43, '224-06342M'),
(101, 1, 41, '224-06342M'),
(103, 1, 96, '224-06342M'),
(106, 1, 99, '224-06342M'),
(107, 1, 100, '224-06342M'),
(108, 1, 101, '224-06342M'),
(109, 1, 86, '224-06342M'),
(110, 1, 87, '224-06342M'),
(111, 1, 88, '224-06342M'),
(112, 1, 89, '224-06342M'),
(114, 1, 90, '224-06342M'),
(115, 1, 91, '224-06342M'),
(118, 1, 94, '224-06342M'),
(119, 1, 85, '224-06342M'),
(120, 1, 82, '224-06342M'),
(121, 1, 83, '224-06342M'),
(122, 1, 84, '224-06342M'),
(123, 1, 95, '224-06342M'),
(124, 1, 80, '224-06342M'),
(125, 1, 78, '224-06342M'),
(126, 1, 79, '224-06342M'),
(129, 1, 74, '224-06342M'),
(130, 1, 75, '224-06342M'),
(131, 1, 81, '224-06342M'),
(133, 1, 40, '224-06342M'),
(146, 1, 93, '224-06342M'),
(158, 1, 52, '224-06342M'),
(160, 1, 65, '224-06342M'),
(161, 1, 93, '224-06342M'),
(162, 1, 9, '224-06342M'),
(170, 1, 11, '224-06342M'),
(171, 1, 64, '224-06342m'),
(172, 1, 51, '224-06342m'),
(173, 1, 37, '224-06342m'),
(175, 1, 76, '224-06342m'),
(177, 1, 77, '224-06342M'),
(178, 1, 77, '224-06342M'),
(179, 1, 71, '224-06342M'),
(180, 1, 55, '224-06342M'),
(181, 1, 56, '224-06342M'),
(182, 1, 38, '224-06342M'),
(183, 1, 39, '224-06342M'),
(185, 1, 14, '224-06342M'),
(186, 1, 98, '224-06342m'),
(202, 1, 6, '224-06342m'),
(205, 1, 2, '224-06342M'),
(206, 1, 1, '224-06342M'),
(207, 1, 3, '224-06342M'),
(208, 1, 4, '224-06342M'),
(209, 1, 5, '224-06342M'),
(211, 1, 8, '224-06342M'),
(212, 1, 7, '224-06342M'),
(216, 1, 97, '224-06342M'),
(217, 1, 92, '224-06342M'),
(218, 1, 92, '123456'),
(219, 1, 6, '123456'),
(220, 1, 44, '123456'),
(221, 1, 43, '123456'),
(222, 1, 46, '123456'),
(223, 1, 45, '123456'),
(224, 1, 47, '123456'),
(225, 1, 49, '123456'),
(226, 1, 37, '123456'),
(227, 1, 36, '123456'),
(228, 1, 60, '123456'),
(229, 1, 17, '123456'),
(230, 1, 10, '123456'),
(231, 1, 12, '123456'),
(232, 1, 43, '22222'),
(233, 1, 44, '22222'),
(234, 1, 45, '22222'),
(235, 1, 46, '22222'),
(236, 1, 47, '22222'),
(237, 1, 49, '22222'),
(238, 1, 36, '22222'),
(239, 1, 37, '22222'),
(240, 1, 17, '22222'),
(241, 1, 10, '22222'),
(242, 1, 12, '22222'),
(243, 1, 60, '22222'),
(244, 1, 92, '222'),
(245, 1, 93, '222'),
(246, 1, 94, '222'),
(247, 1, 95, '222'),
(248, 1, 96, '222'),
(249, 1, 97, '222'),
(250, 1, 98, '222'),
(251, 1, 6, '222'),
(252, 1, 7, '222'),
(253, 1, 8, '222'),
(254, 1, 9, '222'),
(255, 1, 10, '222'),
(256, 1, 11, '222'),
(257, 1, 12, '222'),
(258, 1, 92, '7809'),
(259, 1, 1, '7809'),
(260, 1, 2, '7809'),
(261, 1, 3, '7809'),
(262, 1, 4, '7809'),
(263, 1, 5, '7809'),
(264, 1, 6, '7809'),
(265, 1, 7, '7809'),
(266, 1, 8, '7809'),
(267, 1, 9, '7809'),
(268, 1, 11, '7809'),
(269, 1, 33, '7809'),
(270, 1, 48, '7809'),
(271, 1, 52, '7809'),
(272, 1, 61, '7809'),
(273, 1, 66, '7809'),
(274, 1, 71, '7809'),
(275, 1, 1, '666'),
(276, 1, 2, '666'),
(277, 1, 3, '666'),
(278, 1, 4, '666'),
(279, 1, 5, '666'),
(280, 1, 6, '666'),
(281, 1, 7, '666'),
(282, 1, 8, '666'),
(283, 1, 9, '666'),
(284, 1, 10, '666'),
(285, 1, 11, '666'),
(286, 1, 12, '666'),
(287, 1, 13, '666'),
(288, 1, 14, '666'),
(289, 1, 15, '666'),
(290, 1, 16, '666'),
(291, 1, 17, '666'),
(292, 1, 18, '666'),
(293, 1, 19, '666'),
(294, 1, 20, '666'),
(295, 1, 21, '666'),
(296, 1, 22, '666'),
(297, 1, 23, '666'),
(298, 1, 24, '666'),
(299, 1, 25, '666'),
(300, 1, 26, '666'),
(301, 1, 27, '666'),
(302, 1, 28, '666'),
(303, 1, 29, '666'),
(304, 1, 30, '666'),
(305, 1, 31, '666'),
(306, 1, 32, '666'),
(307, 1, 33, '666'),
(308, 1, 34, '666'),
(309, 1, 35, '666'),
(310, 1, 36, '666'),
(311, 1, 37, '666'),
(312, 1, 38, '666'),
(313, 1, 39, '666'),
(314, 1, 40, '666'),
(315, 1, 41, '666'),
(316, 1, 42, '666'),
(317, 1, 43, '666'),
(318, 1, 44, '666'),
(319, 1, 45, '666'),
(320, 1, 46, '666'),
(321, 1, 47, '666'),
(322, 1, 48, '666'),
(323, 1, 49, '666'),
(324, 1, 50, '666'),
(325, 1, 51, '666'),
(326, 1, 52, '666'),
(327, 1, 53, '666'),
(328, 1, 54, '666'),
(329, 1, 55, '666'),
(330, 1, 56, '666'),
(331, 1, 57, '666'),
(332, 1, 58, '666'),
(333, 1, 59, '666'),
(334, 1, 60, '666'),
(335, 1, 61, '666'),
(336, 1, 62, '666'),
(337, 1, 63, '666'),
(338, 1, 64, '666'),
(339, 1, 65, '666'),
(340, 1, 66, '666'),
(341, 1, 67, '666'),
(342, 1, 68, '666'),
(343, 1, 69, '666'),
(344, 1, 70, '666'),
(345, 1, 71, '666'),
(346, 1, 72, '666'),
(347, 1, 73, '666'),
(348, 1, 74, '666'),
(349, 1, 75, '666'),
(350, 1, 76, '666'),
(351, 1, 77, '666'),
(352, 1, 78, '666'),
(353, 1, 79, '666'),
(354, 1, 80, '666'),
(355, 1, 81, '666'),
(356, 1, 82, '666'),
(357, 1, 83, '666'),
(358, 1, 84, '666'),
(359, 1, 85, '666'),
(360, 1, 86, '666'),
(361, 1, 87, '666'),
(362, 1, 88, '666'),
(363, 1, 89, '666'),
(364, 1, 90, '666'),
(365, 1, 91, '666'),
(366, 1, 92, '666'),
(367, 1, 93, '666'),
(368, 1, 94, '666'),
(369, 1, 95, '666'),
(370, 1, 96, '666'),
(371, 1, 97, '666'),
(372, 1, 98, '666'),
(373, 1, 99, '666'),
(374, 1, 100, '666'),
(512, 1, 92, '555'),
(513, 1, 96, '555'),
(514, 1, 73, '555'),
(515, 1, 6, '555'),
(516, 1, 10, '555'),
(517, 1, 12, '555'),
(518, 1, 17, '555'),
(519, 1, 36, '555'),
(520, 1, 37, '555'),
(521, 1, 43, '555'),
(522, 1, 44, '555'),
(523, 1, 45, '555'),
(524, 1, 46, '555'),
(525, 1, 47, '555'),
(526, 1, 49, '555'),
(527, 1, 60, '555'),
(575, 1, 1, '7890456789'),
(576, 1, 2, '7890456789'),
(577, 1, 3, '7890456789'),
(578, 1, 4, '7890456789'),
(579, 1, 5, '7890456789'),
(580, 1, 6, '7890456789'),
(581, 1, 7, '7890456789'),
(582, 1, 8, '7890456789'),
(583, 1, 9, '7890456789'),
(584, 1, 10, '7890456789'),
(585, 1, 11, '7890456789'),
(586, 1, 12, '7890456789'),
(587, 1, 13, '7890456789'),
(588, 1, 14, '7890456789'),
(589, 1, 15, '7890456789'),
(590, 1, 16, '7890456789'),
(591, 1, 17, '7890456789'),
(592, 1, 18, '7890456789'),
(593, 1, 19, '7890456789'),
(594, 1, 20, '7890456789'),
(595, 1, 21, '7890456789'),
(596, 1, 22, '7890456789'),
(597, 1, 23, '7890456789'),
(598, 1, 24, '7890456789'),
(599, 1, 25, '7890456789'),
(600, 1, 26, '7890456789'),
(601, 1, 27, '7890456789'),
(602, 1, 28, '7890456789'),
(603, 1, 29, '7890456789'),
(604, 1, 30, '7890456789'),
(605, 1, 31, '7890456789'),
(606, 1, 32, '7890456789'),
(607, 1, 33, '7890456789'),
(608, 1, 34, '7890456789'),
(609, 1, 35, '7890456789'),
(610, 1, 36, '7890456789'),
(611, 1, 37, '7890456789'),
(612, 1, 38, '7890456789'),
(613, 1, 39, '7890456789'),
(614, 1, 40, '7890456789'),
(615, 1, 41, '7890456789'),
(616, 1, 42, '7890456789'),
(617, 1, 43, '7890456789'),
(618, 1, 44, '7890456789'),
(619, 1, 45, '7890456789'),
(620, 1, 46, '7890456789'),
(621, 1, 47, '7890456789'),
(622, 1, 48, '7890456789'),
(623, 1, 49, '7890456789'),
(624, 1, 50, '7890456789'),
(625, 1, 51, '7890456789'),
(626, 1, 52, '7890456789'),
(627, 1, 53, '7890456789'),
(628, 1, 54, '7890456789'),
(629, 1, 55, '7890456789'),
(630, 1, 56, '7890456789'),
(631, 1, 57, '7890456789'),
(632, 1, 58, '7890456789'),
(633, 1, 59, '7890456789'),
(634, 1, 60, '7890456789'),
(635, 1, 61, '7890456789'),
(636, 1, 62, '7890456789'),
(637, 1, 63, '7890456789'),
(638, 1, 64, '7890456789'),
(639, 1, 65, '7890456789'),
(640, 1, 66, '7890456789'),
(641, 1, 67, '7890456789'),
(642, 1, 68, '7890456789'),
(643, 1, 69, '7890456789'),
(644, 1, 70, '7890456789'),
(645, 1, 71, '7890456789'),
(646, 1, 72, '7890456789'),
(647, 1, 73, '7890456789'),
(648, 1, 74, '7890456789'),
(649, 1, 75, '7890456789'),
(650, 1, 76, '7890456789'),
(651, 1, 77, '7890456789'),
(652, 1, 78, '7890456789'),
(653, 1, 79, '7890456789'),
(654, 1, 80, '7890456789'),
(655, 1, 81, '7890456789'),
(656, 1, 82, '7890456789'),
(657, 1, 83, '7890456789'),
(658, 1, 84, '7890456789'),
(659, 1, 85, '7890456789'),
(660, 1, 86, '7890456789'),
(661, 1, 87, '7890456789'),
(662, 1, 88, '7890456789'),
(663, 1, 89, '7890456789'),
(664, 1, 90, '7890456789'),
(665, 1, 91, '7890456789'),
(666, 1, 92, '7890456789'),
(667, 1, 93, '7890456789'),
(668, 1, 94, '7890456789'),
(669, 1, 95, '7890456789'),
(670, 1, 96, '7890456789'),
(671, 1, 97, '7890456789'),
(672, 1, 98, '7890456789'),
(673, 1, 99, '7890456789'),
(674, 1, 100, '7890456789'),
(692, 1, 73, '241101'),
(722, 1, 93, '241101'),
(723, 1, 16, '241101'),
(724, 1, 18, '241101'),
(725, 1, 54, '241101'),
(726, 1, 64, '241101'),
(728, 1, 93, '241102'),
(729, 1, 16, '241102'),
(730, 1, 54, '241102'),
(731, 1, 55, '241102'),
(732, 1, 73, '241102'),
(733, 1, 96, '241102'),
(734, 1, 96, '241101'),
(735, 1, 35, '241101'),
(736, 1, 35, '241102'),
(737, 1, 63, '241102'),
(738, 1, 58, '241102'),
(740, 1, 95, '241102'),
(741, 1, 95, '241101'),
(742, 1, 63, '241101'),
(743, 1, 58, '241101'),
(744, 1, 94, '241101'),
(745, 1, 20, '241101'),
(746, 1, 94, '241102'),
(747, 1, 20, '241102'),
(748, 1, 57, '241101'),
(749, 1, 57, '241102'),
(750, 1, 1, '224000001'),
(751, 1, 2, '224000001'),
(752, 1, 3, '224000001'),
(753, 1, 4, '224000001'),
(754, 1, 5, '224000001'),
(755, 1, 6, '224000001'),
(756, 1, 7, '224000001'),
(757, 1, 8, '224000001'),
(758, 1, 9, '224000001'),
(759, 1, 10, '224000001'),
(760, 1, 11, '224000001'),
(761, 1, 12, '224000001'),
(762, 1, 13, '224000001'),
(763, 1, 14, '224000001'),
(764, 1, 15, '224000001'),
(765, 1, 16, '224000001'),
(766, 1, 17, '224000001'),
(767, 1, 18, '224000001'),
(768, 1, 19, '224000001'),
(769, 1, 20, '224000001'),
(770, 1, 21, '224000001'),
(771, 1, 22, '224000001'),
(772, 1, 23, '224000001'),
(773, 1, 24, '224000001'),
(774, 1, 25, '224000001'),
(775, 1, 26, '224000001'),
(776, 1, 27, '224000001'),
(777, 1, 28, '224000001'),
(778, 1, 29, '224000001'),
(779, 1, 30, '224000001'),
(780, 1, 31, '224000001'),
(781, 1, 32, '224000001'),
(782, 1, 33, '224000001'),
(783, 1, 34, '224000001'),
(784, 1, 35, '224000001'),
(785, 1, 36, '224000001'),
(786, 1, 37, '224000001'),
(787, 1, 38, '224000001'),
(788, 1, 39, '224000001'),
(789, 1, 40, '224000001'),
(790, 1, 41, '224000001'),
(791, 1, 42, '224000001'),
(792, 1, 43, '224000001'),
(793, 1, 44, '224000001'),
(794, 1, 45, '224000001'),
(795, 1, 46, '224000001'),
(796, 1, 47, '224000001'),
(797, 1, 48, '224000001'),
(798, 1, 49, '224000001'),
(799, 1, 50, '224000001'),
(800, 1, 51, '224000001'),
(801, 1, 52, '224000001'),
(802, 1, 53, '224000001'),
(803, 1, 54, '224000001'),
(804, 1, 55, '224000001'),
(805, 1, 56, '224000001'),
(806, 1, 57, '224000001'),
(807, 1, 58, '224000001'),
(808, 1, 59, '224000001'),
(809, 1, 60, '224000001'),
(811, 1, 62, '224000001'),
(812, 1, 63, '224000001'),
(813, 1, 64, '224000001'),
(814, 1, 65, '224000001'),
(815, 1, 66, '224000001'),
(816, 1, 67, '224000001'),
(817, 1, 68, '224000001'),
(818, 1, 69, '224000001'),
(819, 1, 70, '224000001'),
(820, 1, 71, '224000001'),
(821, 1, 72, '224000001'),
(822, 1, 73, '224000001'),
(823, 1, 74, '224000001'),
(824, 1, 75, '224000001'),
(825, 1, 76, '224000001'),
(826, 1, 77, '224000001'),
(827, 1, 78, '224000001'),
(828, 1, 79, '224000001'),
(829, 1, 80, '224000001'),
(830, 1, 81, '224000001'),
(831, 1, 82, '224000001'),
(832, 1, 83, '224000001'),
(833, 1, 84, '224000001'),
(834, 1, 85, '224000001'),
(835, 1, 86, '224000001'),
(836, 1, 87, '224000001'),
(837, 1, 88, '224000001'),
(838, 1, 89, '224000001'),
(839, 1, 90, '224000001'),
(840, 1, 91, '224000001'),
(841, 1, 92, '224000001'),
(842, 1, 93, '224000001'),
(843, 1, 94, '224000001'),
(844, 1, 95, '224000001'),
(845, 1, 96, '224000001'),
(846, 1, 97, '224000001'),
(847, 1, 98, '224000001'),
(848, 1, 99, '224000001'),
(849, 1, 100, '224000001'),
(850, 1, 1, '224000002'),
(851, 1, 2, '224000002'),
(852, 1, 3, '224000002'),
(853, 1, 4, '224000002'),
(854, 1, 5, '224000002'),
(855, 1, 6, '224000002'),
(856, 1, 7, '224000002'),
(857, 1, 8, '224000002'),
(858, 1, 9, '224000002'),
(859, 1, 10, '224000002'),
(860, 1, 11, '224000002'),
(861, 1, 12, '224000002'),
(862, 1, 13, '224000002'),
(863, 1, 14, '224000002'),
(864, 1, 15, '224000002'),
(865, 1, 16, '224000002'),
(866, 1, 17, '224000002'),
(867, 1, 18, '224000002'),
(868, 1, 19, '224000002'),
(869, 1, 20, '224000002'),
(870, 1, 21, '224000002'),
(871, 1, 22, '224000002'),
(872, 1, 23, '224000002'),
(873, 1, 24, '224000002'),
(874, 1, 25, '224000002'),
(875, 1, 26, '224000002'),
(876, 1, 27, '224000002'),
(877, 1, 28, '224000002'),
(878, 1, 29, '224000002'),
(879, 1, 30, '224000002'),
(880, 1, 31, '224000002'),
(881, 1, 32, '224000002'),
(882, 1, 33, '224000002'),
(883, 1, 34, '224000002'),
(884, 1, 35, '224000002'),
(885, 1, 36, '224000002'),
(886, 1, 37, '224000002'),
(887, 1, 38, '224000002'),
(888, 1, 39, '224000002'),
(889, 1, 40, '224000002'),
(890, 1, 41, '224000002'),
(891, 1, 42, '224000002'),
(892, 1, 43, '224000002'),
(893, 1, 44, '224000002'),
(894, 1, 45, '224000002'),
(895, 1, 46, '224000002'),
(896, 1, 47, '224000002'),
(897, 1, 48, '224000002'),
(898, 1, 49, '224000002'),
(899, 1, 50, '224000002'),
(900, 1, 51, '224000002'),
(901, 1, 52, '224000002'),
(902, 1, 53, '224000002'),
(903, 1, 54, '224000002'),
(904, 1, 55, '224000002'),
(905, 1, 56, '224000002'),
(906, 1, 57, '224000002'),
(907, 1, 58, '224000002'),
(908, 1, 59, '224000002'),
(909, 1, 60, '224000002'),
(910, 1, 61, '224000002'),
(911, 1, 62, '224000002'),
(912, 1, 63, '224000002'),
(913, 1, 64, '224000002'),
(914, 1, 65, '224000002'),
(915, 1, 66, '224000002'),
(916, 1, 67, '224000002'),
(917, 1, 68, '224000002'),
(918, 1, 69, '224000002'),
(919, 1, 70, '224000002'),
(920, 1, 71, '224000002'),
(921, 1, 72, '224000002'),
(922, 1, 73, '224000002'),
(923, 1, 74, '224000002'),
(924, 1, 75, '224000002'),
(925, 1, 76, '224000002'),
(926, 1, 77, '224000002'),
(927, 1, 78, '224000002'),
(928, 1, 79, '224000002'),
(929, 1, 80, '224000002'),
(930, 1, 81, '224000002'),
(931, 1, 82, '224000002'),
(932, 1, 83, '224000002'),
(933, 1, 84, '224000002'),
(934, 1, 85, '224000002'),
(935, 1, 86, '224000002'),
(936, 1, 87, '224000002'),
(937, 1, 88, '224000002'),
(938, 1, 89, '224000002'),
(939, 1, 90, '224000002'),
(940, 1, 91, '224000002'),
(941, 1, 92, '224000002'),
(942, 1, 93, '224000002'),
(943, 1, 94, '224000002'),
(944, 1, 95, '224000002'),
(945, 1, 96, '224000002'),
(946, 1, 97, '224000002'),
(947, 1, 98, '224000002'),
(948, 1, 99, '224000002'),
(949, 1, 100, '224000002'),
(950, 1, 1, '224000003'),
(951, 1, 2, '224000003'),
(952, 1, 3, '224000003'),
(953, 1, 4, '224000003'),
(954, 1, 5, '224000003'),
(955, 1, 6, '224000003'),
(956, 1, 7, '224000003'),
(957, 1, 8, '224000003'),
(958, 1, 9, '224000003'),
(959, 1, 10, '224000003'),
(960, 1, 11, '224000003'),
(961, 1, 12, '224000003'),
(962, 1, 13, '224000003'),
(963, 1, 14, '224000003'),
(964, 1, 15, '224000003'),
(965, 1, 16, '224000003'),
(966, 1, 17, '224000003'),
(967, 1, 18, '224000003'),
(968, 1, 19, '224000003'),
(969, 1, 20, '224000003'),
(970, 1, 21, '224000003'),
(971, 1, 22, '224000003'),
(972, 1, 23, '224000003'),
(973, 1, 24, '224000003'),
(974, 1, 25, '224000003'),
(975, 1, 26, '224000003'),
(976, 1, 27, '224000003'),
(977, 1, 28, '224000003'),
(978, 1, 29, '224000003'),
(979, 1, 30, '224000003'),
(980, 1, 31, '224000003'),
(981, 1, 32, '224000003'),
(982, 1, 33, '224000003'),
(983, 1, 34, '224000003'),
(984, 1, 35, '224000003'),
(985, 1, 36, '224000003'),
(986, 1, 37, '224000003'),
(987, 1, 38, '224000003'),
(988, 1, 39, '224000003'),
(989, 1, 40, '224000003'),
(990, 1, 41, '224000003'),
(991, 1, 42, '224000003'),
(992, 1, 43, '224000003'),
(993, 1, 44, '224000003'),
(994, 1, 45, '224000003'),
(995, 1, 46, '224000003'),
(996, 1, 47, '224000003'),
(997, 1, 48, '224000003'),
(998, 1, 49, '224000003'),
(999, 1, 50, '224000003'),
(1000, 1, 51, '224000003'),
(1001, 1, 52, '224000003'),
(1002, 1, 53, '224000003'),
(1003, 1, 54, '224000003'),
(1004, 1, 55, '224000003'),
(1005, 1, 56, '224000003'),
(1006, 1, 57, '224000003'),
(1007, 1, 58, '224000003'),
(1008, 1, 59, '224000003'),
(1009, 1, 60, '224000003'),
(1010, 1, 61, '224000003'),
(1011, 1, 62, '224000003'),
(1012, 1, 63, '224000003'),
(1013, 1, 64, '224000003'),
(1014, 1, 65, '224000003'),
(1015, 1, 66, '224000003'),
(1016, 1, 67, '224000003'),
(1017, 1, 68, '224000003'),
(1018, 1, 69, '224000003'),
(1019, 1, 70, '224000003'),
(1020, 1, 71, '224000003'),
(1021, 1, 72, '224000003'),
(1022, 1, 73, '224000003'),
(1023, 1, 74, '224000003'),
(1024, 1, 75, '224000003'),
(1025, 1, 76, '224000003'),
(1026, 1, 77, '224000003'),
(1027, 1, 78, '224000003'),
(1028, 1, 79, '224000003'),
(1029, 1, 80, '224000003'),
(1030, 1, 81, '224000003'),
(1031, 1, 82, '224000003'),
(1032, 1, 83, '224000003'),
(1033, 1, 84, '224000003'),
(1034, 1, 85, '224000003'),
(1035, 1, 86, '224000003'),
(1036, 1, 87, '224000003'),
(1037, 1, 88, '224000003'),
(1038, 1, 89, '224000003'),
(1039, 1, 90, '224000003'),
(1040, 1, 91, '224000003'),
(1041, 1, 92, '224000003'),
(1042, 1, 93, '224000003'),
(1043, 1, 94, '224000003'),
(1044, 1, 95, '224000003'),
(1045, 1, 96, '224000003'),
(1046, 1, 97, '224000003'),
(1047, 1, 98, '224000003'),
(1048, 1, 99, '224000003'),
(1049, 1, 100, '224000003'),
(1050, 1, 1, '224000004'),
(1051, 1, 2, '224000004'),
(1052, 1, 3, '224000004'),
(1053, 1, 4, '224000004'),
(1054, 1, 5, '224000004'),
(1055, 1, 6, '224000004'),
(1056, 1, 7, '224000004'),
(1057, 1, 8, '224000004'),
(1058, 1, 9, '224000004'),
(1059, 1, 10, '224000004'),
(1060, 1, 11, '224000004'),
(1061, 1, 12, '224000004'),
(1062, 1, 13, '224000004'),
(1063, 1, 14, '224000004'),
(1064, 1, 15, '224000004'),
(1065, 1, 16, '224000004'),
(1066, 1, 17, '224000004'),
(1067, 1, 18, '224000004'),
(1068, 1, 19, '224000004'),
(1069, 1, 20, '224000004'),
(1070, 1, 21, '224000004'),
(1071, 1, 22, '224000004'),
(1072, 1, 23, '224000004'),
(1073, 1, 24, '224000004'),
(1074, 1, 25, '224000004'),
(1075, 1, 26, '224000004'),
(1076, 1, 27, '224000004'),
(1077, 1, 28, '224000004'),
(1078, 1, 29, '224000004'),
(1079, 1, 30, '224000004'),
(1080, 1, 31, '224000004'),
(1081, 1, 32, '224000004'),
(1082, 1, 33, '224000004'),
(1083, 1, 34, '224000004'),
(1084, 1, 35, '224000004'),
(1085, 1, 36, '224000004'),
(1086, 1, 37, '224000004'),
(1087, 1, 38, '224000004'),
(1088, 1, 39, '224000004'),
(1089, 1, 40, '224000004'),
(1090, 1, 41, '224000004'),
(1091, 1, 42, '224000004'),
(1092, 1, 43, '224000004'),
(1093, 1, 44, '224000004'),
(1094, 1, 45, '224000004'),
(1095, 1, 46, '224000004'),
(1096, 1, 47, '224000004'),
(1097, 1, 48, '224000004'),
(1098, 1, 49, '224000004'),
(1099, 1, 50, '224000004'),
(1100, 1, 51, '224000004'),
(1101, 1, 52, '224000004'),
(1102, 1, 53, '224000004'),
(1103, 1, 54, '224000004'),
(1104, 1, 55, '224000004'),
(1105, 1, 56, '224000004'),
(1106, 1, 57, '224000004'),
(1107, 1, 58, '224000004'),
(1108, 1, 59, '224000004'),
(1109, 1, 60, '224000004'),
(1110, 1, 61, '224000004'),
(1111, 1, 62, '224000004'),
(1112, 1, 63, '224000004'),
(1113, 1, 64, '224000004'),
(1114, 1, 65, '224000004'),
(1115, 1, 66, '224000004'),
(1116, 1, 67, '224000004'),
(1117, 1, 68, '224000004'),
(1118, 1, 69, '224000004'),
(1119, 1, 70, '224000004'),
(1120, 1, 71, '224000004'),
(1121, 1, 72, '224000004'),
(1122, 1, 73, '224000004'),
(1123, 1, 74, '224000004'),
(1124, 1, 75, '224000004'),
(1125, 1, 76, '224000004'),
(1126, 1, 77, '224000004'),
(1127, 1, 78, '224000004'),
(1128, 1, 79, '224000004'),
(1129, 1, 80, '224000004'),
(1130, 1, 81, '224000004'),
(1131, 1, 82, '224000004'),
(1132, 1, 83, '224000004'),
(1133, 1, 84, '224000004'),
(1134, 1, 85, '224000004'),
(1135, 1, 86, '224000004'),
(1136, 1, 87, '224000004'),
(1137, 1, 88, '224000004'),
(1138, 1, 89, '224000004'),
(1139, 1, 90, '224000004'),
(1140, 1, 91, '224000004'),
(1141, 1, 92, '224000004'),
(1142, 1, 93, '224000004'),
(1143, 1, 94, '224000004'),
(1144, 1, 95, '224000004'),
(1145, 1, 96, '224000004'),
(1146, 1, 97, '224000004'),
(1147, 1, 98, '224000004'),
(1148, 1, 99, '224000004'),
(1149, 1, 100, '224000004'),
(1150, 1, 1, '224000005'),
(1151, 1, 2, '224000005'),
(1152, 1, 3, '224000005'),
(1153, 1, 4, '224000005'),
(1154, 1, 5, '224000005'),
(1155, 1, 6, '224000005'),
(1156, 1, 7, '224000005'),
(1157, 1, 8, '224000005'),
(1158, 1, 9, '224000005'),
(1159, 1, 10, '224000005'),
(1160, 1, 11, '224000005'),
(1161, 1, 12, '224000005'),
(1162, 1, 13, '224000005'),
(1163, 1, 14, '224000005'),
(1164, 1, 15, '224000005'),
(1165, 1, 16, '224000005'),
(1166, 1, 17, '224000005'),
(1167, 1, 18, '224000005'),
(1168, 1, 19, '224000005'),
(1169, 1, 20, '224000005'),
(1170, 1, 21, '224000005'),
(1171, 1, 22, '224000005'),
(1172, 1, 23, '224000005'),
(1173, 1, 24, '224000005'),
(1174, 1, 25, '224000005'),
(1175, 1, 26, '224000005'),
(1176, 1, 27, '224000005'),
(1177, 1, 28, '224000005'),
(1178, 1, 29, '224000005'),
(1179, 1, 30, '224000005'),
(1180, 1, 31, '224000005'),
(1181, 1, 32, '224000005'),
(1182, 1, 33, '224000005'),
(1183, 1, 34, '224000005'),
(1184, 1, 35, '224000005'),
(1185, 1, 36, '224000005'),
(1186, 1, 37, '224000005'),
(1187, 1, 38, '224000005'),
(1188, 1, 39, '224000005'),
(1189, 1, 40, '224000005'),
(1190, 1, 41, '224000005'),
(1191, 1, 42, '224000005'),
(1192, 1, 43, '224000005'),
(1193, 1, 44, '224000005'),
(1194, 1, 45, '224000005'),
(1195, 1, 46, '224000005'),
(1196, 1, 47, '224000005'),
(1197, 1, 48, '224000005'),
(1198, 1, 49, '224000005'),
(1199, 1, 50, '224000005'),
(1200, 1, 51, '224000005'),
(1201, 1, 52, '224000005'),
(1202, 1, 53, '224000005'),
(1203, 1, 54, '224000005'),
(1204, 1, 55, '224000005'),
(1205, 1, 56, '224000005'),
(1206, 1, 57, '224000005'),
(1207, 1, 58, '224000005'),
(1208, 1, 59, '224000005'),
(1209, 1, 60, '224000005'),
(1210, 1, 61, '224000005'),
(1211, 1, 62, '224000005'),
(1212, 1, 63, '224000005'),
(1213, 1, 64, '224000005'),
(1214, 1, 65, '224000005'),
(1215, 1, 66, '224000005'),
(1216, 1, 67, '224000005'),
(1217, 1, 68, '224000005'),
(1218, 1, 69, '224000005'),
(1219, 1, 70, '224000005'),
(1220, 1, 71, '224000005'),
(1221, 1, 72, '224000005'),
(1222, 1, 73, '224000005'),
(1223, 1, 74, '224000005'),
(1224, 1, 75, '224000005'),
(1225, 1, 76, '224000005'),
(1226, 1, 77, '224000005'),
(1227, 1, 78, '224000005'),
(1228, 1, 79, '224000005'),
(1229, 1, 80, '224000005'),
(1230, 1, 81, '224000005'),
(1231, 1, 82, '224000005'),
(1232, 1, 83, '224000005'),
(1233, 1, 84, '224000005'),
(1234, 1, 85, '224000005'),
(1235, 1, 86, '224000005'),
(1236, 1, 87, '224000005'),
(1237, 1, 88, '224000005'),
(1238, 1, 89, '224000005'),
(1239, 1, 90, '224000005'),
(1240, 1, 91, '224000005'),
(1241, 1, 92, '224000005'),
(1242, 1, 93, '224000005'),
(1243, 1, 94, '224000005'),
(1244, 1, 95, '224000005'),
(1245, 1, 96, '224000005'),
(1246, 1, 97, '224000005'),
(1247, 1, 98, '224000005'),
(1248, 1, 99, '224000005'),
(1249, 1, 100, '224000005'),
(1250, 1, 1, '224000006'),
(1251, 1, 2, '224000006'),
(1252, 1, 3, '224000006'),
(1253, 1, 4, '224000006'),
(1254, 1, 5, '224000006'),
(1255, 1, 6, '224000006'),
(1256, 1, 7, '224000006'),
(1257, 1, 8, '224000006'),
(1258, 1, 9, '224000006'),
(1259, 1, 10, '224000006'),
(1260, 1, 11, '224000006'),
(1261, 1, 12, '224000006'),
(1262, 1, 13, '224000006'),
(1263, 1, 14, '224000006'),
(1264, 1, 15, '224000006'),
(1265, 1, 16, '224000006'),
(1266, 1, 17, '224000006'),
(1267, 1, 18, '224000006'),
(1268, 1, 19, '224000006'),
(1269, 1, 20, '224000006'),
(1270, 1, 21, '224000006'),
(1271, 1, 22, '224000006'),
(1272, 1, 23, '224000006'),
(1273, 1, 24, '224000006'),
(1274, 1, 25, '224000006'),
(1275, 1, 26, '224000006'),
(1276, 1, 27, '224000006'),
(1277, 1, 28, '224000006'),
(1278, 1, 29, '224000006'),
(1279, 1, 30, '224000006'),
(1280, 1, 31, '224000006'),
(1281, 1, 32, '224000006'),
(1282, 1, 33, '224000006'),
(1283, 1, 34, '224000006'),
(1284, 1, 35, '224000006'),
(1285, 1, 36, '224000006'),
(1286, 1, 37, '224000006'),
(1287, 1, 38, '224000006'),
(1288, 1, 39, '224000006'),
(1289, 1, 40, '224000006'),
(1290, 1, 41, '224000006'),
(1291, 1, 42, '224000006'),
(1292, 1, 43, '224000006'),
(1293, 1, 44, '224000006'),
(1294, 1, 45, '224000006'),
(1295, 1, 46, '224000006'),
(1296, 1, 47, '224000006'),
(1297, 1, 48, '224000006'),
(1298, 1, 49, '224000006'),
(1299, 1, 50, '224000006'),
(1300, 1, 51, '224000006'),
(1301, 1, 52, '224000006'),
(1302, 1, 53, '224000006'),
(1303, 1, 54, '224000006'),
(1304, 1, 55, '224000006'),
(1305, 1, 56, '224000006'),
(1306, 1, 57, '224000006'),
(1307, 1, 58, '224000006'),
(1308, 1, 59, '224000006'),
(1309, 1, 60, '224000006'),
(1310, 1, 61, '224000006'),
(1311, 1, 62, '224000006'),
(1312, 1, 63, '224000006'),
(1313, 1, 64, '224000006'),
(1314, 1, 65, '224000006'),
(1315, 1, 66, '224000006'),
(1316, 1, 67, '224000006'),
(1317, 1, 68, '224000006'),
(1318, 1, 69, '224000006'),
(1319, 1, 70, '224000006'),
(1320, 1, 71, '224000006'),
(1321, 1, 72, '224000006'),
(1322, 1, 73, '224000006'),
(1323, 1, 74, '224000006'),
(1324, 1, 75, '224000006'),
(1325, 1, 76, '224000006'),
(1326, 1, 77, '224000006'),
(1327, 1, 78, '224000006'),
(1328, 1, 79, '224000006'),
(1329, 1, 80, '224000006'),
(1330, 1, 81, '224000006'),
(1331, 1, 82, '224000006'),
(1332, 1, 83, '224000006'),
(1333, 1, 84, '224000006'),
(1334, 1, 85, '224000006'),
(1335, 1, 86, '224000006'),
(1336, 1, 87, '224000006'),
(1337, 1, 88, '224000006'),
(1338, 1, 89, '224000006'),
(1339, 1, 90, '224000006'),
(1340, 1, 91, '224000006'),
(1341, 1, 92, '224000006'),
(1342, 1, 93, '224000006'),
(1343, 1, 94, '224000006'),
(1344, 1, 95, '224000006'),
(1345, 1, 96, '224000006'),
(1346, 1, 97, '224000006'),
(1347, 1, 98, '224000006'),
(1348, 1, 99, '224000006'),
(1349, 1, 100, '224000006'),
(1350, 1, 1, '12012025'),
(1351, 1, 2, '12012025'),
(1352, 1, 3, '12012025'),
(1353, 1, 4, '12012025'),
(1354, 1, 5, '12012025'),
(1355, 1, 6, '12012025'),
(1356, 1, 7, '12012025'),
(1357, 1, 8, '12012025'),
(1358, 1, 9, '12012025'),
(1359, 1, 10, '12012025'),
(1360, 1, 11, '12012025'),
(1361, 1, 12, '12012025'),
(1362, 1, 13, '12012025'),
(1363, 1, 14, '12012025'),
(1364, 1, 15, '12012025'),
(1365, 1, 16, '12012025'),
(1366, 1, 17, '12012025'),
(1367, 1, 18, '12012025'),
(1368, 1, 19, '12012025'),
(1369, 1, 20, '12012025'),
(1370, 1, 21, '12012025'),
(1371, 1, 22, '12012025'),
(1372, 1, 23, '12012025'),
(1373, 1, 24, '12012025'),
(1374, 1, 25, '12012025'),
(1375, 1, 26, '12012025'),
(1376, 1, 27, '12012025'),
(1377, 1, 28, '12012025'),
(1378, 1, 29, '12012025'),
(1379, 1, 30, '12012025'),
(1380, 1, 31, '12012025'),
(1381, 1, 32, '12012025'),
(1382, 1, 33, '12012025'),
(1383, 1, 34, '12012025'),
(1384, 1, 35, '12012025'),
(1385, 1, 36, '12012025'),
(1386, 1, 37, '12012025'),
(1387, 1, 38, '12012025'),
(1388, 1, 39, '12012025'),
(1389, 1, 40, '12012025'),
(1390, 1, 41, '12012025'),
(1391, 1, 42, '12012025'),
(1392, 1, 43, '12012025'),
(1393, 1, 44, '12012025'),
(1394, 1, 45, '12012025'),
(1395, 1, 46, '12012025'),
(1396, 1, 47, '12012025'),
(1397, 1, 48, '12012025'),
(1398, 1, 49, '12012025'),
(1399, 1, 50, '12012025'),
(1400, 1, 51, '12012025'),
(1401, 1, 52, '12012025'),
(1402, 1, 53, '12012025'),
(1403, 1, 54, '12012025'),
(1404, 1, 55, '12012025'),
(1405, 1, 56, '12012025'),
(1406, 1, 57, '12012025'),
(1407, 1, 58, '12012025'),
(1408, 1, 59, '12012025'),
(1409, 1, 60, '12012025'),
(1410, 1, 61, '12012025'),
(1411, 1, 62, '12012025'),
(1412, 1, 63, '12012025'),
(1413, 1, 64, '12012025'),
(1414, 1, 65, '12012025'),
(1415, 1, 66, '12012025'),
(1416, 1, 67, '12012025'),
(1417, 1, 68, '12012025'),
(1418, 1, 69, '12012025'),
(1419, 1, 70, '12012025'),
(1420, 1, 71, '12012025'),
(1421, 1, 72, '12012025'),
(1422, 1, 73, '12012025'),
(1423, 1, 74, '12012025'),
(1424, 1, 75, '12012025'),
(1425, 1, 76, '12012025'),
(1426, 1, 77, '12012025'),
(1427, 1, 78, '12012025'),
(1428, 1, 79, '12012025'),
(1429, 1, 80, '12012025'),
(1430, 1, 81, '12012025'),
(1431, 1, 82, '12012025'),
(1432, 1, 83, '12012025'),
(1433, 1, 84, '12012025'),
(1434, 1, 85, '12012025'),
(1435, 1, 86, '12012025'),
(1436, 1, 87, '12012025'),
(1437, 1, 88, '12012025'),
(1438, 1, 89, '12012025'),
(1439, 1, 90, '12012025'),
(1440, 1, 91, '12012025'),
(1441, 1, 92, '12012025'),
(1442, 1, 93, '12012025'),
(1443, 1, 94, '12012025'),
(1444, 1, 95, '12012025'),
(1445, 1, 96, '12012025'),
(1446, 1, 97, '12012025'),
(1447, 1, 98, '12012025'),
(1448, 1, 99, '12012025'),
(1449, 1, 100, '12012025'),
(1450, 1, 1, '224000007'),
(1451, 1, 2, '224000007'),
(1452, 1, 3, '224000007'),
(1453, 1, 4, '224000007'),
(1454, 1, 5, '224000007'),
(1455, 1, 6, '224000007'),
(1456, 1, 7, '224000007'),
(1457, 1, 8, '224000007'),
(1458, 1, 9, '224000007'),
(1459, 1, 10, '224000007'),
(1460, 1, 11, '224000007'),
(1461, 1, 12, '224000007'),
(1462, 1, 13, '224000007'),
(1463, 1, 14, '224000007'),
(1464, 1, 15, '224000007'),
(1465, 1, 16, '224000007'),
(1466, 1, 17, '224000007'),
(1467, 1, 18, '224000007'),
(1468, 1, 19, '224000007'),
(1469, 1, 20, '224000007'),
(1470, 1, 21, '224000007'),
(1471, 1, 22, '224000007'),
(1472, 1, 23, '224000007'),
(1473, 1, 24, '224000007'),
(1474, 1, 25, '224000007'),
(1475, 1, 26, '224000007'),
(1476, 1, 27, '224000007'),
(1477, 1, 28, '224000007'),
(1478, 1, 29, '224000007'),
(1479, 1, 30, '224000007'),
(1480, 1, 31, '224000007'),
(1481, 1, 32, '224000007'),
(1482, 1, 33, '224000007'),
(1483, 1, 34, '224000007'),
(1484, 1, 35, '224000007'),
(1485, 1, 36, '224000007'),
(1486, 1, 37, '224000007'),
(1487, 1, 38, '224000007'),
(1488, 1, 39, '224000007'),
(1489, 1, 40, '224000007'),
(1490, 1, 41, '224000007'),
(1491, 1, 42, '224000007'),
(1492, 1, 43, '224000007'),
(1493, 1, 44, '224000007'),
(1494, 1, 45, '224000007'),
(1495, 1, 46, '224000007'),
(1496, 1, 47, '224000007'),
(1497, 1, 48, '224000007'),
(1498, 1, 49, '224000007'),
(1499, 1, 50, '224000007'),
(1500, 1, 51, '224000007'),
(1501, 1, 52, '224000007'),
(1502, 1, 53, '224000007'),
(1503, 1, 54, '224000007'),
(1504, 1, 55, '224000007'),
(1505, 1, 56, '224000007'),
(1506, 1, 57, '224000007'),
(1507, 1, 58, '224000007'),
(1508, 1, 59, '224000007'),
(1509, 1, 60, '224000007'),
(1510, 1, 61, '224000007'),
(1511, 1, 62, '224000007'),
(1512, 1, 63, '224000007'),
(1513, 1, 64, '224000007'),
(1514, 1, 65, '224000007'),
(1515, 1, 66, '224000007'),
(1516, 1, 67, '224000007'),
(1517, 1, 68, '224000007'),
(1518, 1, 69, '224000007'),
(1519, 1, 70, '224000007'),
(1520, 1, 71, '224000007'),
(1521, 1, 72, '224000007'),
(1522, 1, 73, '224000007'),
(1523, 1, 74, '224000007'),
(1524, 1, 75, '224000007'),
(1525, 1, 76, '224000007'),
(1526, 1, 77, '224000007'),
(1527, 1, 78, '224000007'),
(1528, 1, 79, '224000007'),
(1529, 1, 80, '224000007'),
(1530, 1, 81, '224000007'),
(1531, 1, 82, '224000007'),
(1532, 1, 83, '224000007'),
(1533, 1, 84, '224000007'),
(1534, 1, 85, '224000007'),
(1535, 1, 86, '224000007'),
(1536, 1, 87, '224000007'),
(1537, 1, 88, '224000007'),
(1538, 1, 89, '224000007'),
(1539, 1, 90, '224000007'),
(1540, 1, 91, '224000007'),
(1541, 1, 92, '224000007'),
(1542, 1, 93, '224000007'),
(1543, 1, 94, '224000007'),
(1544, 1, 95, '224000007'),
(1545, 1, 96, '224000007'),
(1546, 1, 97, '224000007'),
(1547, 1, 98, '224000007'),
(1548, 1, 99, '224000007'),
(1549, 1, 100, '224000007'),
(1550, 1, 103, '224-06342M'),
(1551, 1, 106, '224000001'),
(1552, 1, 105, '224000001'),
(1553, 1, 104, '224000001'),
(1554, 1, 103, '224000001'),
(1555, 1, 102, '224000001'),
(1556, 1, 101, '224000001'),
(1557, 1, 106, '224000002'),
(1558, 1, 105, '224000002'),
(1559, 1, 104, '224000002'),
(1560, 1, 103, '224000002'),
(1561, 1, 102, '224000002'),
(1562, 1, 101, '224000002'),
(1563, 1, 106, '224000003'),
(1564, 1, 105, '224000003'),
(1565, 1, 104, '224000003'),
(1566, 1, 103, '224000003'),
(1567, 1, 102, '224000003'),
(1568, 1, 101, '224000003'),
(1569, 1, 106, '224000004'),
(1570, 1, 105, '224000004'),
(1571, 1, 104, '224000004'),
(1572, 1, 103, '224000004'),
(1573, 1, 102, '224000004'),
(1574, 1, 101, '224000004'),
(1575, 1, 106, '224000005'),
(1576, 1, 105, '224000005'),
(1577, 1, 104, '224000005'),
(1578, 1, 103, '224000005'),
(1579, 1, 102, '224000005'),
(1580, 1, 101, '224000005'),
(1581, 1, 101, '224000006'),
(1582, 1, 102, '224000006'),
(1583, 1, 103, '224000006'),
(1584, 1, 104, '224000006'),
(1585, 1, 105, '224000006'),
(1588, 1, 106, '22400001'),
(1589, 1, 106, '224000006'),
(1591, 1, 61, '224000001'),
(1592, 1, 106, '224-06342m'),
(1593, 1, 105, '224-06342m'),
(1594, 1, 104, '224-06342m'),
(1596, 1, 106, '224000007'),
(1597, 1, 105, '224000007'),
(1598, 1, 104, '224000007'),
(1599, 1, 103, '224000007'),
(1600, 1, 102, '224000007'),
(1601, 1, 101, '224000007'),
(1602, 1, 102, '224-06342M'),
(1603, 1, 1, '224-08543M'),
(1604, 1, 2, '224-08543M'),
(1605, 1, 3, '224-08543M'),
(1606, 1, 4, '224-08543M'),
(1607, 1, 5, '224-08543M'),
(1608, 1, 6, '224-08543M'),
(1609, 1, 7, '224-08543M'),
(1610, 1, 8, '224-08543M'),
(1611, 1, 9, '224-08543M'),
(1612, 1, 10, '224-08543M'),
(1613, 1, 11, '224-08543M'),
(1614, 1, 12, '224-08543M'),
(1615, 1, 13, '224-08543M'),
(1616, 1, 14, '224-08543M'),
(1617, 1, 15, '224-08543M'),
(1618, 1, 16, '224-08543M'),
(1619, 1, 17, '224-08543M'),
(1620, 1, 18, '224-08543M'),
(1621, 1, 19, '224-08543M'),
(1622, 1, 20, '224-08543M'),
(1623, 1, 21, '224-08543M'),
(1624, 1, 22, '224-08543M'),
(1625, 1, 23, '224-08543M'),
(1626, 1, 24, '224-08543M'),
(1627, 1, 25, '224-08543M'),
(1628, 1, 26, '224-08543M'),
(1629, 1, 27, '224-08543M'),
(1630, 1, 28, '224-08543M'),
(1631, 1, 29, '224-08543M'),
(1632, 1, 30, '224-08543M'),
(1633, 1, 31, '224-08543M'),
(1634, 1, 32, '224-08543M'),
(1635, 1, 33, '224-08543M'),
(1636, 1, 34, '224-08543M'),
(1637, 1, 35, '224-08543M'),
(1638, 1, 36, '224-08543M'),
(1639, 1, 37, '224-08543M'),
(1640, 1, 38, '224-08543M'),
(1641, 1, 39, '224-08543M'),
(1642, 1, 40, '224-08543M'),
(1643, 1, 41, '224-08543M'),
(1644, 1, 42, '224-08543M'),
(1645, 1, 43, '224-08543M'),
(1646, 1, 44, '224-08543M'),
(1647, 1, 45, '224-08543M'),
(1648, 1, 46, '224-08543M'),
(1649, 1, 47, '224-08543M'),
(1650, 1, 48, '224-08543M'),
(1651, 1, 49, '224-08543M'),
(1652, 1, 50, '224-08543M'),
(1653, 1, 51, '224-08543M'),
(1654, 1, 52, '224-08543M'),
(1655, 1, 53, '224-08543M'),
(1656, 1, 54, '224-08543M'),
(1657, 1, 55, '224-08543M'),
(1658, 1, 56, '224-08543M'),
(1659, 1, 57, '224-08543M'),
(1660, 1, 58, '224-08543M'),
(1661, 1, 59, '224-08543M'),
(1662, 1, 60, '224-08543M'),
(1663, 1, 61, '224-08543M'),
(1664, 1, 62, '224-08543M'),
(1665, 1, 63, '224-08543M'),
(1666, 1, 64, '224-08543M'),
(1667, 1, 65, '224-08543M'),
(1668, 1, 66, '224-08543M'),
(1669, 1, 67, '224-08543M'),
(1670, 1, 68, '224-08543M'),
(1671, 1, 69, '224-08543M'),
(1672, 1, 70, '224-08543M'),
(1673, 1, 71, '224-08543M'),
(1674, 1, 72, '224-08543M'),
(1675, 1, 73, '224-08543M'),
(1676, 1, 74, '224-08543M'),
(1677, 1, 75, '224-08543M'),
(1678, 1, 76, '224-08543M'),
(1679, 1, 77, '224-08543M'),
(1680, 1, 78, '224-08543M'),
(1681, 1, 79, '224-08543M'),
(1682, 1, 80, '224-08543M'),
(1683, 1, 81, '224-08543M'),
(1684, 1, 82, '224-08543M'),
(1685, 1, 83, '224-08543M'),
(1686, 1, 84, '224-08543M'),
(1687, 1, 85, '224-08543M'),
(1688, 1, 86, '224-08543M'),
(1689, 1, 87, '224-08543M'),
(1690, 1, 88, '224-08543M'),
(1691, 1, 89, '224-08543M'),
(1692, 1, 90, '224-08543M'),
(1693, 1, 91, '224-08543M'),
(1694, 1, 92, '224-08543M'),
(1695, 1, 93, '224-08543M'),
(1696, 1, 94, '224-08543M'),
(1697, 1, 95, '224-08543M'),
(1698, 1, 96, '224-08543M'),
(1699, 1, 97, '224-08543M'),
(1700, 1, 98, '224-08543M'),
(1701, 1, 99, '224-08543M'),
(1702, 1, 100, '224-08543M'),
(1703, 1, 106, '224-08543M'),
(1704, 1, 105, '224-08543M'),
(1705, 1, 104, '224-08543M'),
(1706, 1, 103, '224-08543M'),
(1707, 1, 102, '224-08543M'),
(1708, 1, 101, '224-08543M'),
(1709, 1, 80, '224-08543M'),
(1710, 1, 104, '224-08543M'),
(1711, 1, 38, '224-08543M'),
(1712, 1, 39, '224-08543M'),
(1713, 1, 40, '224-08543M'),
(1714, 1, 41, '224-08543M'),
(1715, 1, 42, '224-08543M'),
(1716, 1, 30, '224-08543M'),
(1717, 1, 56, '224-08543M'),
(1718, 1, 13, '224-08543M'),
(1719, 1, 50, '224-08543M'),
(1720, 1, 62, '224-08543M'),
(1721, 1, 96, '224-08543M'),
(1722, 1, 92, '224-08543M'),
(1723, 1, 59, '224-08543M'),
(1724, 1, 105, '224-08543M'),
(1725, 1, 15, '224-08543M'),
(1726, 1, 101, '224-08543M'),
(1727, 1, 80, '20251201'),
(1728, 1, 104, '20251201'),
(1729, 1, 38, '20251201'),
(1730, 1, 39, '20251201'),
(1731, 1, 40, '20251201'),
(1732, 1, 41, '20251201'),
(1733, 1, 42, '20251201'),
(1734, 1, 30, '20251201'),
(1735, 1, 56, '20251201'),
(1736, 1, 13, '20251201'),
(1737, 1, 50, '20251201'),
(1738, 1, 62, '20251201'),
(1739, 1, 96, '20251201'),
(1740, 1, 92, '20251201'),
(1741, 1, 59, '20251201'),
(1742, 1, 105, '20251201'),
(1743, 1, 15, '20251201'),
(1744, 1, 101, '20251201'),
(1745, 1, 106, '20251201'),
(1746, 1, 103, '20251201'),
(1747, 1, 102, '20251201'),
(1748, 1, 100, '20251201'),
(1749, 1, 99, '20251201'),
(1750, 1, 98, '20251201'),
(1751, 1, 85, '20251201'),
(1752, 1, 84, '20251201'),
(1753, 1, 97, '20251201'),
(1754, 1, 93, '20251201'),
(1755, 1, 94, '20251201'),
(1756, 1, 95, '20251201'),
(1757, 1, 81, '20251201'),
(1758, 1, 82, '20251201'),
(1759, 1, 83, '20251201'),
(1760, 1, 86, '20251201'),
(1761, 1, 87, '20251201'),
(1762, 1, 88, '20251201'),
(1763, 1, 89, '20251201'),
(1764, 1, 90, '20251201'),
(1765, 1, 91, '20251201'),
(1766, 1, 78, '20251201'),
(1767, 1, 79, '20251201'),
(1768, 1, 76, '20251201'),
(1769, 1, 77, '20251201'),
(1770, 1, 74, '20251201'),
(1771, 1, 75, '20251201'),
(1772, 1, 73, '20251201'),
(1773, 1, 72, '20251201'),
(1774, 1, 70, '20251201'),
(1775, 1, 71, '20251201'),
(1776, 1, 68, '20251201'),
(1777, 1, 69, '20251201'),
(1778, 1, 66, '20251201'),
(1779, 1, 67, '20251201'),
(1780, 1, 64, '20251201'),
(1781, 1, 65, '20251201'),
(1782, 1, 63, '20251201'),
(1783, 1, 60, '20251201'),
(1784, 1, 61, '20251201'),
(1785, 1, 58, '20251201'),
(1786, 1, 57, '20251201'),
(1787, 1, 54, '20251201'),
(1788, 1, 55, '20251201'),
(1789, 1, 52, '20251201'),
(1790, 1, 53, '20251201'),
(1791, 1, 51, '20251201'),
(1792, 1, 49, '20251201'),
(1793, 1, 47, '20251201'),
(1794, 1, 48, '20251201'),
(1795, 1, 45, '20251201'),
(1796, 1, 46, '20251201'),
(1797, 1, 43, '20251201'),
(1798, 1, 44, '20251201'),
(1799, 1, 37, '20251201'),
(1800, 1, 35, '20251201'),
(1801, 1, 36, '20251201'),
(1802, 1, 34, '20251201'),
(1803, 1, 33, '20251201'),
(1804, 1, 31, '20251201'),
(1805, 1, 32, '20251201'),
(1806, 1, 29, '20251201'),
(1807, 1, 27, '20251201'),
(1808, 1, 28, '20251201'),
(1809, 1, 26, '20251201'),
(1810, 1, 25, '20251201'),
(1811, 1, 24, '20251201'),
(1812, 1, 23, '20251201'),
(1813, 1, 22, '20251201'),
(1814, 1, 21, '20251201'),
(1815, 1, 20, '20251201'),
(1816, 1, 19, '20251201'),
(1817, 1, 18, '20251201'),
(1818, 1, 17, '20251201'),
(1819, 1, 16, '20251201'),
(1820, 1, 14, '20251201'),
(1821, 1, 12, '20251201'),
(1822, 1, 11, '20251201'),
(1823, 1, 10, '20251201'),
(1824, 1, 9, '20251201'),
(1825, 1, 8, '20251201'),
(1826, 1, 7, '20251201'),
(1827, 1, 6, '20251201'),
(1828, 1, 5, '20251201'),
(1829, 1, 4, '20251201'),
(1830, 1, 3, '20251201'),
(1831, 1, 1, '20251201'),
(1832, 1, 2, '20251201'),
(1833, 1, 1, '20251202'),
(1834, 1, 2, '20251202'),
(1835, 1, 3, '20251202'),
(1836, 1, 4, '20251202'),
(1837, 1, 5, '20251202'),
(1838, 1, 6, '20251202'),
(1839, 1, 7, '20251202'),
(1840, 1, 8, '20251202'),
(1841, 1, 9, '20251202'),
(1842, 1, 10, '20251202'),
(1843, 1, 11, '20251202'),
(1844, 1, 12, '20251202'),
(1845, 1, 13, '20251202'),
(1846, 1, 14, '20251202'),
(1847, 1, 15, '20251202'),
(1848, 1, 16, '20251202'),
(1849, 1, 17, '20251202'),
(1850, 1, 18, '20251202'),
(1851, 1, 19, '20251202'),
(1852, 1, 20, '20251202'),
(1853, 1, 21, '20251202'),
(1854, 1, 22, '20251202'),
(1855, 1, 23, '20251202'),
(1856, 1, 24, '20251202'),
(1857, 1, 25, '20251202'),
(1858, 1, 26, '20251202'),
(1859, 1, 27, '20251202'),
(1860, 1, 28, '20251202'),
(1861, 1, 29, '20251202'),
(1862, 1, 30, '20251202'),
(1863, 1, 31, '20251202'),
(1864, 1, 32, '20251202'),
(1865, 1, 33, '20251202'),
(1866, 1, 34, '20251202'),
(1867, 1, 35, '20251202'),
(1868, 1, 36, '20251202'),
(1869, 1, 37, '20251202'),
(1870, 1, 38, '20251202'),
(1871, 1, 39, '20251202'),
(1872, 1, 40, '20251202'),
(1873, 1, 41, '20251202'),
(1874, 1, 42, '20251202'),
(1875, 1, 43, '20251202'),
(1876, 1, 44, '20251202'),
(1877, 1, 45, '20251202'),
(1878, 1, 46, '20251202'),
(1879, 1, 47, '20251202'),
(1880, 1, 48, '20251202'),
(1881, 1, 49, '20251202'),
(1882, 1, 50, '20251202'),
(1883, 1, 51, '20251202'),
(1884, 1, 52, '20251202'),
(1885, 1, 53, '20251202'),
(1886, 1, 54, '20251202'),
(1887, 1, 55, '20251202'),
(1888, 1, 56, '20251202'),
(1889, 1, 57, '20251202'),
(1890, 1, 58, '20251202'),
(1891, 1, 59, '20251202'),
(1892, 1, 60, '20251202'),
(1893, 1, 61, '20251202'),
(1894, 1, 62, '20251202'),
(1895, 1, 63, '20251202'),
(1896, 1, 64, '20251202'),
(1897, 1, 65, '20251202'),
(1898, 1, 66, '20251202'),
(1899, 1, 67, '20251202'),
(1900, 1, 68, '20251202'),
(1901, 1, 69, '20251202'),
(1902, 1, 70, '20251202'),
(1903, 1, 71, '20251202'),
(1904, 1, 72, '20251202'),
(1905, 1, 73, '20251202'),
(1906, 1, 74, '20251202'),
(1907, 1, 75, '20251202'),
(1908, 1, 76, '20251202'),
(1909, 1, 77, '20251202'),
(1910, 1, 78, '20251202'),
(1911, 1, 79, '20251202'),
(1912, 1, 80, '20251202'),
(1913, 1, 81, '20251202'),
(1914, 1, 82, '20251202'),
(1915, 1, 83, '20251202'),
(1916, 1, 84, '20251202'),
(1917, 1, 85, '20251202'),
(1918, 1, 86, '20251202'),
(1919, 1, 87, '20251202'),
(1920, 1, 88, '20251202'),
(1921, 1, 89, '20251202'),
(1922, 1, 90, '20251202'),
(1923, 1, 91, '20251202'),
(1924, 1, 92, '20251202'),
(1925, 1, 93, '20251202'),
(1926, 1, 94, '20251202'),
(1927, 1, 95, '20251202'),
(1928, 1, 96, '20251202'),
(1929, 1, 97, '20251202'),
(1930, 1, 98, '20251202'),
(1931, 1, 99, '20251202'),
(1932, 1, 100, '20251202'),
(1933, 1, 106, '20251202'),
(1934, 1, 105, '20251202'),
(1935, 1, 104, '20251202'),
(1936, 1, 103, '20251202'),
(1937, 1, 102, '20251202'),
(1938, 1, 1, '20251203'),
(1939, 1, 2, '20251203'),
(1940, 1, 3, '20251203'),
(1941, 1, 4, '20251203'),
(1942, 1, 5, '20251203'),
(1943, 1, 6, '20251203'),
(1944, 1, 7, '20251203'),
(1945, 1, 8, '20251203'),
(1946, 1, 9, '20251203'),
(1947, 1, 10, '20251203'),
(1948, 1, 11, '20251203'),
(1949, 1, 12, '20251203'),
(1950, 1, 13, '20251203'),
(1951, 1, 14, '20251203'),
(1952, 1, 15, '20251203'),
(1953, 1, 16, '20251203'),
(1954, 1, 17, '20251203'),
(1955, 1, 18, '20251203'),
(1956, 1, 19, '20251203'),
(1957, 1, 20, '20251203'),
(1958, 1, 21, '20251203'),
(1959, 1, 22, '20251203'),
(1960, 1, 23, '20251203'),
(1961, 1, 24, '20251203'),
(1962, 1, 25, '20251203'),
(1963, 1, 26, '20251203'),
(1964, 1, 27, '20251203'),
(1965, 1, 28, '20251203'),
(1966, 1, 29, '20251203'),
(1967, 1, 30, '20251203'),
(1968, 1, 31, '20251203'),
(1969, 1, 32, '20251203'),
(1970, 1, 33, '20251203'),
(1971, 1, 34, '20251203'),
(1972, 1, 35, '20251203'),
(1973, 1, 36, '20251203'),
(1974, 1, 37, '20251203'),
(1975, 1, 38, '20251203'),
(1976, 1, 39, '20251203'),
(1977, 1, 40, '20251203'),
(1978, 1, 41, '20251203'),
(1979, 1, 42, '20251203'),
(1980, 1, 43, '20251203'),
(1981, 1, 44, '20251203'),
(1982, 1, 45, '20251203'),
(1983, 1, 46, '20251203'),
(1984, 1, 47, '20251203'),
(1985, 1, 48, '20251203'),
(1986, 1, 49, '20251203'),
(1987, 1, 50, '20251203'),
(1988, 1, 51, '20251203'),
(1989, 1, 52, '20251203'),
(1990, 1, 53, '20251203'),
(1991, 1, 54, '20251203'),
(1992, 1, 55, '20251203'),
(1993, 1, 56, '20251203'),
(1994, 1, 57, '20251203'),
(1995, 1, 58, '20251203'),
(1996, 1, 59, '20251203'),
(1997, 1, 60, '20251203'),
(1998, 1, 61, '20251203'),
(1999, 1, 62, '20251203'),
(2000, 1, 63, '20251203'),
(2001, 1, 64, '20251203'),
(2002, 1, 65, '20251203'),
(2003, 1, 66, '20251203'),
(2004, 1, 67, '20251203'),
(2005, 1, 68, '20251203'),
(2006, 1, 69, '20251203'),
(2007, 1, 70, '20251203'),
(2008, 1, 71, '20251203'),
(2009, 1, 72, '20251203'),
(2010, 1, 73, '20251203'),
(2011, 1, 74, '20251203'),
(2012, 1, 75, '20251203'),
(2013, 1, 76, '20251203'),
(2014, 1, 77, '20251203'),
(2015, 1, 78, '20251203'),
(2016, 1, 79, '20251203'),
(2017, 1, 80, '20251203'),
(2018, 1, 81, '20251203'),
(2019, 1, 82, '20251203'),
(2020, 1, 83, '20251203'),
(2021, 1, 84, '20251203'),
(2022, 1, 85, '20251203'),
(2023, 1, 86, '20251203'),
(2024, 1, 87, '20251203'),
(2025, 1, 88, '20251203'),
(2026, 1, 89, '20251203'),
(2027, 1, 90, '20251203'),
(2028, 1, 91, '20251203'),
(2029, 1, 92, '20251203'),
(2030, 1, 93, '20251203'),
(2031, 1, 94, '20251203'),
(2032, 1, 95, '20251203'),
(2033, 1, 96, '20251203'),
(2034, 1, 97, '20251203'),
(2035, 1, 98, '20251203'),
(2036, 1, 99, '20251203'),
(2037, 1, 100, '20251203'),
(2038, 1, 106, '20251203'),
(2039, 1, 105, '20251203'),
(2040, 1, 104, '20251203'),
(2041, 1, 103, '20251203'),
(2042, 1, 102, '20251203'),
(2043, 1, 101, '20251203'),
(2044, 1, 1, '224-08543M'),
(2045, 1, 2, '224-08543M'),
(2046, 1, 3, '224-08543M'),
(2047, 1, 4, '224-08543M'),
(2048, 1, 5, '224-08543M'),
(2049, 1, 6, '224-08543M'),
(2050, 1, 7, '224-08543M'),
(2051, 1, 8, '224-08543M'),
(2052, 1, 9, '224-08543M'),
(2053, 1, 10, '224-08543M'),
(2054, 1, 11, '224-08543M'),
(2055, 1, 12, '224-08543M'),
(2056, 1, 13, '224-08543M'),
(2057, 1, 14, '224-08543M'),
(2058, 1, 15, '224-08543M'),
(2059, 1, 16, '224-08543M'),
(2060, 1, 17, '224-08543M'),
(2061, 1, 18, '224-08543M'),
(2062, 1, 19, '224-08543M'),
(2063, 1, 20, '224-08543M'),
(2064, 1, 21, '224-08543M'),
(2065, 1, 22, '224-08543M'),
(2066, 1, 23, '224-08543M'),
(2067, 1, 24, '224-08543M'),
(2068, 1, 25, '224-08543M'),
(2069, 1, 26, '224-08543M'),
(2070, 1, 27, '224-08543M'),
(2071, 1, 28, '224-08543M'),
(2072, 1, 29, '224-08543M'),
(2073, 1, 30, '224-08543M'),
(2074, 1, 31, '224-08543M'),
(2075, 1, 32, '224-08543M'),
(2076, 1, 33, '224-08543M'),
(2077, 1, 34, '224-08543M'),
(2078, 1, 35, '224-08543M'),
(2079, 1, 36, '224-08543M'),
(2080, 1, 37, '224-08543M'),
(2081, 1, 38, '224-08543M'),
(2082, 1, 39, '224-08543M'),
(2083, 1, 40, '224-08543M'),
(2084, 1, 41, '224-08543M'),
(2085, 1, 42, '224-08543M'),
(2086, 1, 43, '224-08543M'),
(2087, 1, 44, '224-08543M'),
(2088, 1, 45, '224-08543M'),
(2089, 1, 46, '224-08543M'),
(2090, 1, 47, '224-08543M'),
(2091, 1, 48, '224-08543M'),
(2092, 1, 49, '224-08543M'),
(2093, 1, 50, '224-08543M'),
(2094, 1, 51, '224-08543M'),
(2095, 1, 52, '224-08543M'),
(2096, 1, 53, '224-08543M'),
(2097, 1, 54, '224-08543M'),
(2098, 1, 55, '224-08543M'),
(2099, 1, 56, '224-08543M'),
(2100, 1, 57, '224-08543M'),
(2101, 1, 58, '224-08543M'),
(2102, 1, 59, '224-08543M'),
(2103, 1, 60, '224-08543M'),
(2104, 1, 61, '224-08543M'),
(2105, 1, 62, '224-08543M'),
(2106, 1, 63, '224-08543M'),
(2107, 1, 64, '224-08543M'),
(2108, 1, 65, '224-08543M'),
(2109, 1, 66, '224-08543M'),
(2110, 1, 67, '224-08543M'),
(2111, 1, 68, '224-08543M'),
(2112, 1, 69, '224-08543M'),
(2113, 1, 70, '224-08543M'),
(2114, 1, 71, '224-08543M'),
(2115, 1, 72, '224-08543M'),
(2116, 1, 73, '224-08543M'),
(2117, 1, 74, '224-08543M'),
(2118, 1, 75, '224-08543M'),
(2119, 1, 76, '224-08543M'),
(2120, 1, 77, '224-08543M'),
(2121, 1, 78, '224-08543M'),
(2122, 1, 79, '224-08543M'),
(2123, 1, 80, '224-08543M'),
(2124, 1, 81, '224-08543M'),
(2125, 1, 82, '224-08543M'),
(2126, 1, 83, '224-08543M'),
(2127, 1, 84, '224-08543M'),
(2128, 1, 85, '224-08543M'),
(2129, 1, 86, '224-08543M'),
(2130, 1, 87, '224-08543M'),
(2131, 1, 88, '224-08543M'),
(2132, 1, 89, '224-08543M'),
(2133, 1, 90, '224-08543M'),
(2134, 1, 91, '224-08543M'),
(2135, 1, 92, '224-08543M'),
(2136, 1, 93, '224-08543M'),
(2137, 1, 94, '224-08543M'),
(2138, 1, 95, '224-08543M'),
(2139, 1, 96, '224-08543M'),
(2140, 1, 97, '224-08543M'),
(2141, 1, 98, '224-08543M'),
(2142, 1, 99, '224-08543M'),
(2143, 1, 100, '224-08543M'),
(2144, 1, 107, '224-08543M'),
(2145, 1, 1, '2025041201'),
(2146, 1, 2, '2025041201'),
(2147, 1, 3, '2025041201'),
(2148, 1, 4, '2025041201'),
(2149, 1, 5, '2025041201'),
(2150, 1, 6, '2025041201'),
(2151, 1, 7, '2025041201'),
(2152, 1, 8, '2025041201'),
(2153, 1, 9, '2025041201'),
(2154, 1, 10, '2025041201'),
(2155, 1, 11, '2025041201'),
(2156, 1, 12, '2025041201'),
(2157, 1, 13, '2025041201'),
(2158, 1, 14, '2025041201'),
(2159, 1, 15, '2025041201'),
(2160, 1, 16, '2025041201'),
(2161, 1, 17, '2025041201'),
(2162, 1, 18, '2025041201'),
(2163, 1, 19, '2025041201'),
(2164, 1, 20, '2025041201'),
(2165, 1, 21, '2025041201'),
(2166, 1, 22, '2025041201'),
(2167, 1, 23, '2025041201'),
(2168, 1, 24, '2025041201'),
(2169, 1, 25, '2025041201'),
(2170, 1, 26, '2025041201'),
(2171, 1, 27, '2025041201'),
(2172, 1, 28, '2025041201'),
(2173, 1, 29, '2025041201'),
(2174, 1, 30, '2025041201'),
(2175, 1, 31, '2025041201'),
(2176, 1, 32, '2025041201'),
(2177, 1, 33, '2025041201'),
(2178, 1, 34, '2025041201'),
(2179, 1, 35, '2025041201'),
(2180, 1, 36, '2025041201'),
(2181, 1, 37, '2025041201'),
(2182, 1, 38, '2025041201'),
(2183, 1, 39, '2025041201'),
(2184, 1, 40, '2025041201'),
(2185, 1, 41, '2025041201'),
(2186, 1, 42, '2025041201'),
(2187, 1, 43, '2025041201'),
(2188, 1, 44, '2025041201'),
(2189, 1, 45, '2025041201'),
(2190, 1, 46, '2025041201'),
(2191, 1, 47, '2025041201'),
(2192, 1, 48, '2025041201'),
(2193, 1, 49, '2025041201'),
(2194, 1, 50, '2025041201'),
(2195, 1, 51, '2025041201'),
(2196, 1, 52, '2025041201'),
(2197, 1, 53, '2025041201'),
(2198, 1, 54, '2025041201'),
(2199, 1, 55, '2025041201'),
(2200, 1, 56, '2025041201'),
(2201, 1, 57, '2025041201'),
(2202, 1, 58, '2025041201'),
(2203, 1, 59, '2025041201'),
(2204, 1, 60, '2025041201'),
(2205, 1, 61, '2025041201'),
(2206, 1, 62, '2025041201'),
(2207, 1, 63, '2025041201'),
(2208, 1, 64, '2025041201'),
(2209, 1, 65, '2025041201'),
(2210, 1, 66, '2025041201'),
(2211, 1, 67, '2025041201'),
(2212, 1, 68, '2025041201'),
(2213, 1, 69, '2025041201'),
(2214, 1, 70, '2025041201'),
(2215, 1, 71, '2025041201'),
(2216, 1, 72, '2025041201'),
(2217, 1, 73, '2025041201'),
(2218, 1, 74, '2025041201'),
(2219, 1, 75, '2025041201'),
(2220, 1, 76, '2025041201'),
(2221, 1, 77, '2025041201'),
(2222, 1, 78, '2025041201'),
(2223, 1, 79, '2025041201'),
(2224, 1, 80, '2025041201'),
(2225, 1, 81, '2025041201'),
(2226, 1, 82, '2025041201'),
(2227, 1, 83, '2025041201'),
(2228, 1, 84, '2025041201'),
(2229, 1, 85, '2025041201'),
(2230, 1, 86, '2025041201'),
(2231, 1, 87, '2025041201'),
(2232, 1, 88, '2025041201'),
(2233, 1, 89, '2025041201'),
(2234, 1, 90, '2025041201'),
(2235, 1, 91, '2025041201'),
(2236, 1, 92, '2025041201'),
(2237, 1, 93, '2025041201'),
(2238, 1, 94, '2025041201'),
(2239, 1, 95, '2025041201'),
(2240, 1, 96, '2025041201'),
(2241, 1, 97, '2025041201'),
(2242, 1, 98, '2025041201'),
(2243, 1, 99, '2025041201'),
(2244, 1, 100, '2025041201'),
(2265, 1, 102, '202402123'),
(2266, 1, 94, '202402123'),
(2267, 1, 96, '202402123'),
(2268, 1, 73, '202402123'),
(2269, 1, 6, '202402123'),
(2270, 1, 10, '202402123'),
(2271, 1, 12, '202402123'),
(2272, 1, 17, '202402123'),
(2273, 1, 36, '202402123'),
(2274, 1, 37, '202402123'),
(2275, 1, 43, '202402123'),
(2276, 1, 44, '202402123'),
(2277, 1, 45, '202402123'),
(2278, 1, 46, '202402123'),
(2279, 1, 47, '202402123'),
(2280, 1, 49, '202402123'),
(2281, 1, 60, '202402123'),
(2282, 1, 92, '202402123'),
(2283, 1, 108, '202402123'),
(2284, 1, 109, '224-06342M'),
(2285, 1, 108, '224-06342M'),
(2286, 1, 107, '224-06342M'),
(2289, 1, 110, '224-06342M'),
(2290, 1, 112, '224-06342M'),
(2291, 1, 111, '224-06342M'),
(2292, 1, 113, '224-06342M'),
(2293, 1, 114, '224-06342M'),
(2294, 1, 115, '224-06342M'),
(2296, 1, 116, '224-06342M'),
(2297, 1, 117, '224-06342M'),
(2298, 1, 116, '224-06342M'),
(2299, 1, 117, '224-06342M'),
(2300, 1, 118, '224-06342M'),
(2302, 1, 119, '224-06342M'),
(2303, 1, 120, '224-06342M');

-- --------------------------------------------------------

--
-- Table structure for table `page_table`
--

CREATE TABLE `page_table` (
  `id` int(11) NOT NULL,
  `page_description` varchar(255) NOT NULL,
  `page_group` varchar(255) NOT NULL,
  `created_at` timestamp NOT NULL DEFAULT current_timestamp()
) ENGINE=InnoDB DEFAULT CHARSET=utf8mb4 COLLATE=utf8mb4_general_ci;

--
-- Dumping data for table `page_table`
--

INSERT INTO `page_table` (`id`, `page_description`, `page_group`, `created_at`) VALUES
(1, 'Admin Dashboard - Personal Information', 'registrar', '2025-10-22 22:27:49'),
(2, 'Admin Dashboard - Family Background', 'registrar', '2025-10-22 22:26:47'),
(3, 'Admin Dashboard - Educational Attainment', 'registrar', '2025-10-22 22:31:17'),
(4, 'Admin Dashboard - Health Medical ', 'registrar', '2025-10-22 22:36:22'),
(5, 'Admin Dashboard - Other Information', 'registrar', '2025-10-22 22:38:11'),
(6, 'Applicant List', 'registrar', '2025-10-22 22:40:12'),
(7, 'Applicant List Admin', 'registrar', '2025-10-22 22:40:24'),
(8, 'Applicant Scoring', 'registrar', '2025-10-22 22:40:47'),
(9, 'Assign Entrance Exam', 'registrar', '2025-10-22 22:40:59'),
(10, 'Assign Qualifying / Interview Exam', 'registrar', '2025-10-22 22:41:15'),
(11, 'Assign Schedule to Applicants', 'registrar', '2025-10-22 22:41:27'),
(12, 'Assign Schedule to Applicants Qualifying / Interviewer', 'registrar', '2025-10-22 22:41:56'),
(13, 'COR for registrar', 'registrar', '2025-10-22 22:42:09'),
(14, 'Change Year Grad Period', 'registrar', '2025-10-22 22:42:26'),
(15, 'Class Roster', 'registrar', '2025-10-22 22:42:40'),
(16, 'Course Panel', 'registrar', '2025-10-22 22:42:50'),
(17, 'Course Tagging', 'registrar', '2025-10-22 22:42:59'),
(18, 'Curriculum Panel', 'registrar', '2025-10-22 22:43:10'),
(19, 'Dental Assessment', 'registrar', '2025-10-22 22:43:23'),
(20, 'Department Section', 'registrar', '2025-10-22 22:43:40'),
(21, 'Department Registration', 'registrar', '2025-10-22 22:44:12'),
(22, 'Department Room', 'registrar', '2025-10-22 22:44:20'),
(23, 'Evaluation CRUD', 'registrar', '2025-10-22 22:44:34'),
(24, 'Medical Applicant List', 'registrar', '2025-10-22 22:45:07'),
(25, 'Medical Dashboard - Personal Information', 'registrar', '2025-10-22 22:45:19'),
(26, 'Medical Dashboard - Family Background', 'registrar', '2025-10-22 22:45:52'),
(27, 'Medical Dashboard - Educational Attainment', 'registrar', '2025-10-29 17:02:49'),
(28, 'Medical Dashboard - Health Medical Records', 'registrar', '2025-10-29 17:02:49'),
(29, 'Medical Dashboard - Other Information', 'registrar', '2025-10-29 17:03:31'),
(30, 'Medical Requirements', 'registrar\r\n', '2025-10-29 17:03:31'),
(31, 'Medical Requirements Form', 'registrar', '2025-10-29 17:06:17'),
(32, 'Physical Neuro Exam', 'registrar', '2025-10-29 17:06:17'),
(33, 'Proctor Applicant List', 'registrar', '2025-10-29 17:07:04'),
(34, 'Program Panel', 'registrar', '2025-10-29 17:07:52'),
(35, 'Program Tagging', 'registrar', '2025-10-30 02:41:57'),
(36, 'Qualifying / Interviewer Applicant List', 'registrar', '2025-10-30 02:41:57'),
(37, 'Qualifying / Interview Exam Score', 'registrar', '2025-10-30 02:45:06'),
(38, 'Readmission - Personal Information', 'registrar', '2025-10-30 02:45:06'),
(39, 'Readmission - Family Background', 'registrar', '2025-10-30 02:47:15'),
(40, 'Readmission - Educational Attainment', 'registrar', '2025-10-30 02:47:15'),
(41, 'Readmission - Health Medical Records', 'registrar', '2025-10-30 02:50:27'),
(42, 'Readmission - Other Information', 'registrar', '2025-10-30 02:50:27'),
(43, 'Registrar Dashboard - Personal Information', 'registrar', '2025-10-30 03:01:02'),
(44, 'Registrar Dashboard - Family Background', 'registrar', '2025-10-30 03:01:02'),
(45, 'Registrar Dashboard - Educational Attainment', 'registrar', '2025-10-30 03:04:20'),
(46, 'Registrar Dashboard - Health Medical Records', 'registrar', '2025-10-30 03:04:20'),
(47, 'Registrar Dashboard - Other Information', 'registrar', '2025-10-30 03:05:29'),
(48, 'Registrar Examination Profile', 'registrar', '2025-10-30 03:05:29'),
(49, 'Registrar Requirements', 'registrar', '2025-10-30 03:08:03'),
(50, 'Report of Grades', 'registrar', '2025-10-30 03:08:37'),
(51, 'Requirements Form', 'registrar', '2025-10-30 03:08:37'),
(52, 'Room Registration', 'registrar', '2025-10-30 03:09:37'),
(53, 'Schedule Checker', 'registrar', '2025-10-30 03:09:37'),
(54, 'School Year Activator Panel', 'registrar', '2025-10-30 03:11:09'),
(55, 'School Year Panel', 'registrar', '2025-10-30 03:11:09'),
(56, 'Search Certificate of Registration', 'registrar', '2025-10-30 03:12:02'),
(57, 'Section Panel', 'registrar', '2025-10-30 03:12:02'),
(58, 'Semester Panel', 'registrar', '2025-10-30 03:15:35'),
(59, 'Student Numbering', 'registrar', '2025-10-30 03:15:35'),
(60, 'Student Numbering For College', 'registrar', '2025-10-30 03:16:37'),
(61, 'Student Requirements', 'registrar', '2025-10-30 03:16:37'),
(62, 'Transcript of Records', 'registrar', '2025-10-30 03:17:11'),
(63, 'Year Level Panel', 'registrar', '2025-10-30 03:17:11'),
(64, 'Year Panel', 'registrar', '2025-10-30 03:17:59'),
(65, 'Year Update Panel', 'registrar', '2025-10-30 03:17:59'),
(66, 'Announcement', 'registrar', '2025-10-30 06:14:02'),
(67, 'Email Template Manager', 'registrar', '2025-10-30 06:14:02'),
(68, 'Notifications', 'registrar', '2025-10-30 06:18:19'),
(69, 'User Page Access / Page CRUD ', 'registrar', '2025-10-30 06:18:19'),
(70, 'Register Professor', 'registrar', '2025-10-30 06:29:24'),
(71, 'Register Registrar', 'registrar', '2025-10-30 06:29:24'),
(72, 'Register Student', 'registrar', '2025-10-30 06:49:59'),
(73, 'Registrar Reset Password', 'registrar', '2025-10-30 06:50:05'),
(74, 'Settings', 'registrar', '2025-10-30 06:50:08'),
(75, 'Super Admin Applicant - Personal Information', 'registrar', '2025-10-30 06:50:08'),
(76, 'Super Admin Applicant - Family Background', 'registrar', '2025-10-30 06:51:24'),
(77, 'Super Admin Applicant - Educational Attainment', 'registrar', '2025-10-30 06:51:24'),
(78, 'Super Admin Applicant - Health Medical Records', 'registrar', '2025-10-30 07:01:08'),
(79, 'Super Admin Applicant - Other Information', 'registrar', '2025-10-30 07:01:08'),
(80, 'Super Admin Applicant List', 'registrar', '2025-10-30 07:21:27'),
(81, 'Super Admin Applicant Reset Password', 'registrar', '2025-10-30 07:21:27'),
(82, 'Super Admin Faculty Reset Password', 'registrar', '2025-10-30 07:21:27'),
(83, 'Super Admin Registrar Reset Password', 'registrar', '2025-10-30 07:21:27'),
(84, 'Super Admin Requirements Uploader', 'registrar', '2025-11-12 05:46:53'),
(85, 'Super Admin Room Registration', 'registrar', '2025-11-12 06:23:52'),
(86, 'Super Admin Student - Personal Information', 'registrar', '2025-10-30 07:21:27'),
(87, 'Super Admin Student - Family Background', 'registrar', '2025-10-30 07:21:27'),
(88, 'Super Admin Student - Educational Attainment', 'registrar', '2025-10-30 07:21:27'),
(89, 'Super Admin Student - Health Medical Records', 'registrar', '2025-10-30 07:21:27'),
(90, 'Super Admin Student - Other Information', 'registrar', '2025-10-30 07:21:27'),
(91, 'Super Admin Student Reset Password', 'registrar', '2025-10-30 07:21:27'),
(92, 'Admission Management', 'registrar', '2025-10-30 07:28:46'),
(93, 'Course Management', 'registrar', '2025-10-30 07:28:46'),
(94, 'Department Management', 'registrar', '2025-10-30 07:28:46'),
(95, 'System Management', 'registrar', '2025-10-30 07:28:46'),
(96, 'Account Dashboard', 'registrar', '2025-10-30 07:28:46'),
(97, 'History Logs', 'registrar', '2025-10-30 08:01:18'),
(98, 'Announcement For Admission', 'registrar', '2025-11-13 18:47:26'),
(99, 'TOSF CRUD', 'registrar', '2025-11-16 05:14:07'),
(100, 'Program Evaluation', 'registrar', '2025-11-17 15:37:48'),
(101, 'Registrar Dashboard', 'registrar', '2025-11-26 15:28:55'),
(102, 'Enrollment Officer Dashboard', 'registrar', '2025-11-26 15:29:14'),
(103, 'Admission Officer Dashboard', 'registrar', '2025-11-26 15:29:38'),
(104, 'Student List', 'registrar', '2025-11-26 15:30:57'),
(105, 'Grading Evaluation For Registrar', 'registrar', '2025-11-26 15:45:04'),
(106, 'Submitted Documents', 'registrar', '2025-11-26 15:58:05'),
(107, 'Department Curriculum Panel', 'registrar', '2025-12-03 10:17:30'),
(108, 'College Schedule Plotting', 'registrar', '2026-01-06 11:28:48'),
(109, 'Super Admin Professor Education ', 'registrar', '2026-01-10 04:28:47'),
(110, 'Program Slot Limit', 'registrar', '2026-01-13 06:38:32'),
(111, 'Program Tagging Payment', 'registrar', '2026-01-22 00:10:28'),
(112, 'Course Panel Prerequisite', 'registrar', '2026-01-22 00:10:46'),
(113, 'Program Unit', 'registrar', '2026-01-23 07:41:04'),
(114, 'Migration Data Panel', 'registrar', '2026-01-29 06:44:12'),
(115, 'Verify Document Schedule', 'registrar', '2026-02-05 17:50:16'),
(116, 'Payment Exporting Module', 'registrar', '2026-02-05 18:12:16'),
(117, 'COR Exporting Module', 'registrar', '2026-02-05 18:13:44'),
(118, 'Assign Verify Document Schedule', 'registrar', '2026-02-06 17:25:08'),
(119, 'Evaluator Schedule Management', 'registrar', '2026-02-08 17:27:31'),
(120, 'Evaluator Schedule', 'registrar', '2026-02-08 17:27:31');

-- --------------------------------------------------------

--
-- Table structure for table `period_status`
--

CREATE TABLE `period_status` (
  `id` int(11) NOT NULL,
  `description` varchar(255) NOT NULL,
  `status` int(11) NOT NULL DEFAULT 0
) ENGINE=InnoDB DEFAULT CHARSET=utf8mb4 COLLATE=utf8mb4_general_ci;

--
-- Dumping data for table `period_status`
--

INSERT INTO `period_status` (`id`, `description`, `status`) VALUES
(1, 'Midterm', 0),
(2, 'Finals', 0),
(3, 'Final Grading Period', 1);

-- --------------------------------------------------------

--
-- Table structure for table `person_prof_table`
--

CREATE TABLE `person_prof_table` (
  `person_id` int(11) NOT NULL,
  `bachelor` varchar(255) DEFAULT NULL,
  `master` varchar(255) DEFAULT NULL,
  `doctor` varchar(255) DEFAULT NULL
) ENGINE=InnoDB DEFAULT CHARSET=utf8mb4 COLLATE=utf8mb4_general_ci;

-- --------------------------------------------------------

--
-- Table structure for table `person_status_table`
--

CREATE TABLE `person_status_table` (
  `id` int(11) NOT NULL,
  `person_id` int(11) DEFAULT NULL,
  `exam_status` int(11) DEFAULT NULL,
  `requirements` int(11) DEFAULT NULL,
  `residency` int(11) DEFAULT NULL,
  `student_registration_status` int(11) DEFAULT NULL,
  `exam_result` int(11) DEFAULT NULL,
  `hs_ave` float DEFAULT NULL
) ENGINE=InnoDB DEFAULT CHARSET=utf8mb4 COLLATE=utf8mb4_general_ci;

-- --------------------------------------------------------

--
-- Table structure for table `person_table`
--

CREATE TABLE `person_table` (
  `person_id` int(11) NOT NULL,
  `student_number` varchar(255) DEFAULT NULL,
  `profile_img` varchar(255) DEFAULT NULL,
  `campus` int(11) DEFAULT NULL,
  `academicProgram` varchar(100) DEFAULT NULL,
  `classifiedAs` varchar(50) DEFAULT NULL,
  `applyingAs` varchar(100) DEFAULT NULL,
  `program` varchar(100) DEFAULT NULL,
  `program2` varchar(100) DEFAULT NULL,
  `program3` varchar(100) DEFAULT NULL,
  `yearLevel` varchar(30) DEFAULT NULL,
  `last_name` varchar(100) DEFAULT NULL,
  `first_name` varchar(100) DEFAULT NULL,
  `middle_name` varchar(100) DEFAULT NULL,
  `extension` varchar(10) DEFAULT NULL,
  `nickname` varchar(50) DEFAULT NULL,
  `height` varchar(10) DEFAULT NULL,
  `weight` varchar(10) DEFAULT NULL,
  `lrnNumber` varchar(20) DEFAULT NULL,
  `nolrnNumber` int(11) DEFAULT NULL,
  `gender` int(11) DEFAULT NULL,
  `pwdMember` int(11) DEFAULT NULL,
  `pwdType` varchar(50) DEFAULT NULL,
  `pwdId` varchar(50) DEFAULT NULL,
  `birthOfDate` varchar(50) DEFAULT NULL,
  `age` int(11) DEFAULT NULL,
  `birthPlace` varchar(255) DEFAULT NULL,
  `languageDialectSpoken` varchar(255) DEFAULT NULL,
  `citizenship` varchar(50) DEFAULT NULL,
  `religion` varchar(50) DEFAULT NULL,
  `civilStatus` varchar(50) DEFAULT NULL,
  `tribeEthnicGroup` varchar(50) DEFAULT NULL,
  `cellphoneNumber` varchar(20) DEFAULT NULL,
  `emailAddress` varchar(100) DEFAULT NULL,
  `presentStreet` varchar(255) DEFAULT NULL,
  `presentBarangay` varchar(100) DEFAULT NULL,
  `presentZipCode` varchar(10) DEFAULT NULL,
  `presentRegion` varchar(100) DEFAULT NULL,
  `presentProvince` varchar(100) DEFAULT NULL,
  `presentMunicipality` varchar(100) DEFAULT NULL,
  `presentDswdHouseholdNumber` varchar(50) DEFAULT NULL,
  `sameAsPresentAddress` int(11) DEFAULT NULL,
  `permanentStreet` varchar(255) DEFAULT NULL,
  `permanentBarangay` varchar(100) DEFAULT NULL,
  `permanentZipCode` varchar(10) DEFAULT NULL,
  `permanentRegion` varchar(75) DEFAULT NULL,
  `permanentProvince` varchar(75) DEFAULT NULL,
  `permanentMunicipality` varchar(75) DEFAULT NULL,
  `permanentDswdHouseholdNumber` varchar(50) DEFAULT NULL,
  `solo_parent` int(11) DEFAULT NULL,
  `father_deceased` int(11) DEFAULT NULL,
  `father_family_name` varchar(100) DEFAULT NULL,
  `father_given_name` varchar(100) DEFAULT NULL,
  `father_middle_name` varchar(100) DEFAULT NULL,
  `father_ext` varchar(10) DEFAULT NULL,
  `father_nickname` varchar(50) DEFAULT NULL,
  `father_education` int(11) NOT NULL,
  `father_education_level` varchar(100) DEFAULT NULL,
  `father_last_school` varchar(100) DEFAULT NULL,
  `father_course` varchar(100) DEFAULT NULL,
  `father_year_graduated` varchar(10) DEFAULT NULL,
  `father_school_address` varchar(255) DEFAULT NULL,
  `father_contact` varchar(20) DEFAULT NULL,
  `father_occupation` varchar(100) DEFAULT NULL,
  `father_employer` varchar(100) DEFAULT NULL,
  `father_income` varchar(20) DEFAULT NULL,
  `father_email` varchar(100) DEFAULT NULL,
  `mother_deceased` int(11) DEFAULT NULL,
  `mother_family_name` varchar(100) DEFAULT NULL,
  `mother_given_name` varchar(100) DEFAULT NULL,
  `mother_middle_name` varchar(100) DEFAULT NULL,
  `mother_ext` varchar(10) DEFAULT NULL,
  `mother_nickname` varchar(50) DEFAULT NULL,
  `mother_education` int(11) NOT NULL,
  `mother_education_level` varchar(100) DEFAULT NULL,
  `mother_last_school` varchar(100) DEFAULT NULL,
  `mother_course` varchar(100) DEFAULT NULL,
  `mother_year_graduated` varchar(10) DEFAULT NULL,
  `mother_school_address` varchar(255) DEFAULT NULL,
  `mother_contact` varchar(20) DEFAULT NULL,
  `mother_occupation` varchar(100) DEFAULT NULL,
  `mother_employer` varchar(100) DEFAULT NULL,
  `mother_income` varchar(20) DEFAULT NULL,
  `mother_email` varchar(100) DEFAULT NULL,
  `guardian` varchar(100) DEFAULT NULL,
  `guardian_family_name` varchar(100) DEFAULT NULL,
  `guardian_given_name` varchar(100) DEFAULT NULL,
  `guardian_middle_name` varchar(100) DEFAULT NULL,
  `guardian_ext` varchar(20) DEFAULT NULL,
  `guardian_nickname` varchar(50) DEFAULT NULL,
  `guardian_address` varchar(255) DEFAULT NULL,
  `guardian_contact` varchar(20) DEFAULT NULL,
  `guardian_email` varchar(100) DEFAULT NULL,
  `annual_income` varchar(50) DEFAULT NULL,
  `schoolLevel` varchar(50) DEFAULT NULL,
  `schoolLastAttended` varchar(100) DEFAULT NULL,
  `schoolAddress` varchar(255) DEFAULT NULL,
  `courseProgram` varchar(100) DEFAULT NULL,
  `honor` varchar(100) DEFAULT NULL,
  `generalAverage` decimal(5,2) DEFAULT NULL,
  `yearGraduated` int(11) DEFAULT NULL,
  `schoolLevel1` varchar(50) DEFAULT NULL,
  `schoolLastAttended1` varchar(100) DEFAULT NULL,
  `schoolAddress1` varchar(255) DEFAULT NULL,
  `courseProgram1` varchar(100) DEFAULT NULL,
  `honor1` varchar(100) DEFAULT NULL,
  `generalAverage1` decimal(5,2) DEFAULT NULL,
  `yearGraduated1` int(11) DEFAULT NULL,
  `strand` varchar(100) DEFAULT NULL,
  `cough` int(11) DEFAULT NULL,
  `colds` int(11) DEFAULT NULL,
  `fever` int(11) DEFAULT NULL,
  `asthma` int(11) DEFAULT NULL,
  `faintingSpells` int(11) DEFAULT NULL,
  `heartDisease` int(11) DEFAULT NULL,
  `tuberculosis` int(11) DEFAULT NULL,
  `frequentHeadaches` int(11) DEFAULT NULL,
  `hernia` int(11) DEFAULT NULL,
  `chronicCough` int(11) DEFAULT NULL,
  `headNeckInjury` int(11) DEFAULT NULL,
  `hiv` int(11) DEFAULT NULL,
  `highBloodPressure` int(11) DEFAULT NULL,
  `diabetesMellitus` int(11) DEFAULT NULL,
  `allergies` int(11) DEFAULT NULL,
  `cancer` int(11) DEFAULT NULL,
  `smokingCigarette` int(11) DEFAULT NULL,
  `alcoholDrinking` int(11) DEFAULT NULL,
  `hospitalized` int(11) DEFAULT NULL,
  `hospitalizationDetails` varchar(255) DEFAULT NULL,
  `medications` varchar(255) DEFAULT NULL,
  `hadCovid` int(11) DEFAULT NULL,
  `covidDate` varchar(50) DEFAULT NULL,
  `vaccine1Brand` varchar(50) DEFAULT NULL,
  `vaccine1Date` varchar(50) DEFAULT NULL,
  `vaccine2Brand` varchar(50) DEFAULT NULL,
  `vaccine2Date` varchar(50) DEFAULT NULL,
  `booster1Brand` varchar(50) DEFAULT NULL,
  `booster1Date` varchar(50) DEFAULT NULL,
  `booster2Brand` varchar(50) DEFAULT NULL,
  `booster2Date` varchar(50) DEFAULT NULL,
  `chestXray` varchar(100) DEFAULT NULL,
  `cbc` varchar(100) DEFAULT NULL,
  `urinalysis` varchar(100) DEFAULT NULL,
  `otherworkups` varchar(255) DEFAULT NULL,
  `symptomsToday` int(11) DEFAULT NULL,
  `remarks` varchar(255) DEFAULT NULL,
  `termsOfAgreement` int(11) DEFAULT NULL,
  `created_at` date NOT NULL DEFAULT curdate(),
  `current_step` int(11) DEFAULT 1
) ENGINE=MyISAM DEFAULT CHARSET=utf8mb4 COLLATE=utf8mb4_general_ci ROW_FORMAT=COMPRESSED;

-- --------------------------------------------------------

--
-- Table structure for table `prof_table`
--

CREATE TABLE `prof_table` (
  `prof_id` int(11) NOT NULL,
  `person_id` int(11) DEFAULT NULL,
  `employee_id` varchar(255) DEFAULT NULL,
  `profile_image` varchar(255) NOT NULL,
  `fname` varchar(100) DEFAULT NULL,
  `mname` varchar(100) DEFAULT NULL,
  `lname` varchar(100) DEFAULT NULL,
  `email` varchar(255) NOT NULL,
  `password` varchar(255) DEFAULT NULL,
  `status` tinyint(1) DEFAULT 0,
  `role` enum('applicant','faculty','registrar') NOT NULL DEFAULT 'faculty',
  `require_otp` int(11) DEFAULT 0
) ENGINE=InnoDB DEFAULT CHARSET=utf8mb4 COLLATE=utf8mb4_general_ci;

-- --------------------------------------------------------

--
-- Table structure for table `program_table`
--

CREATE TABLE `program_table` (
  `program_id` int(11) NOT NULL,
  `program_description` varchar(255) DEFAULT NULL,
  `program_code` varchar(100) DEFAULT NULL,
  `major` varchar(255) DEFAULT NULL
) ENGINE=InnoDB DEFAULT CHARSET=utf8mb4 COLLATE=utf8mb4_general_ci;

-- --------------------------------------------------------

--
-- Table structure for table `program_tagging_table`
--

CREATE TABLE `program_tagging_table` (
  `program_tagging_id` int(11) NOT NULL,
  `curriculum_id` int(11) DEFAULT NULL,
  `year_level_id` int(11) DEFAULT NULL,
  `semester_id` int(11) DEFAULT NULL,
  `course_id` int(11) DEFAULT NULL,
  `lec_fee` int(11) DEFAULT NULL,
  `lab_fee` int(11) DEFAULT NULL,
  `iscomputer_lab` int(11) NOT NULL DEFAULT 0,
  `islaboratory_fee` int(11) NOT NULL DEFAULT 0,
  `is_nstp` int(11) NOT NULL DEFAULT 0,
  `amount` int(11) DEFAULT NULL
) ENGINE=InnoDB DEFAULT CHARSET=utf8mb4 COLLATE=utf8mb4_general_ci;

-- --------------------------------------------------------

--
-- Table structure for table `question_category_table`
--

CREATE TABLE `question_category_table` (
  `id` int(11) NOT NULL,
  `title` varchar(255) NOT NULL,
  `description` text NOT NULL
) ENGINE=InnoDB DEFAULT CHARSET=utf8mb4 COLLATE=utf8mb4_general_ci;

-- --------------------------------------------------------

--
-- Table structure for table `question_table`
--

CREATE TABLE `question_table` (
  `id` int(11) NOT NULL,
  `category` int(11) NOT NULL,
  `question_description` varchar(255) NOT NULL,
  `first_choice` varchar(255) NOT NULL,
  `second_choice` varchar(255) NOT NULL,
  `third_choice` varchar(255) NOT NULL,
  `fourth_choice` varchar(255) NOT NULL,
  `fifth_choice` varchar(255) NOT NULL
) ENGINE=InnoDB DEFAULT CHARSET=utf8mb4 COLLATE=utf8mb4_general_ci;

-- --------------------------------------------------------

--
-- Table structure for table `requirements_table`
--

CREATE TABLE `requirements_table` (
  `id` int(11) NOT NULL,
  `description` varchar(255) NOT NULL,
  `short_label` varchar(255) DEFAULT NULL,
  `label` varchar(255) DEFAULT NULL,
  `category` varchar(50) DEFAULT 'Regular',
  `is_verifiable` tinyint(1) DEFAULT 1
) ENGINE=InnoDB DEFAULT CHARSET=utf8mb4 COLLATE=utf8mb4_general_ci;

--
-- Dumping data for table `requirements_table`
--

INSERT INTO `requirements_table` (`id`, `description`, `short_label`, `label`, `category`, `is_verifiable`) VALUES
(1, 'PSA Birth Certificate', 'PSA', NULL, 'Regular', 1),
(2, 'Form 138 (4th Quarter / No failing Grades)', 'F138', NULL, 'Regular', 1),
(3, 'Certificate of Good Moral Character', 'CGMC', NULL, 'Regular', 1),
(4, 'Certificate belonging to Graduating Class', 'CBGC', NULL, 'Regular', 1),
(5, 'Copy of Vaccine Card (1st and 2nd Dose)', 'CVC', NULL, 'Medical', 1);

-- --------------------------------------------------------

--
-- Table structure for table `requirement_uploads`
--

CREATE TABLE `requirement_uploads` (
  `upload_id` int(11) NOT NULL,
  `requirements_id` int(11) NOT NULL,
  `person_id` int(11) NOT NULL,
  `submitted_documents` int(11) DEFAULT NULL,
  `file_path` varchar(255) NOT NULL,
  `original_name` varchar(100) DEFAULT NULL,
  `remarks` varchar(255) DEFAULT NULL,
  `status` int(11) DEFAULT NULL,
  `document_status` varchar(255) DEFAULT NULL,
  `missing_documents` varchar(255) DEFAULT NULL,
  `registrar_status` int(11) DEFAULT NULL,
  `created_at` datetime DEFAULT current_timestamp(),
  `last_updated_by` int(11) DEFAULT NULL
) ENGINE=InnoDB DEFAULT CHARSET=latin1 COLLATE=latin1_swedish_ci;

-- --------------------------------------------------------

--
-- Table structure for table `room_day_table`
--

CREATE TABLE `room_day_table` (
  `id` int(11) NOT NULL,
  `description` varchar(50) NOT NULL
) ENGINE=InnoDB DEFAULT CHARSET=utf8mb4 COLLATE=utf8mb4_general_ci;

--
-- Dumping data for table `room_day_table`
--

INSERT INTO `room_day_table` (`id`, `description`) VALUES
(1, 'SUN'),
(2, 'MON'),
(3, 'TUE'),
(4, 'WED'),
(5, 'THU'),
(6, 'FRI'),
(7, 'SAT');

-- --------------------------------------------------------

--
-- Table structure for table `room_table`
--

CREATE TABLE `room_table` (
  `room_id` int(11) NOT NULL,
  `room_description` varchar(255) DEFAULT NULL,
  `building_description` varchar(255) DEFAULT NULL
) ENGINE=InnoDB DEFAULT CHARSET=utf8mb4 COLLATE=utf8mb4_general_ci;

-- --------------------------------------------------------

--
-- Table structure for table `scholarship_type`
--

CREATE TABLE `scholarship_type` (
  `id` int(11) NOT NULL,
  `scholarship_name` varchar(255) NOT NULL,
  `scholarship_status` int(11) NOT NULL,
  `created_at` int(11) NOT NULL
) ENGINE=InnoDB DEFAULT CHARSET=utf8mb4 COLLATE=utf8mb4_general_ci;

-- --------------------------------------------------------

--
-- Table structure for table `school_time_table`
--

CREATE TABLE `school_time_table` (
  `id` int(11) NOT NULL,
  `description` varchar(50) NOT NULL
) ENGINE=InnoDB DEFAULT CHARSET=utf8mb4 COLLATE=utf8mb4_general_ci;

-- --------------------------------------------------------

--
-- Table structure for table `section_table`
--

CREATE TABLE `section_table` (
  `id` int(11) NOT NULL,
  `description` varchar(255) DEFAULT NULL
) ENGINE=InnoDB DEFAULT CHARSET=utf8mb4 COLLATE=utf8mb4_general_ci;

-- --------------------------------------------------------

--
-- Table structure for table `semester_table`
--

CREATE TABLE `semester_table` (
  `semester_id` int(11) NOT NULL,
  `semester_description` varchar(255) DEFAULT NULL,
  `semester_code` varchar(2) DEFAULT NULL
) ENGINE=InnoDB DEFAULT CHARSET=utf8mb4 COLLATE=utf8mb4_general_ci;

-- --------------------------------------------------------

--
-- Table structure for table `student_curriculum_table`
--

CREATE TABLE `student_curriculum_table` (
  `id` int(11) NOT NULL,
  `student_numbering_id` int(11) DEFAULT NULL,
  `curriculum_id` int(11) DEFAULT NULL
) ENGINE=InnoDB DEFAULT CHARSET=utf8mb4 COLLATE=utf8mb4_general_ci;

-- --------------------------------------------------------

--
-- Table structure for table `student_evaluation_table`
--

CREATE TABLE `student_evaluation_table` (
  `id` int(11) NOT NULL,
  `student_number` varchar(255) NOT NULL,
  `school_year_id` int(11) NOT NULL DEFAULT 0,
  `prof_id` int(11) DEFAULT NULL,
  `course_id` int(11) NOT NULL DEFAULT 0,
  `question_id` int(11) NOT NULL DEFAULT 0,
  `question_answer` int(11) NOT NULL DEFAULT 0,
  `answered_at` timestamp NOT NULL DEFAULT current_timestamp()
) ENGINE=InnoDB DEFAULT CHARSET=utf8mb4 COLLATE=utf8mb4_general_ci;

-- --------------------------------------------------------

--
-- Table structure for table `student_grade_overall_table`
--

CREATE TABLE `student_grade_overall_table` (
  `id` int(11) NOT NULL,
  `student_number` int(11) NOT NULL,
  `course_id` int(11) NOT NULL,
  `final_grade` decimal(2,2) NOT NULL,
  `active_school_year_id` int(11) NOT NULL,
  `remarks` int(11) NOT NULL
) ENGINE=InnoDB DEFAULT CHARSET=utf8mb4 COLLATE=utf8mb4_general_ci;

-- --------------------------------------------------------

--
-- Table structure for table `student_numbering_table`
--

CREATE TABLE `student_numbering_table` (
  `id` int(11) NOT NULL,
  `student_number` varchar(255) NOT NULL,
  `person_id` int(11) NOT NULL
) ENGINE=InnoDB DEFAULT CHARSET=utf8mb4 COLLATE=utf8mb4_general_ci;

-- --------------------------------------------------------

--
-- Table structure for table `student_status_table`
--

CREATE TABLE `student_status_table` (
  `id` int(11) NOT NULL,
  `student_number` varchar(255) DEFAULT NULL,
  `active_curriculum` int(11) DEFAULT NULL,
  `enrolled_status` varchar(11) DEFAULT NULL,
  `year_level_id` int(11) DEFAULT NULL,
  `active_school_year_id` int(11) DEFAULT NULL,
  `control_status` int(11) DEFAULT NULL
) ENGINE=InnoDB DEFAULT CHARSET=utf8mb4 COLLATE=utf8mb4_general_ci;

-- --------------------------------------------------------

--
-- Table structure for table `time_table`
--

CREATE TABLE `time_table` (
  `id` int(11) NOT NULL,
  `room_day` int(11) DEFAULT NULL,
  `school_time_start` varchar(11) DEFAULT NULL,
  `school_time_end` varchar(11) DEFAULT NULL,
  `department_section_id` int(11) DEFAULT NULL,
  `course_id` int(11) DEFAULT NULL,
  `ishonorarium` int(1) NOT NULL DEFAULT 0,
  `professor_id` int(11) DEFAULT NULL,
  `department_room_id` int(11) DEFAULT NULL,
  `school_year_id` int(11) DEFAULT NULL
) ENGINE=InnoDB DEFAULT CHARSET=utf8mb4 COLLATE=utf8mb4_general_ci;

-- --------------------------------------------------------

--
-- Table structure for table `tosf`
--

CREATE TABLE `tosf` (
  `tosf_id` int(11) NOT NULL,
  `athletic_fee` varchar(255) NOT NULL DEFAULT '0',
  `cultural_fee` varchar(255) NOT NULL DEFAULT '0',
  `developmental_fee` varchar(255) NOT NULL DEFAULT '0',
  `guidance_fee` varchar(255) NOT NULL DEFAULT '0',
  `library_fee` varchar(255) NOT NULL DEFAULT '0',
  `medical_and_dental_fee` varchar(255) NOT NULL DEFAULT '0',
  `registration_fee` varchar(255) NOT NULL DEFAULT '0',
  `school_id_fees` int(11) NOT NULL,
  `nstp_fees` int(11) DEFAULT NULL,
  `computer_fees` int(11) DEFAULT NULL,
  `laboratory_fees` int(11) DEFAULT NULL
) ENGINE=InnoDB DEFAULT CHARSET=utf8mb4 COLLATE=utf8mb4_general_ci;

-- --------------------------------------------------------

--
-- Table structure for table `unifast`
--

CREATE TABLE `unifast` (
  `id` int(11) NOT NULL,
  `campus_name` varchar(60) NOT NULL,
  `student_number` varchar(255) NOT NULL,
  `learner_reference_number` varchar(255) NOT NULL,
  `last_name` varchar(255) NOT NULL,
  `given_name` varchar(255) NOT NULL,
  `middle_initial` varchar(60) NOT NULL,
  `degree_program` varchar(255) NOT NULL,
  `year_level` varchar(255) NOT NULL,
  `sex` varchar(60) NOT NULL,
  `email_address` varchar(255) NOT NULL,
  `phone_number` varchar(255) NOT NULL,
  `laboratory_units` varchar(255) NOT NULL,
  `computer_units` varchar(255) NOT NULL,
  `academic_units_enrolled` varchar(255) NOT NULL,
  `academic_units_nstp_enrolled` varchar(255) NOT NULL,
  `tuition_fees` varchar(255) NOT NULL,
  `nstp_fees` varchar(255) NOT NULL,
  `athletic_fees` varchar(255) NOT NULL,
  `computer_fees` varchar(255) NOT NULL,
  `cultural_fees` varchar(255) NOT NULL,
  `development_fees` varchar(255) NOT NULL,
  `guidance_fees` varchar(255) NOT NULL,
  `laboratory_fees` varchar(255) NOT NULL,
  `library_fees` varchar(255) NOT NULL,
  `medical_and_dental_fees` varchar(255) NOT NULL,
  `registration_fees` varchar(255) NOT NULL,
  `school_id_fees` varchar(255) NOT NULL,
  `total_tosf` varchar(255) NOT NULL,
  `remark` varchar(255) NOT NULL,
  `active_school_year_id` int(11) NOT NULL,
  `status` int(1) NOT NULL,
  `matriculation_id` int(11) NOT NULL
) ENGINE=InnoDB DEFAULT CHARSET=utf8mb4 COLLATE=utf8mb4_general_ci;

-- --------------------------------------------------------

--
-- Table structure for table `user_accounts`
--

CREATE TABLE `user_accounts` (
  `id` int(11) NOT NULL,
  `person_id` int(11) DEFAULT NULL,
  `employee_id` varchar(255) DEFAULT NULL,
  `profile_picture` varchar(255) DEFAULT NULL,
  `role` varchar(255) NOT NULL,
  `last_name` varchar(255) DEFAULT NULL,
  `middle_name` varchar(255) DEFAULT NULL,
  `first_name` varchar(255) DEFAULT NULL,
  `email` varchar(100) NOT NULL,
  `password` varchar(255) NOT NULL,
  `status` int(11) DEFAULT NULL,
  `dprtmnt_id` int(11) DEFAULT NULL,
  `require_otp` tinyint(1) DEFAULT 1
) ENGINE=InnoDB DEFAULT CHARSET=utf8mb4 COLLATE=utf8mb4_general_ci;

--
-- Dumping data for table `user_accounts`
--

INSERT INTO `user_accounts` (`id`, `person_id`, `employee_id`, `profile_picture`, `role`, `last_name`, `middle_name`, `first_name`, `email`, `password`, `status`, `dprtmnt_id`, `require_otp`) VALUES
(1, 1, '224-06342M', '224-06342M_1by1_2026.png', 'registrar', 'Montano', 'Placido', 'Mark Anthony', 'markmontano522@gmail.com', '$2b$10$XyO120eIYfqY4r2chYKere6F.M32D3xncCm.0aMNR4bJvrO//A4qC', 1, 5, 0);

--
-- Triggers `user_accounts`
--
DELIMITER $$
CREATE TRIGGER `set_person_id` BEFORE INSERT ON `user_accounts` FOR EACH ROW BEGIN
    -- Set person_id to the next id if it's NULL
    IF NEW.person_id IS NULL OR NEW.person_id = 0 THEN
        SET NEW.person_id = (SELECT AUTO_INCREMENT
                             FROM INFORMATION_SCHEMA.TABLES
                             WHERE TABLE_SCHEMA = DATABASE()
                             AND TABLE_NAME = 'user_accounts');
    END IF;
END
$$
DELIMITER ;

-- --------------------------------------------------------

--
-- Table structure for table `year_level_table`
--

CREATE TABLE `year_level_table` (
  `year_level_id` int(11) NOT NULL,
  `year_level_description` varchar(255) DEFAULT NULL
) ENGINE=InnoDB DEFAULT CHARSET=utf8mb4 COLLATE=utf8mb4_general_ci;

--
-- Dumping data for table `year_level_table`
--

INSERT INTO `year_level_table` (`year_level_id`, `year_level_description`) VALUES
(1, 'First Year'),
(2, 'Second Year'),
(3, 'Third Year'),
(4, 'Fourth Year'),
(5, 'Fifth Year');

-- --------------------------------------------------------

--
-- Table structure for table `year_table`
--

CREATE TABLE `year_table` (
  `year_id` int(11) NOT NULL,
  `year_description` int(11) NOT NULL,
  `status` tinyint(1) NOT NULL DEFAULT 0
) ENGINE=InnoDB DEFAULT CHARSET=utf8mb4 COLLATE=utf8mb4_general_ci;

--
-- Indexes for dumped tables
--

--
-- Indexes for table `active_school_year_table`
--
ALTER TABLE `active_school_year_table`
  ADD PRIMARY KEY (`id`),
  ADD KEY `year_id` (`year_id`),
  ADD KEY `semester_id` (`semester_id`);

--
-- Indexes for table `course_table`
--
ALTER TABLE `course_table`
  ADD PRIMARY KEY (`course_id`);

--
-- Indexes for table `curriculum_table`
--
ALTER TABLE `curriculum_table`
  ADD PRIMARY KEY (`curriculum_id`);

--
-- Indexes for table `dprtmnt_curriculum_table`
--
ALTER TABLE `dprtmnt_curriculum_table`
  ADD PRIMARY KEY (`dprtmnt_curriculum_id`),
  ADD KEY `dprtmnt_id` (`dprtmnt_id`),
  ADD KEY `curriculum_id` (`curriculum_id`);

--
-- Indexes for table `dprtmnt_profs_table`
--
ALTER TABLE `dprtmnt_profs_table`
  ADD PRIMARY KEY (`dprtmnt_profs_id`),
  ADD KEY `dprtmnt_id` (`dprtmnt_id`),
  ADD KEY `prof_id` (`prof_id`);

--
-- Indexes for table `dprtmnt_room_table`
--
ALTER TABLE `dprtmnt_room_table`
  ADD PRIMARY KEY (`dprtmnt_room_id`),
  ADD KEY `dprtmnt_id` (`dprtmnt_id`),
  ADD KEY `room_id` (`room_id`);

--
-- Indexes for table `dprtmnt_section_table`
--
ALTER TABLE `dprtmnt_section_table`
  ADD PRIMARY KEY (`id`),
  ADD KEY `curriculum_id` (`curriculum_id`),
  ADD KEY `section_id` (`section_id`);

--
-- Indexes for table `dprtmnt_table`
--
ALTER TABLE `dprtmnt_table`
  ADD PRIMARY KEY (`dprtmnt_id`);

--
-- Indexes for table `enrolled_subject`
--
ALTER TABLE `enrolled_subject`
  ADD PRIMARY KEY (`id`);

--
-- Indexes for table `evaluation_table`
--
ALTER TABLE `evaluation_table`
  ADD PRIMARY KEY (`id`);

--
-- Indexes for table `fee_rules`
--
ALTER TABLE `fee_rules`
  ADD PRIMARY KEY (`fee_rule_id`),
  ADD UNIQUE KEY `fee_code` (`fee_code`);

--
-- Indexes for table `matriculation`
--
ALTER TABLE `matriculation`
  ADD PRIMARY KEY (`id`);

--
-- Indexes for table `medical_requirements`
--
ALTER TABLE `medical_requirements`
  ADD PRIMARY KEY (`id`);

--
-- Indexes for table `page_access`
--
ALTER TABLE `page_access`
  ADD PRIMARY KEY (`id`);

--
-- Indexes for table `page_table`
--
ALTER TABLE `page_table`
  ADD PRIMARY KEY (`id`);

--
-- Indexes for table `period_status`
--
ALTER TABLE `period_status`
  ADD PRIMARY KEY (`id`);

--
-- Indexes for table `person_prof_table`
--
ALTER TABLE `person_prof_table`
  ADD PRIMARY KEY (`person_id`);

--
-- Indexes for table `person_status_table`
--
ALTER TABLE `person_status_table`
  ADD PRIMARY KEY (`id`),
  ADD KEY `person_id` (`person_id`);

--
-- Indexes for table `person_table`
--
ALTER TABLE `person_table`
  ADD PRIMARY KEY (`person_id`);

--
-- Indexes for table `prof_table`
--
ALTER TABLE `prof_table`
  ADD PRIMARY KEY (`prof_id`);

--
-- Indexes for table `program_table`
--
ALTER TABLE `program_table`
  ADD PRIMARY KEY (`program_id`);

--
-- Indexes for table `program_tagging_table`
--
ALTER TABLE `program_tagging_table`
  ADD PRIMARY KEY (`program_tagging_id`);

--
-- Indexes for table `question_category_table`
--
ALTER TABLE `question_category_table`
  ADD PRIMARY KEY (`id`);

--
-- Indexes for table `question_table`
--
ALTER TABLE `question_table`
  ADD PRIMARY KEY (`id`);

--
-- Indexes for table `requirements_table`
--
ALTER TABLE `requirements_table`
  ADD PRIMARY KEY (`id`);

--
-- Indexes for table `requirement_uploads`
--
ALTER TABLE `requirement_uploads`
  ADD PRIMARY KEY (`upload_id`);

--
-- Indexes for table `room_day_table`
--
ALTER TABLE `room_day_table`
  ADD PRIMARY KEY (`id`);

--
-- Indexes for table `room_table`
--
ALTER TABLE `room_table`
  ADD PRIMARY KEY (`room_id`);

--
-- Indexes for table `scholarship_type`
--
ALTER TABLE `scholarship_type`
  ADD PRIMARY KEY (`id`);

--
-- Indexes for table `school_time_table`
--
ALTER TABLE `school_time_table`
  ADD PRIMARY KEY (`id`);

--
-- Indexes for table `section_table`
--
ALTER TABLE `section_table`
  ADD PRIMARY KEY (`id`);

--
-- Indexes for table `semester_table`
--
ALTER TABLE `semester_table`
  ADD PRIMARY KEY (`semester_id`);

--
-- Indexes for table `student_curriculum_table`
--
ALTER TABLE `student_curriculum_table`
  ADD PRIMARY KEY (`id`);

--
-- Indexes for table `student_evaluation_table`
--
ALTER TABLE `student_evaluation_table`
  ADD PRIMARY KEY (`id`);

--
-- Indexes for table `student_grade_overall_table`
--
ALTER TABLE `student_grade_overall_table`
  ADD PRIMARY KEY (`id`);

--
-- Indexes for table `student_numbering_table`
--
ALTER TABLE `student_numbering_table`
  ADD PRIMARY KEY (`id`);

--
-- Indexes for table `student_status_table`
--
ALTER TABLE `student_status_table`
  ADD PRIMARY KEY (`id`);

--
-- Indexes for table `time_table`
--
ALTER TABLE `time_table`
  ADD PRIMARY KEY (`id`);

--
-- Indexes for table `tosf`
--
ALTER TABLE `tosf`
  ADD PRIMARY KEY (`tosf_id`);

--
-- Indexes for table `unifast`
--
ALTER TABLE `unifast`
  ADD PRIMARY KEY (`id`);

--
-- Indexes for table `user_accounts`
--
ALTER TABLE `user_accounts`
  ADD PRIMARY KEY (`id`);

--
-- Indexes for table `year_level_table`
--
ALTER TABLE `year_level_table`
  ADD PRIMARY KEY (`year_level_id`);

--
-- Indexes for table `year_table`
--
ALTER TABLE `year_table`
  ADD PRIMARY KEY (`year_id`);

--
-- AUTO_INCREMENT for dumped tables
--

--
-- AUTO_INCREMENT for table `active_school_year_table`
--
ALTER TABLE `active_school_year_table`
  MODIFY `id` int(11) NOT NULL AUTO_INCREMENT;

--
-- AUTO_INCREMENT for table `course_table`
--
ALTER TABLE `course_table`
  MODIFY `course_id` int(11) NOT NULL AUTO_INCREMENT;

--
-- AUTO_INCREMENT for table `curriculum_table`
--
ALTER TABLE `curriculum_table`
  MODIFY `curriculum_id` int(11) NOT NULL AUTO_INCREMENT;

--
-- AUTO_INCREMENT for table `dprtmnt_curriculum_table`
--
ALTER TABLE `dprtmnt_curriculum_table`
  MODIFY `dprtmnt_curriculum_id` int(11) NOT NULL AUTO_INCREMENT;

--
-- AUTO_INCREMENT for table `dprtmnt_profs_table`
--
ALTER TABLE `dprtmnt_profs_table`
  MODIFY `dprtmnt_profs_id` int(11) NOT NULL AUTO_INCREMENT;

--
-- AUTO_INCREMENT for table `dprtmnt_room_table`
--
ALTER TABLE `dprtmnt_room_table`
  MODIFY `dprtmnt_room_id` int(11) NOT NULL AUTO_INCREMENT;

--
-- AUTO_INCREMENT for table `dprtmnt_section_table`
--
ALTER TABLE `dprtmnt_section_table`
  MODIFY `id` int(11) NOT NULL AUTO_INCREMENT;

--
-- AUTO_INCREMENT for table `dprtmnt_table`
--
ALTER TABLE `dprtmnt_table`
  MODIFY `dprtmnt_id` int(11) NOT NULL AUTO_INCREMENT;

--
-- AUTO_INCREMENT for table `enrolled_subject`
--
ALTER TABLE `enrolled_subject`
  MODIFY `id` int(11) NOT NULL AUTO_INCREMENT;

--
-- AUTO_INCREMENT for table `evaluation_table`
--
ALTER TABLE `evaluation_table`
  MODIFY `id` int(11) NOT NULL AUTO_INCREMENT;

--
-- AUTO_INCREMENT for table `fee_rules`
--
ALTER TABLE `fee_rules`
  MODIFY `fee_rule_id` int(11) NOT NULL AUTO_INCREMENT;

--
-- AUTO_INCREMENT for table `matriculation`
--
ALTER TABLE `matriculation`
  MODIFY `id` int(11) NOT NULL AUTO_INCREMENT;

--
-- AUTO_INCREMENT for table `medical_requirements`
--
ALTER TABLE `medical_requirements`
  MODIFY `id` int(11) NOT NULL AUTO_INCREMENT;

--
-- AUTO_INCREMENT for table `page_access`
--
ALTER TABLE `page_access`
  MODIFY `id` int(11) NOT NULL AUTO_INCREMENT, AUTO_INCREMENT=2304;

--
-- AUTO_INCREMENT for table `period_status`
--
ALTER TABLE `period_status`
  MODIFY `id` int(11) NOT NULL AUTO_INCREMENT, AUTO_INCREMENT=4;

--
-- AUTO_INCREMENT for table `person_prof_table`
--
ALTER TABLE `person_prof_table`
  MODIFY `person_id` int(11) NOT NULL AUTO_INCREMENT;

--
-- AUTO_INCREMENT for table `person_status_table`
--
ALTER TABLE `person_status_table`
  MODIFY `id` int(11) NOT NULL AUTO_INCREMENT;

--
-- AUTO_INCREMENT for table `person_table`
--
ALTER TABLE `person_table`
  MODIFY `person_id` int(11) NOT NULL AUTO_INCREMENT;

--
-- AUTO_INCREMENT for table `prof_table`
--
ALTER TABLE `prof_table`
  MODIFY `prof_id` int(11) NOT NULL AUTO_INCREMENT;

--
-- AUTO_INCREMENT for table `program_table`
--
ALTER TABLE `program_table`
  MODIFY `program_id` int(11) NOT NULL AUTO_INCREMENT;

--
-- AUTO_INCREMENT for table `program_tagging_table`
--
ALTER TABLE `program_tagging_table`
  MODIFY `program_tagging_id` int(11) NOT NULL AUTO_INCREMENT;

--
-- AUTO_INCREMENT for table `question_category_table`
--
ALTER TABLE `question_category_table`
  MODIFY `id` int(11) NOT NULL AUTO_INCREMENT;

--
-- AUTO_INCREMENT for table `question_table`
--
ALTER TABLE `question_table`
  MODIFY `id` int(11) NOT NULL AUTO_INCREMENT;

--
-- AUTO_INCREMENT for table `requirements_table`
--
ALTER TABLE `requirements_table`
  MODIFY `id` int(11) NOT NULL AUTO_INCREMENT, AUTO_INCREMENT=37;

--
-- AUTO_INCREMENT for table `requirement_uploads`
--
ALTER TABLE `requirement_uploads`
  MODIFY `upload_id` int(11) NOT NULL AUTO_INCREMENT;

--
-- AUTO_INCREMENT for table `room_day_table`
--
ALTER TABLE `room_day_table`
  MODIFY `id` int(11) NOT NULL AUTO_INCREMENT, AUTO_INCREMENT=8;

--
-- AUTO_INCREMENT for table `room_table`
--
ALTER TABLE `room_table`
  MODIFY `room_id` int(11) NOT NULL AUTO_INCREMENT;

--
-- AUTO_INCREMENT for table `scholarship_type`
--
ALTER TABLE `scholarship_type`
  MODIFY `id` int(11) NOT NULL AUTO_INCREMENT;

--
-- AUTO_INCREMENT for table `school_time_table`
--
ALTER TABLE `school_time_table`
  MODIFY `id` int(11) NOT NULL AUTO_INCREMENT;

--
-- AUTO_INCREMENT for table `section_table`
--
ALTER TABLE `section_table`
  MODIFY `id` int(11) NOT NULL AUTO_INCREMENT;

--
-- AUTO_INCREMENT for table `semester_table`
--
ALTER TABLE `semester_table`
  MODIFY `semester_id` int(11) NOT NULL AUTO_INCREMENT;

--
-- AUTO_INCREMENT for table `student_curriculum_table`
--
ALTER TABLE `student_curriculum_table`
  MODIFY `id` int(11) NOT NULL AUTO_INCREMENT;

--
-- AUTO_INCREMENT for table `student_evaluation_table`
--
ALTER TABLE `student_evaluation_table`
  MODIFY `id` int(11) NOT NULL AUTO_INCREMENT;

--
-- AUTO_INCREMENT for table `student_grade_overall_table`
--
ALTER TABLE `student_grade_overall_table`
  MODIFY `id` int(11) NOT NULL AUTO_INCREMENT;

--
-- AUTO_INCREMENT for table `student_numbering_table`
--
ALTER TABLE `student_numbering_table`
  MODIFY `id` int(11) NOT NULL AUTO_INCREMENT;

--
-- AUTO_INCREMENT for table `student_status_table`
--
ALTER TABLE `student_status_table`
  MODIFY `id` int(11) NOT NULL AUTO_INCREMENT;

--
-- AUTO_INCREMENT for table `time_table`
--
ALTER TABLE `time_table`
  MODIFY `id` int(11) NOT NULL AUTO_INCREMENT;

--
-- AUTO_INCREMENT for table `tosf`
--
ALTER TABLE `tosf`
  MODIFY `tosf_id` int(11) NOT NULL AUTO_INCREMENT;

--
-- AUTO_INCREMENT for table `unifast`
--
ALTER TABLE `unifast`
  MODIFY `id` int(11) NOT NULL AUTO_INCREMENT;

--
-- AUTO_INCREMENT for table `user_accounts`
--
ALTER TABLE `user_accounts`
  MODIFY `id` int(11) NOT NULL AUTO_INCREMENT, AUTO_INCREMENT=2;

--
-- AUTO_INCREMENT for table `year_level_table`
--
ALTER TABLE `year_level_table`
  MODIFY `year_level_id` int(11) NOT NULL AUTO_INCREMENT, AUTO_INCREMENT=6;

--
-- AUTO_INCREMENT for table `year_table`
--
ALTER TABLE `year_table`
  MODIFY `year_id` int(11) NOT NULL AUTO_INCREMENT;
COMMIT;

/*!40101 SET CHARACTER_SET_CLIENT=@OLD_CHARACTER_SET_CLIENT */;
/*!40101 SET CHARACTER_SET_RESULTS=@OLD_CHARACTER_SET_RESULTS */;
/*!40101 SET COLLATION_CONNECTION=@OLD_COLLATION_CONNECTION */;
