-- phpMyAdmin SQL Dump
-- version 5.2.1
-- https://www.phpmyadmin.net/
--
-- Host: 127.0.0.1
-- Generation Time: Feb 05, 2026 at 07:18 PM
-- Server version: 10.4.32-MariaDB
-- PHP Version: 8.2.12

SET SQL_MODE = "NO_AUTO_VALUE_ON_ZERO";
START TRANSACTION;
SET time_zone = "+00:00";


/*!40101 SET @OLD_CHARACTER_SET_CLIENT=@@CHARACTER_SET_CLIENT */;
/*!40101 SET @OLD_CHARACTER_SET_RESULTS=@@CHARACTER_SET_RESULTS */;
/*!40101 SET @OLD_COLLATION_CONNECTION=@@COLLATION_CONNECTION */;
/*!40101 SET NAMES utf8mb4 */;

--
-- Database: `enrollment`
--

-- --------------------------------------------------------

--
-- Table structure for table `active_school_year_table`
--

CREATE TABLE `active_school_year_table` (
  `id` int(11) NOT NULL,
  `year_id` int(11) DEFAULT NULL,
  `semester_id` int(11) DEFAULT NULL,
  `astatus` int(11) DEFAULT NULL,
  `active` int(11) DEFAULT NULL
) ENGINE=InnoDB DEFAULT CHARSET=utf8mb4 COLLATE=utf8mb4_general_ci;

--
-- Dumping data for table `active_school_year_table`
--

INSERT INTO `active_school_year_table` (`id`, `year_id`, `semester_id`, `astatus`, `active`) VALUES
(18, 17, 1, 0, 0),
(19, 17, 2, 0, 0),
(20, 17, 3, 0, 0),
(21, 18, 1, 0, 0),
(22, 18, 2, 0, 0),
(23, 18, 3, 0, 0),
(24, 19, 1, 0, 0),
(25, 19, 2, 0, 0),
(26, 19, 3, 0, 0),
(27, 20, 1, 0, 0),
(28, 20, 2, 0, 0),
(29, 20, 3, 0, 0),
(30, 21, 1, 0, 0),
(31, 21, 2, 0, 0),
(32, 21, 3, 0, 0),
(33, 22, 1, 0, 0),
(34, 22, 2, 0, 0),
(35, 22, 3, 0, 0),
(36, 23, 1, 0, 0),
(37, 23, 2, 0, 0),
(38, 23, 3, 0, 0),
(39, 24, 1, 0, 0),
(40, 24, 2, 0, 0),
(41, 24, 3, 0, 0),
(42, 25, 1, 0, 1),
(43, 25, 2, 0, 0),
(44, 25, 3, 0, 0),
(45, 26, 1, 0, 0),
(46, 26, 2, 0, 0),
(47, 26, 3, 0, 0),
(48, 27, 1, 0, 0),
(49, 27, 2, 0, 0),
(50, 27, 3, 0, 0),
(51, 28, 1, 0, 0),
(52, 28, 2, 0, 0),
(53, 28, 3, 0, 0),
(54, 29, 1, 0, 0),
(55, 29, 2, 0, 0),
(56, 29, 3, 0, 0),
(57, 30, 1, 0, 0),
(58, 30, 2, 0, 0),
(59, 30, 3, 0, 0),
(60, 31, 1, 0, 0),
(61, 31, 1, 0, 0),
(62, 31, 3, 0, 0),
(63, 32, 1, 0, 0),
(64, 32, 2, 0, 0),
(65, 32, 3, 0, 0),
(66, 33, 1, 1, 0),
(67, 33, 2, 0, 0),
(68, 33, 3, 0, 0),
(69, 35, 1, 0, 0),
(70, 35, 2, 0, 0),
(71, 35, 3, 0, 0),
(72, 36, 1, 0, 0),
(73, 36, 2, 0, 0),
(74, 36, 3, 0, 0);

-- --------------------------------------------------------

--
-- Table structure for table `course_table`
--

CREATE TABLE `course_table` (
  `course_id` int(11) NOT NULL,
  `course_code` varchar(100) DEFAULT NULL,
  `course_description` varchar(255) DEFAULT NULL,
  `course_unit` int(11) DEFAULT NULL,
  `lec_unit` int(11) DEFAULT NULL,
  `lab_unit` int(11) DEFAULT NULL,
  `prereq` varchar(255) DEFAULT NULL,
  `corequisite` varchar(255) DEFAULT NULL,
  `office_duty` int(1) NOT NULL DEFAULT 0
) ENGINE=InnoDB DEFAULT CHARSET=utf8mb4 COLLATE=utf8mb4_general_ci;

--
-- Dumping data for table `course_table`
--

INSERT INTO `course_table` (`course_id`, `course_code`, `course_description`, `course_unit`, `lec_unit`, `lab_unit`, `prereq`, `corequisite`, `office_duty`) VALUES
(89, 'DRAWING1', 'Drawing I', 3, 1, 2, NULL, NULL, 0),
(90, 'GEKOMFIL', 'Kontekstwalisadong Komunikasyon sa Filipino', 3, 3, 0, NULL, NULL, 0),
(93, 'HISTWART', 'History of World Arts', 3, 3, 0, NULL, NULL, 0),
(94, 'MATRALS1', 'Materials I (Modeling 1)', 3, 1, 2, NULL, NULL, 0),
(95, 'NSTPROG1', 'National Service Training Program 1', 3, 3, 0, NULL, NULL, 0),
(98, 'DRAFTPER', 'Drafting and Perspective', 3, 1, 2, NULL, NULL, 0),
(99, 'DRAWING2', 'Drawing II', 3, 1, 2, NULL, NULL, 0),
(100, 'GEMATHMW', 'Mathematics in the Modern World', 3, 3, 0, NULL, NULL, 0),
(102, 'GEPEFITE', 'Fitness Exercises', 2, 2, 0, 'GEPEMOVE', NULL, 0),
(103, 'MATRALS 2 ', 'Materials II (Modeling 2)', 3, 1, 2, NULL, NULL, 0),
(104, 'NSTPROG2', 'National Service Training Program 2', 3, 3, 0, 'NSTPROG1', NULL, 0),
(105, 'TECHNQS2', 'Techniques II (Freehand Drawing 2)', 3, 1, 2, NULL, NULL, 0),
(107, 'GEELECGS', 'Gender and Society', 3, 3, 0, NULL, NULL, 0),
(108, 'GEELECIT', 'Living in Information Technology Era', 3, 2, 1, NULL, NULL, 0),
(109, 'GEPEHEF1', 'Physical Activity Towards Health and Fitness I', 2, 2, 0, 'GEPEMOVE', NULL, 0),
(112, 'MATRALS3', 'Materials III (Concept, Techniques, Process)', 3, 2, 1, NULL, NULL, 0),
(113, 'TECHNQS3', 'Techniques III (Color and Form 1)', 3, 1, 2, NULL, NULL, 0),
(114, 'VISSTUD1', 'Visual Studies 1 (Composition 1)', 3, 1, 2, NULL, NULL, 0),
(115, 'GEARTAPP', 'Art Appreciation', 3, 3, 0, NULL, NULL, 0),
(116, 'GEELECCP', 'Communicative Proficiency in Business Correspondence and Research Writing', 3, 3, 0, NULL, NULL, 0),
(117, 'GEETHICS', 'Ethics', 3, 3, 0, NULL, NULL, 0),
(119, 'GEPEHEF2', 'Physical Activity Towards Health and Fitness II', 2, 2, 0, NULL, NULL, 0),
(120, 'MATRALS4', 'Materials IV (Continuation of Materials III)', 3, 1, 2, NULL, NULL, 0),
(121, 'ORIEARTS', 'Oriental Arts', 3, 3, 0, NULL, NULL, 0),
(122, 'TECHNQS4', 'Techniques IV (Color and Form 2)', 3, 1, 2, NULL, NULL, 0),
(123, 'VISSTUD2', 'Visual Studies 2 (Composition 2)', 3, 1, 2, NULL, NULL, 0),
(124, 'ADVISTU1', 'Advanced Visual Studies 1 (Advanced Composition 1)', 3, 1, 2, NULL, NULL, 0),
(125, 'ARTTHEO1', 'Art Theory 1', 3, 1, 2, NULL, NULL, 0),
(126, 'ARTWORK1', 'Art Workshop 1 (Adobe Photoshop)', 3, 1, 2, NULL, NULL, 0),
(127, 'BTAPHOTO', 'Basic to Advance Photography', 3, 1, 2, NULL, NULL, 0),
(128, 'GECONTWO', 'The Contemporary World', 3, 3, 0, NULL, NULL, 0),
(129, 'GEREADPH', 'Readings in Philippine History', 3, 3, 0, NULL, NULL, 0),
(130, 'PAINTING1', 'Painting 1 (Exploration and Analysis of Concept in Painting)', 3, 1, 2, NULL, NULL, 0),
(131, 'PHILARTS', 'Philippine Art', 3, 3, 0, NULL, NULL, 0),
(132, 'ADVISTU2', 'Advanced Visual Studies 2 (Advanced Composition 2)', 3, 1, 2, NULL, NULL, 0),
(133, 'ARTTHEO2', 'Art Theory 2', 3, 1, 2, NULL, NULL, 0),
(134, 'ARTWORK2', 'Art Workshop 1 (Corel Draw)', 3, 2, 1, NULL, NULL, 0),
(135, 'FASHDES', 'Costume & Fashion Design', 3, 1, 2, NULL, NULL, 0),
(136, 'GACULHER', 'Gallery Visit and Cultural Heritage Tour ', 3, 3, 0, NULL, NULL, 0),
(138, 'GESCIENTS', 'Science and Technology ', 3, 3, 0, NULL, NULL, 0),
(139, 'PAINTING2', 'Painting 2 (Portfolio Presentation)', 3, 1, 2, NULL, NULL, 0),
(140, 'COOPEDUC', 'Cooperative Education (200 hours)/On-the-Job Training', 3, 1, 2, NULL, NULL, 0),
(141, 'ARTSEMR1', 'Art Seminar 1 (Art Issues 1)', 3, 1, 2, NULL, NULL, 0),
(142, 'ARTWORK3', 'Art Work 3 (Print Art)', 3, 2, 1, NULL, NULL, 0),
(143, 'GEELECES', 'Environmental Science', 3, 3, 0, NULL, NULL, 0),
(144, 'RESMETAR', 'Research Methods in the Arts', 5, 2, 3, NULL, NULL, 0),
(145, 'ARTSEMR2', 'Art Seminar 2 (Art Issues)', 3, 1, 2, NULL, NULL, 0),
(146, 'ARTWORK4', 'Art Workshop 4 (Installation Art and Mural Painting)', 3, 2, 1, NULL, NULL, 0),
(148, 'THESISPT', 'Thesis', 5, 2, 3, NULL, NULL, 0),
(154, 'LETTERING', 'Lettering', 3, 1, 2, NULL, NULL, 0),
(157, 'TECHNQS1', 'Techniques I (Freehand Drawing 1)', 3, 1, 2, NULL, NULL, 0),
(158, 'VISPERC1', 'Visual Perception 1 (Elements of Visual Arts)', 3, 1, 2, NULL, NULL, 0),
(159, 'DRAFTPER', 'Drafting and Perspective', 1, NULL, 2, NULL, NULL, 0),
(163, 'MATRALS2', 'Materials II (Modeling 2)', 3, 1, 2, NULL, NULL, 0),
(167, 'VISPERC2', 'Visual Perception 2 (Concept of Visual Org.)', 3, 1, 2, NULL, NULL, 0),
(168, 'DGTLDES1', 'Digital Design 1', 3, 1, 2, NULL, NULL, 0),
(169, 'FIGDRAW1', 'Figure Drawing 1', 3, 1, 2, NULL, NULL, 0),
(172, 'GESINEPP', 'Sinesosyedad/Pelikulang Panlipunan', 3, 3, 0, NULL, NULL, 0),
(174, 'PHOTOGH1', 'Photography 1', 3, 1, 2, NULL, NULL, 0),
(175, 'PRODTEC1', 'Production Technique 1', 3, 1, 2, NULL, NULL, 0),
(176, 'VISCODE1', 'Visual Communication Design 1', 3, 1, 2, NULL, NULL, 0),
(177, 'DGTLDES2', 'Digital Design 2', 3, 1, 2, NULL, NULL, 0),
(178, 'FIGDRAW2', 'Figure Drawing 2', 3, 1, 2, NULL, NULL, 0),
(182, 'PHOTOGH2', 'Photography 2', 3, 1, 2, NULL, NULL, 0),
(183, 'PRODTEC2', 'Production Technique 2', 3, 1, 2, NULL, NULL, 0),
(184, 'VISCODE2', 'Visual Communication Design 2', 3, 1, 2, NULL, NULL, 0),
(185, 'DGTHEORY', 'Design Theory', 3, 1, 2, NULL, NULL, 0),
(186, 'DGTLDES3', 'Digital Design 3', 3, 1, 2, NULL, NULL, 0),
(190, 'TEXTDESI', 'Basic to Advanced Textile Design', 3, 1, 2, NULL, NULL, 0),
(191, 'VISCODE3', 'Visual Comm Design 3', 3, 1, 2, NULL, NULL, 0),
(192, 'VISVERCO', 'Visual Verbal Communication', 3, 1, 2, NULL, NULL, 0),
(193, 'CREATRES', 'Creative Research', 3, 2, 1, NULL, NULL, 0),
(194, 'DGTLDES4', 'Digital Design 4', 3, 1, 2, NULL, NULL, 0),
(198, 'GESCIETS', 'Science, Technology and Society', 3, 3, 0, NULL, NULL, 0),
(199, 'PROVISCO', 'Problem in Visual Comm', 3, 1, 2, NULL, NULL, 0),
(200, 'VISCODE4', 'Visual Comm Design 4', 3, 1, 2, NULL, NULL, 0),
(204, 'PACKDESI', 'Basic to Advanced Package Design', 3, 1, 2, NULL, NULL, 0),
(205, 'PRTFOLIO', 'Portfolio', 3, 1, 2, NULL, NULL, 0),
(206, 'RESMETVC', 'Research Methods in Visual Communication', 7, 2, 5, NULL, NULL, 0),
(207, 'PRINTMAK', 'Basic to Advanced Print Making', 3, 1, 2, NULL, NULL, 0),
(208, 'SEMCREMA', 'Seminar in Creative Management', 3, 1, 2, NULL, NULL, 0),
(209, 'THESISVC', 'Thesis', 5, 2, 3, NULL, NULL, 0),
(210, 'VISMECHA', 'Visual Merchandising', 3, 1, 2, NULL, NULL, 0),
(216, 'INTRODPA', 'Introduction to Public Administration', 3, 3, 0, NULL, NULL, 0),
(217, 'KMGTICTP', 'Knowledge Management and ICT for PA', 3, 3, 0, NULL, NULL, 0),
(226, 'PHADTHIN', 'Philippine Administrative Thought and Institution', 3, 3, 0, NULL, NULL, 0),
(227, 'COMPARAD', 'Comparative Administration', 3, 3, 0, NULL, NULL, 0),
(231, 'ORGAMNGT', 'Organization and Management', 3, 3, 0, NULL, NULL, 0),
(232, 'PBPOLPRO', 'Public Policy Program Administration', 3, 3, 0, NULL, NULL, 0),
(233, 'POLIADMI', 'Politics and Administration', 3, 3, 0, NULL, NULL, 0),
(234, 'SPECSTAT', 'Elementary Statistics for Public Administration', 3, 3, 0, NULL, NULL, 0),
(235, 'BASICACC', 'Basic Accounting', 3, 3, 0, NULL, NULL, 0),
(238, 'HUMRSMGT', 'Human Resource Management', 3, 3, 0, NULL, NULL, 0),
(239, 'LOCGOVRA', 'Local Government and Regional Administration', 3, 3, 0, NULL, NULL, 0),
(240, 'PUBPERAD', 'Public Personnel Adminstration', 3, 3, 0, NULL, NULL, 0),
(241, 'SPECARDP', 'Argumentation and Debate in Politics', 3, 3, 0, NULL, NULL, 0),
(242, 'SPECPSYC', 'Psychology in Public Administration', 3, 3, 0, NULL, NULL, 0),
(243, 'ADOFPROC', 'Office and System Management', 3, 3, 0, NULL, NULL, 0),
(244, 'ELECTGPA', 'Globalization and Public Administration', 3, 3, 0, NULL, NULL, 0),
(245, 'GOVSORES', 'Good Governanace and Social Responsibility', 3, 3, 0, NULL, NULL, 0),
(246, 'PUBADECS', 'Public Administration and the Economic System', 3, 3, 0, NULL, NULL, 0),
(247, 'PUBFSADM', 'Public Fiscal Administration', 0, NULL, 3, NULL, NULL, 0),
(248, 'SPECCILJ', 'Introduction to Law and Jurisprudence', 3, 3, 0, NULL, NULL, 0),
(249, 'SPECPPAP', 'Parliamentary Practice and Procedure', 3, 3, 0, NULL, NULL, 0),
(250, 'ADMINLAW', 'Administrative Law', 3, 3, 0, NULL, NULL, 0),
(251, 'ELECTRPM', 'Records and Property Management', 3, 3, 0, NULL, NULL, 0),
(252, 'ELECTTPA', 'Tools and Property Management', 3, 3, 0, NULL, NULL, 0),
(253, 'HUMBEORG', 'Human Behavior in Organizations', 3, 3, 0, NULL, NULL, 0),
(254, 'LEADDECM', 'Leadership and Decision Making', 3, 3, 0, NULL, NULL, 0),
(255, 'PUBACBUD', 'Public Accounting and Budgeting', 3, 3, 0, NULL, NULL, 0),
(256, 'RESMEPA1', 'Research Methods in PA 1', 3, 3, 0, NULL, NULL, 0),
(257, 'ELECPPDM', 'Program & Project Developement in Management', 3, 3, 0, NULL, NULL, 0),
(258, 'GOVERDEV', 'Governance and Development', 3, 3, 0, NULL, NULL, 0),
(259, 'RESMEPA2', 'Research Methods in PA 2', 3, 3, 0, NULL, NULL, 0),
(260, 'SPCTOPPA', 'Special Topics in Public Administration', 3, 3, 0, NULL, NULL, 0),
(261, 'WRKETACT', 'Work Ethics and Accountability in Public Service', 3, 3, 0, NULL, NULL, 0),
(262, 'INTRNSHP', 'Internship in Government', 324, 149, 0, NULL, NULL, 0),
(263, 'CPROGLAB', 'Logic Formulation and Introduction to Programming (C Language) Laboratory', 1, NULL, 1, NULL, NULL, 0),
(264, 'CPROGLEC', 'Logic Formulation and Introduction to Programming (C Language) Lec.', 2, 2, 0, NULL, NULL, 0),
(270, 'MATHANA1', 'Calculus 1', 5, 5, 0, NULL, NULL, 0),
(271, 'NSTPCTS1', 'NSTP Civic Welfare Training Service 1', 3, 3, 0, NULL, NULL, 0),
(273, 'ADVCPLAB', 'Computer Programming 1 (Advanced C) Laboratory', 1, NULL, 1, 'CPROGLAB', 'ADVCPLEC', 0),
(274, 'ADVCPLEC', 'Computer Programming 1 (Advanced C) Lecture', 2, 2, 0, 'CPROGLEC', 'ADVCPLAB', 0),
(279, 'MATHANA2', 'Calculus 2', 5, 5, 0, 'MATHANA1', NULL, 0),
(282, 'NSTPMTS2', 'NSTP Military Training Service 2', 3, 3, 0, NULL, NULL, 0),
(284, 'PHYSLAB1', 'General Physics 1 (Mechanics) Laboratory', 1, NULL, 1, 'MATHANA1', 'PHYSLEC1', 0),
(285, 'PHYSLEC1', 'General Physics 1 (Mechanics) Lecture', 3, 3, 0, 'MATHANA1', 'PHYSLAB1', 0),
(286, 'COMETLAB', 'Computational Methods in Physics Laboratory', 1, NULL, 1, 'PHYSLAB1', 'COMETLEC', 0),
(287, 'COMETLEC', 'Computational Methods in Physics Lecture', 3, 3, 0, 'PHYSLEC1', 'COMETLAB', 0),
(288, 'DIFFEQUA', 'Differential Equations', 3, 3, 0, 'MATHANA2', NULL, 0),
(293, 'PHYSLAB2', 'General Physics 2 (Oscillations, Waves and Thermodynamics) Laboratory', 1, NULL, 1, 'PHYSLAB1', 'PHYSLEC2', 0),
(294, 'PHYSLEC2', 'General Physics 2 (Oscillations, Waves and Thermodynamics) Lecture', 3, 3, 0, 'PHYSLEC1', 'PHYSLAB2', 0),
(295, 'VBSQLLAB', 'Computer Programming 2 (Visual Basic with SQL) Laboratory', 1, 0, 1, 'ADVCPLAB', 'VBSQLLEC', 0),
(296, 'VBSQLLEC', 'Computer Programming 2 (Visual Basic with SQL) Lecture', 2, 2, 0, 'ADVCPLEC', 'VBSQLLAB', 0),
(297, 'ACMPLAB1', 'Advanced Computational Methods in Physics 1 Laboratory', 1, NULL, 1, 'COMETLAB', 'ACMPLEC1', 0),
(298, 'ACMPLEC1', 'Advanced Computational Methods in Physics 1 Lecture', 2, 2, 0, 'COMETLEC', 'ACMPLAB1', 0),
(299, 'GEELECEM', 'The Entrepreneurial Mind', 3, 3, 0, NULL, NULL, 0),
(303, 'JAVAPLAB', 'Computer Programming 3 (Java Programming) Laboratory', 1, NULL, 1, 'ADVCPLAB', 'JAVAPLEC', 0),
(304, 'JAVAPLEC', 'Computer Programming 3 (Java Programming) Lecture', 2, 2, 0, 'ADVCPLEC', 'JAVAPLAB', 0),
(305, 'MATHPHY1', 'Mathematical Methods in Physics 1', 3, 3, 0, 'DIFFEQUA', NULL, 0),
(306, 'PHYSLAB3', 'General Physics 3 (Electricity and Magnetism) Laboratory', 1, NULL, 1, 'PHYSLAB1', 'PHYSLEC3', 0),
(307, 'PHYSLEC3', 'General Physics 3 (Electricity and Magnetism) Lecture', 3, 3, 0, 'PHYSLEC1', 'PHYSLAB3', 0),
(308, 'ACMPLAB2', 'Advanced Computational Methods in Physics 2 Laboratory', 1, NULL, 1, 'ACMPLAB1', 'ACMPLEC2', 0),
(309, 'ACMPLEC2', 'Advanced Computational Methods in Physics 2 Lecture', 2, 2, 0, 'ACMPLEC1', 'ACMPLAB2', 0),
(310, 'APFELEC1', 'Free Elective 1', 3, 3, 0, NULL, NULL, 0),
(311, 'CLASMEC1', 'Classical Mechanics 1', 3, 3, 0, 'MATHANA2, PHYSLEC1', NULL, 0),
(312, 'MATHPHY2', 'Mathematical Methods in Physics 2', 3, NULL, 3, 'MATHPHY1', NULL, 0),
(313, 'MCONTLAB', 'Microcontroller Programming Laboratory', 1, NULL, 1, 'ADVCPLAB', 'CLASMEC1', 0),
(314, 'MCONTLEC', 'Microcontroller Programming Lecture', 2, 2, 0, 'ADVCPLEC', 'CLASMEC1', 0),
(315, 'MDRNPHYS', 'Modern Physics', 3, 3, 0, 'PHYSLEC3', NULL, 0),
(316, 'OPTPHLAB', 'Optics and Photonics Laboratory', 1, NULL, 1, 'PHYSLAB2', 'OPTPHLEC', 0),
(317, 'OPTPHLEC', 'Optics and Photonics Lecture', 2, 2, 0, 'PHYSLEC2', 'OPTPHLAB', 0),
(318, 'ADLABLAB', 'Advanced Lab (Laboratory)', 1, NULL, 1, NULL, 'ADLABLEC', 0),
(319, 'ADLABLEC', 'Advanced Lab (Lecture)', 2, 2, 0, NULL, 'ADLABLAB', 0),
(320, 'APFELEC2', 'Free Elective 2', 3, 3, 0, NULL, NULL, 0),
(321, 'APTHESI1', 'Thesis 1 (Research Methodology)', 3, 3, 0, '3rd Year Standing*', NULL, 0),
(322, 'BELECLAB', 'Basic Electronics Laboratory', 1, NULL, 1, 'PHYSLAB3', 'BELECLEC', 0),
(323, 'BELECLEC', 'Basic Electronics Lecture', 3, 3, 0, 'PHYSLEC3', 'BELECLAB', 0),
(324, 'CLASMEC2', 'Classical Mechanics 2', 3, 3, 0, 'CLASMEC1', NULL, 0),
(325, 'ELECMAT1', 'Electromagnetic Theory 1', 3, 3, 0, 'DIFFEQUA', NULL, 0),
(326, 'SOFDDLAB', 'Software Design and Documentation (Laboratory)', 1, NULL, 1, 'VBSQLLAB', 'SOFDDLEC', 0),
(327, 'SOFDDLEC', 'Software Design and Documentation (Lecture)', 2, 2, 0, 'VBSQLLEC', 'SOFDDLAB', 0),
(328, 'APTHESI2', 'Thesis 2 (Experimentation)', 3, 3, 0, 'APTHESI1', NULL, 0),
(329, 'ELECMAT2', 'Electromagnetic Theory 2', 3, 3, 0, 'ELECMAT1', NULL, 0),
(331, 'GEPANIPI', 'Panitikan sa Pilipinas/Philippine Literature', 3, 3, 0, 'GEFILDIS', NULL, 0),
(332, 'PHYSEDUC', 'Physics Education', 3, 3, 0, NULL, NULL, 0),
(333, 'QUANMECH', 'Quantum Mechanics', 3, 3, 0, 'MDRNPHYS', NULL, 0),
(334, 'SOLIDSTA', 'Solid State Physics', 3, 3, 0, 'MATHPHY2', NULL, 0),
(335, 'STATMECH', 'Statistical Mechanics', 3, 3, 0, 'DIFFEQUA', NULL, 0),
(336, 'APINTERN', 'Practicum/Internship', 9, 9, 0, '4th Year Standing*', NULL, 0),
(337, 'ARDES111', 'Architectural Design 1 - Introduction to Design', 2, 1, 1, NULL, NULL, 0),
(338, 'ARGRAPH1', 'Architectural Visual Communication 1 -  Graphics 1', 3, 1, 2, NULL, NULL, 0),
(339, 'ARHISTO1', 'History of Architecture 1', 2, 2, 0, NULL, NULL, 0),
(340, 'ARTHEOR1', 'Theory of Architecture 1', 2, 1, 1, NULL, NULL, 0),
(341, 'ARVITEC1', 'Architectural Visual Communication 2 -  Visual Techniques 1', 2, 1, 1, NULL, NULL, 0),
(346, 'SOLMENSU', 'Solid Mensuration', 2, 2, 0, NULL, NULL, 0),
(347, 'ARBTECH1', 'Building Technology1 - Building  Materials', 3, 3, 0, NULL, NULL, 0),
(348, 'ARDES122', 'Architectural Design 2 - Creative Design  and Fundamentals', 2, 1, 1, 'ARDES111', 'ARTHEOR1', 0),
(349, 'ARGRAPH2', 'Architectural Visual Communication 3 -  Graphics 2', 3, 1, 2, 'ARGRAPH1', NULL, 0),
(350, 'ARINTERI', 'Architectural Interiors', 2, 1, 1, 'ARTHEOR1', NULL, 0),
(351, 'ARTHEOR2', 'Theory of Architecture 2', 2, 2, 0, 'ARTHEOR1', NULL, 0),
(352, 'ARVITEC2', 'Architectural Visual Communication 4 -  Visual Techniques 2', 2, 1, 1, 'ARVITEC1', NULL, 0),
(353, 'CALCULUS', 'Differential and Integral Calculus', 3, 3, 0, 'REMMCRAT', NULL, 0),
(357, 'ARBUTIL1', 'Building Utilities 1 Plumbing and  Sanitary Systems', 3, 2, 1, NULL, NULL, 0),
(358, 'ARDES213', 'Architectural Design 3 - Creative Design  in Architectural Interiors', 3, 1, 2, 'ARDES122', 'ARTHEOR2', 0),
(359, 'ARHISTO2', 'History of Architecture 2', 2, 2, 0, 'ARHISTO1', NULL, 0),
(360, 'ARTRODES', 'Tropical Design', 2, 2, 0, NULL, NULL, 0),
(361, 'ARVITEC3', 'Architectural Visual Communication 5 -  Visual Techniques 3', 2, 1, 1, 'ARVITEC2', NULL, 0),
(366, 'ARBTECH2', 'Building Technology 2 - Construction Drawings in Wood, Steel and Concrete (1- Storey)', 3, 2, 1, 'ARBTECH1', 'ARBUTIL1', 0),
(367, 'ARDES224', 'Architectural Design 4 - Space Planning 1', 3, 1, 2, 'ARDES213', NULL, 0),
(368, 'ARHISTO3', 'History of Architecture 3', 2, 2, 0, 'ARHISTO2', NULL, 0),
(373, 'STRIGBOD', 'Statics of Rigid Bodies', 3, 3, 0, 'REMMCRAT', NULL, 0),
(374, 'SURVEYNG', 'Surveying', 3, 2, 1, 'REMMCRAT', NULL, 0),
(375, 'ARBTECH3', 'Building Technology 3 - Construction Drawings in Wood, Steel and Concrete (2-Storey Residential Structures)', 3, 2, 1, 'ARBTECH2', 'ARBUTIL1', 0),
(376, 'ARBUTIL2', 'Building Utilities 2 - Electrical, Electronics and Mechanical Systems', 3, 2, 1, 'ARBUTIL1', NULL, 0),
(377, 'ARCADD11', 'Computer-Aided Design and Drafting for  Architecture 1', 2, 1, 1, 'ARVITEC3', NULL, 0),
(378, 'ARDES315', 'Architectural Design 5 - Space Planning 2', 4, 1, 3, 'ARDES224', NULL, 0),
(379, 'ARHISTO4', 'History of Architecture 4', 2, 2, 0, 'ARHISTO3', NULL, 0),
(382, 'STROFMAT', 'Strength of Materials', 3, 3, 0, 'EEMCH_211', NULL, 0),
(383, 'ARBTECH4', 'Building Technolgy 4 - Specification Writing and Quantity Surveying', 3, 2, 1, 'ARBTECH3', NULL, 0),
(384, 'ARBUTIL3', 'Building Utilities 3 - Acoustics and  Lighting Systems', 3, 2, 1, 'ARBUTIL2', NULL, 0),
(385, 'ARCADD12', 'Computer-Aided Design and Drafting for  Architecture 2/BIM', 2, 1, 1, 'ARCADD11', NULL, 0),
(386, 'ARDES326', 'Architectural Design 6 - Site Development, Planning and Landscaping', 4, 1, 3, 'ARDES315', NULL, 0),
(387, 'ARPLANN1', 'Planning 1 - Site Planning and Landscape Architecture', 3, 3, 0, 'SURVEYNG', 'ARTRODES', 0),
(388, 'ARPROPR1', 'Professional Practice 1 - Laws Affecting the Practice of Architecture', 3, 3, 0, NULL, NULL, 0),
(390, 'STRUCTUR', 'Theory of Structures', 3, 3, 0, 'STROFMAT', NULL, 0),
(391, 'INDUSTRY', 'Industry Immersion', 3, 0, 3, NULL, NULL, 0),
(392, 'ARDES417', 'Architectural Design 7 - Community Architecture and Urban Design', 5, 1, 4, 'ARDES326', NULL, 0),
(393, 'ARBTECH5', 'Building Technology 5 - Alternative Building Construction Systems', 3, 2, 1, 'ARBTECH3', NULL, 0),
(394, 'ARPLANN2', 'Planning 2 - Fundamentals of Urban Design and Community Architecture', 3, 3, 0, 'ARPLANN1', NULL, 0),
(395, 'ARPROPR2', 'Professional Practice 2 - Administering the Regular Services of the Architect', 3, 3, 0, 'ARPROPR1', NULL, 0),
(396, 'STEELTIM', 'Steel and Timber Design', 3, 3, 0, 'STRUCTUR', NULL, 0),
(397, 'ARRESMET', 'Research Method for Architecture', 3, 3, 0, NULL, NULL, 0),
(399, 'ARDES428', 'Architectural Design 8 - Design of  Complex Structure', 5, 1, 4, 'ARDES417', NULL, 0),
(400, 'CONMGMT1', 'Specialization 1 - Construction Project  Management', 3, 3, 0, NULL, NULL, 0),
(401, 'ARPLANN3', 'Planning 3 - Introduction to Urban and  Regional Planning', 3, 3, 0, NULL, NULL, 0),
(402, 'ARPROPR3', 'Professional Practice 3 - Global Practice  in the 21st Century', 3, 3, 0, NULL, NULL, 0),
(403, 'ARBMGMT1', 'Business Management and Application  for Architecture 1', 3, 3, 0, NULL, NULL, 0),
(404, 'STRUARCH', 'Architectural Structures', 3, 3, 0, NULL, NULL, 0),
(405, 'ARDES519', 'Architectural Design 9 - Thesis Research  Writing', 5, 1, 4, NULL, NULL, 0),
(406, 'CONMGMT2', 'Specialization 2 - Construction Time  Management', 3, 3, 0, NULL, NULL, 0),
(407, 'ARHOUSNG', 'Human Settlements and Housing', 2, 2, 0, NULL, NULL, 0),
(408, 'CONMGMT3', 'Specialization 3 - Construction Resource  Management', 3, 3, 0, NULL, NULL, 0),
(409, 'ARBMGMT2', 'Business Management and Application  for Architecture 2', 3, 3, 0, NULL, NULL, 0),
(411, 'ARDES520', 'Architectural Design 10 - Thesis Research Application', 5, 1, 4, NULL, NULL, 0),
(412, 'ADOPMNGT', 'Administrative Office Procedure and  Management', 3, 3, 0, NULL, NULL, 0),
(413, 'ADWOVAAC', 'Administrative Work Values and  Accountability', 3, 3, 0, NULL, NULL, 0),
(420, 'ORGNMNGT', 'Management (Organization and  Management)', 3, 3, 0, NULL, NULL, 0),
(427, 'RCRTSELC', 'Recruitment and Selection', 3, 3, 0, NULL, NULL, 0),
(428, 'ACCOUNT1', 'Accounting for Service and Trading  Industry', 3, 3, 0, NULL, NULL, 0),
(432, 'LBRLWLEG', 'Labor Laws and Legislation', 3, 3, 0, NULL, NULL, 0),
(433, 'MICROECO', 'Microeconomics', 3, 3, 0, NULL, NULL, 0),
(435, 'TRNGDEVT', 'Training and Development', 3, 3, 0, NULL, NULL, 0),
(436, 'ACCOUNT2', 'Accounting for Merchandising Industry', 3, 3, 0, 'ACCOUNT1', NULL, 0),
(437, 'COMPEADM', 'Compensation Administration', 3, 3, 0, NULL, NULL, 0),
(438, 'ENTREMGT', 'Entrepreneurial Management', 3, 3, 0, NULL, NULL, 0),
(442, 'LBRRLNEG', 'Labor Relations & Negotiations', 3, 3, 0, NULL, NULL, 0),
(444, 'GEPHILIT', 'Philippine Literature', 3, 3, 0, NULL, NULL, 0),
(446, 'HRBUSRS1', 'Business Research in HRM (Thesis 1)', 3, 3, 0, NULL, NULL, 0),
(447, 'INCMTAXN', 'Income Taxation', 3, 3, 0, 'ACCOUNT2', NULL, 0),
(448, 'PROJMNGT', 'Project Management', 3, 3, 0, NULL, NULL, 0),
(449, 'BUSITAXN', 'Taxation 2 (Business Taxation)', 3, 3, 0, 'INCMTAXN', NULL, 0),
(451, 'HRBUSRS2', 'Business Research in HRM (Thesis 2)', 3, 3, 0, NULL, NULL, 0),
(452, 'INTLBATT', 'International Business and Trade', 3, 3, 0, NULL, NULL, 0),
(453, 'MGRLACCT', 'Managerial Accounting', 3, 3, 0, 'ACCOUNT2', NULL, 0),
(454, 'ORGNDEVT', 'Organizational Development', 3, 3, 0, NULL, NULL, 0),
(455, 'BUSLWOBL', 'Business Law (Obligations &  Contract)', 3, 3, 0, NULL, NULL, 0),
(456, 'SPCLHRDM', 'Special Topics in HRM', 3, 3, 0, NULL, NULL, 0),
(457, 'STRAMNGT', 'Strategic Management', 3, 3, 0, NULL, NULL, 0),
(458, 'HRDMPRAC', 'HRM Practicum (600 hours)', 6, 6, 0, NULL, NULL, 0),
(463, 'HURSMNGT', 'Human Resource Management', 3, 3, 0, NULL, NULL, 0),
(464, 'KEYDOCPR', 'Keyboarding and Documents Processing  1', 3, 3, 0, NULL, NULL, 0),
(468, 'BUSIMKTG', 'Business Marketing', 3, 3, 0, NULL, NULL, 0),
(481, 'MKTGMNGT', 'Marketing Management', 3, 3, 0, 'BUSIMKTG', NULL, 0),
(482, 'RETLMNGT', 'Retail Management', 3, 3, 0, 'BUSIMKTG', NULL, 0),
(484, 'ADVERTSG', 'Advertising', 3, 3, 0, 'MKTGMNGT', NULL, 0),
(485, 'CONSBHVR', 'Consumer Behavior', 3, 3, 0, NULL, NULL, 0),
(488, 'MKTRESCH', 'Market Research and Consumer Behavior', 3, 3, 0, 'MKTGMNGT', NULL, 0),
(489, 'PRODMNGT', 'Product Management', 3, 3, 0, 'RETLMNGT', NULL, 0),
(490, 'SALEMNGT', 'Sales Management', 3, 3, 0, 'RETLMNGT', NULL, 0),
(491, 'DISTMNGT', 'Distribution Management', 3, 3, 0, 'PRODMNGT', NULL, 0),
(492, 'ENTRMNGT', 'Entrepreneurial Management', 3, 3, 0, NULL, NULL, 0),
(493, 'FRANCHIS', 'Franchising', 3, 3, 0, NULL, NULL, 0),
(497, 'MMBUSRS1', 'Business Research in Marketing Management (Thesis 1)', 3, 3, 0, 'MKTRESCH', NULL, 0),
(500, 'MMBUSRS2', 'Business Research in Marketing Mgt.  (Thesis 2)', 3, 3, 0, 'MMBUSRS1', NULL, 0),
(501, 'PRICSTRA', 'Pricing and Costing', 3, 3, 0, 'DISTMNGT', NULL, 0),
(502, 'PROFSALE', 'Professional Salesmanship', 3, 3, 0, NULL, NULL, 0),
(505, 'OPTNMNGT', 'Operations Management (TQM)', 3, 3, 0, NULL, NULL, 0),
(507, 'MKTGPRAC', 'Marketing Practicum (600 hrs.)', 6, 6, 0, 'MMBUSRS2', NULL, 0),
(508, 'CAD_101', 'Computer Aided Drafting', 1, NULL, 1, NULL, NULL, 0),
(509, 'CVL_311A', 'Fundamentals of Surveying', 4, 3, 1, NULL, NULL, 0),
(512, 'GEADCPBR', 'Communicative Proficiency in Business Correspondence and Research Writing', 3, 3, 0, NULL, NULL, 0),
(516, 'STRIGBOD', 'Statics of Rigid Bodies', 3, NULL, 0, NULL, NULL, 0),
(517, 'CENMECDB', 'Mechanics of Deformable Bodies', 5, 5, 0, 'MCH_311', NULL, 0),
(518, 'CVENG221', 'Construction Materials and Testing', 3, 2, 1, NULL, NULL, 0),
(519, 'CVENG222', 'Engineering Data Analysis', 3, 3, 0, NULL, NULL, 0),
(520, 'CVENG223', 'Engineering Surveys', 4, 2, 2, NULL, NULL, 0),
(521, 'CVENG224', 'Geology for Civil Engineering', 2, 2, 0, NULL, NULL, 0),
(522, 'GEADDPDS', 'Practical Data Science', 3, 3, 0, NULL, NULL, 0),
(525, 'MCH_322', 'Dynamics of Rigid Bodies', 2, 2, 0, 'MCH_311', NULL, 0),
(527, 'CVENG311', 'Engineering Utilities 1', 3, 3, 0, NULL, NULL, 0),
(528, 'CVENG312', 'Engineering Utilities 2', 3, 3, 0, NULL, NULL, 0),
(529, 'CVENG313', 'Highway and Railroad Engineering', 3, 3, 0, NULL, NULL, 0),
(530, 'CVENG314', 'Numerical Solution to CE Problems', 3, 2, 1, NULL, NULL, 0),
(531, 'CVENG315', 'Structural Theory', 5, 4, 1, NULL, NULL, 0),
(532, 'CVENG316', 'Engineering Management', 2, 2, 0, NULL, NULL, 0),
(535, 'CVENG321', 'Building System Design', 3, 2, 1, NULL, NULL, 0),
(536, 'CVENG322', 'Hydraulics', 5, 4, 1, NULL, NULL, 0),
(537, 'CVENG323', 'Principles of Reinforced/Prestressed  Concrete', 4, 3, 1, NULL, NULL, 0),
(538, 'CVENG324', 'Principles of Steel Design', 4, 3, 1, NULL, NULL, 0),
(539, 'CVENG325', 'Timber Design', 3, 2, 1, NULL, NULL, 0),
(540, 'CVENG327', 'Hydrology', 2, 2, 0, NULL, NULL, 0),
(541, 'CENOTJOB', 'On-the-Job Training (300 hours)', 3, 3, 0, NULL, NULL, 0),
(542, 'CVENG411', 'CE Project 1', 2, 1, 1, NULL, NULL, 0),
(543, 'CVENG413', 'Geotechnical Engineering 1 (Soil  Mechanics)', 4, 3, 1, NULL, NULL, 0),
(544, 'CVENG414', 'Principles of Transportation Engineering', 3, 3, 0, NULL, NULL, 0),
(545, 'CVENGSP1', 'Professional Course- Specialized 1 (Water Resources and Coastal Engineering)', 3, 3, 0, NULL, NULL, 0),
(546, 'CVENGSP2', 'Professional Course- Specialized 2 (Earthquake Engineering)', 3, 3, 0, NULL, NULL, 0),
(547, 'CVENGSP3', 'Professional Course- Specialized 3 (Bridge Engineering)', 3, 3, 0, NULL, NULL, 0),
(548, 'CVENG422', 'CE Project 2', 2, 1, 1, NULL, NULL, 0),
(549, 'CVENG423', 'Construction Methods and Project Management', 4, 3, 1, NULL, NULL, 0),
(550, 'CVENG427', 'Quantity Surveying', 2, 1, 1, NULL, NULL, 0),
(551, 'CVENGSP4', 'Professional Course-Specialized 4 (Construction Cost Engineering)', 3, 3, 0, NULL, NULL, 0),
(552, 'CVENGSP5', 'Professional Course-Specialized 5 (Foundation Engineering)', 3, 3, 0, NULL, NULL, 0),
(553, 'CVENG_421', 'CE Laws, Ethics and Contracts', 3, 3, 0, NULL, NULL, 0),
(554, 'CENMAT01', 'Differential Calculus', 3, 3, 0, NULL, NULL, 0),
(563, 'CHE_102', 'Analytical Chemistry', 5, 4, 1, 'NATSCI_SP_102', NULL, 0),
(568, 'NATSCI103A', 'Physics for Engineers (Calculus Based)', 4, 3, 1, 'CENMAT01, CENMATH_111', NULL, 0),
(570, 'ALCHE_03A', 'Organic Chemistry', 5, 4, 1, 'MATH_104', NULL, 0),
(571, 'CHE0211A', 'Chemical Engineering Calculations', 4, 3, 1, 'CHE_102', NULL, 0),
(573, 'EEMCH_211', 'Engineering Mechanics', 3, 3, 0, 'NATSCI103A', NULL, 0),
(577, 'MM16', 'Engineering Data Analysis', 3, 3, 0, 'MM15', NULL, 0),
(578, 'ALCHE_04', 'Physical Chemistry for Engineers 1', 3, 2, 1, 'CHE_102, MATH_104, ALCHE_03A', NULL, 0),
(579, 'ALCHE_05', 'Fundamentals of Material Science and  Engineering', 3, 3, 0, 'CHE_102, ALCHE_03A', NULL, 0),
(580, 'CHENG_02', 'Introduction to Transport Phenomena and Momentum Transfer', 3, 2, 1, 'CHE0211A, DIFFEQUA', NULL, 0),
(581, 'CHENG_03', 'Chemical Engineering Thermodynamics', 3, 3, 0, 'NATSCI_SP_102, NATSCI103A,  CHE0211A', NULL, 0),
(582, 'CHENG_04', 'Advanced Engineering Math in CHE', 3, 3, 0, 'DIFFEQUA', NULL, 0),
(583, 'GENCAD_111', 'Computer Aided Design', 4, NULL, 4, NULL, NULL, 0),
(585, 'STROFMAT', 'Strength of Materials', 3, NULL, 0, NULL, NULL, 0),
(586, 'ALCHE306', 'Introduction to Biotechnology', 3, 3, 0, NULL, NULL, 0),
(587, 'CENENVIR', 'Environmental Science and Engineering', 3, 3, 0, NULL, NULL, 0),
(588, 'CHENG306', 'Heat and Mass Transfer', 5, 4, 1, 'CHENG_02', NULL, 0),
(589, 'CHENG307', 'Physical Chemistry for Engineers 2', 3, 2, 1, 'ALCHE_04', NULL, 0),
(590, 'CHENG308', 'Solution Thermodynamics', 3, 3, 0, 'CHENG_03', NULL, 0),
(591, 'CHENG309', 'Methods of Research', 3, 3, 0, 'GEPURPCO, CHE0211A', 'CHENG307', 0),
(592, 'CHENG310', 'Computer Application in ChE', 3, 2, 1, 'GENCAD_111', NULL, 0),
(593, 'EEENG411', 'Electrical Standards and Practices', 1, 0, 1, 'NATSCI103A', NULL, 0),
(595, 'ALCHE308', 'Basic and Inferential Statistics', 3, 3, 0, NULL, NULL, 0),
(596, 'CENENECO', 'Engineering Economy', 3, 3, 0, NULL, NULL, 0),
(597, 'CHENG311', 'Chemical Reaction Engineering', 4, 3, 1, 'CHENG_04, CHENG306, CHENG307', NULL, 0),
(598, 'CHENG312', 'Chemical Engineering Lab', 1, NULL, 1, 'CHENG_02, CHENG306', NULL, 0),
(599, 'CHENG313', 'Particle Technology', 3, 2, 1, 'CHENG_02', NULL, 0),
(600, 'CHENG314', 'Separation Processes', 3, 2, 1, 'CHENG306', NULL, 0),
(601, 'CHENG315', 'Chemical Process Industries', 3, 3, 0, 'CHE0211A', NULL, 0),
(602, 'CHENG316', 'Track Specialization 1 (Paints and  Coatings)', 3, 3, 0, NULL, NULL, 0),
(605, 'CHENG417', 'Chemical Engineering Design 1', 2, 1, 1, 'CHENG311, CHENG313, CHENG314', NULL, 0),
(606, 'CHENG418', 'Biochemical Engineering', 3, 3, 0, 'ALCHE306, CHENG311', NULL, 0),
(607, 'CHENG419', 'Chemical Engineering Lab 2', 1, NULL, 1, 'CHENG312', NULL, 0),
(608, 'CHENG420', 'Chemical Process Lab', 1, NULL, 1, 'ALCHE_03A', NULL, 0),
(612, 'CHENG421', 'Process Safety', 1, 1, 0, NULL, NULL, 0),
(613, 'CHENG422', 'Track Specialization 2 (Air Pollution)', 3, 3, 0, 'CENENVIR, CHENG313', NULL, 0),
(614, 'CHENG423', 'Chemical Engineering Laws and Ethics', 3, 3, 0, 'GEETHICS', NULL, 0),
(615, 'CHENG424', 'Chemical Engineering Design 2', 3, 2, 1, 'CENENECO, CHENG417, CHENG425', NULL, 0),
(616, 'CHENG425', 'Process Dynamics and Control', 3, 2, 1, 'CHENG_04', NULL, 0),
(617, 'CENTECNO', 'Technopreneurship', 3, 3, 0, NULL, NULL, 0),
(618, 'CHENG426', 'Industrial Waste Management and  Control', 3, 3, 0, 'CENENVIR, CHENG313 ', NULL, 0),
(619, 'CHENG427', 'Field Trips and Seminars', 1, NULL, 1, 'CHENG311', NULL, 0),
(620, 'CHENG428', 'Quantitative Methods in Management', 3, 3, 0, 'CVENG316', NULL, 0),
(621, 'CHENG429', 'Track Specialization 3 (Energy  Engineering)', 3, 3, 0, 'CHENG422', NULL, 0),
(622, 'CHENG430', 'Course Integration', 3, 3, 0, NULL, NULL, 0),
(623, 'CENCAD_111', 'Computer Aided Drafting', 1, NULL, 1, NULL, NULL, 0),
(625, 'CENMATH_111', 'Mathematics for Engineers', 3, 3, 0, NULL, NULL, 0),
(626, 'CPENG111', 'Computer Engineering as a Discipline', 1, 1, 0, NULL, NULL, 0),
(632, 'CPE_112', 'Object Oriented Programming', 2, NULL, 2, 'CPENG111', NULL, 0),
(633, 'CPE_113', 'Programming Logic and Design', 2, NULL, 2, NULL, NULL, 0),
(637, 'MATH_104_5C', 'Integral Calculus', 5, 5, 0, 'CENMAT01', NULL, 0),
(638, 'MATH_122', 'Engineering Data Analysis', 3, 3, 0, 'CENMAT01', NULL, 0),
(641, 'CPENG211', 'Data Structures and Algorithm Analysis', 2, NULL, 2, 'CPE_112', NULL, 0),
(643, 'EEENG211', 'Fundamentals of Electrical Circuits', 4, 3, 1, NULL, NULL, 0),
(651, 'CPENG221', 'Numerical Methods', 3, 3, 0, 'DIFFEQUA', NULL, 0),
(652, 'CPENG222', 'Software Design', 4, 3, 1, 'CPENG211', NULL, 0),
(653, 'ECENG221', 'Fundamentals of Electronic Circuits', 4, 3, 1, NULL, NULL, 0),
(659, 'CPEELEC1', 'Cognate/Elective Course 1', 3, 3, 0, NULL, NULL, 0),
(660, 'CPENG311', 'Logic Circuits and Design', 4, 3, 1, 'ECENG221', NULL, 0),
(661, 'CPENG312', 'Data and Digital Communications', 3, 3, 0, 'ECENG221', NULL, 0),
(662, 'CPENG313', 'CPE Drafting & Design', 1, NULL, 1, 'CENCAD_111', NULL, 0),
(663, 'CPENG314', 'Operating Systems', 4, 3, 1, 'CPENG222', NULL, 0),
(664, 'CPENG315', 'Discrete Mathematics', 3, 3, 0, 'CPENG221', NULL, 0),
(665, 'MXSIGSEN', 'Fundamentals of Mixed Signal &  Sensors', 3, 3, 0, 'ECENG221', NULL, 0),
(667, 'CPEELEC2', 'Cognate/Elective Course 2', 3, 3, 0, 'CPEELEC1', NULL, 0),
(668, 'CPENG321', 'Basic Occupational Health & Safety', 3, 3, 0, NULL, NULL, 0),
(669, 'CPENG322', 'Computer Network and Security', 4, 3, 1, 'CPENG312', NULL, 0),
(670, 'CPENG323', 'Microprocessors', 4, 3, 1, 'CPENG311', NULL, 0),
(671, 'CPENG324', 'CpE Laws and Professional Practice', 2, 2, 0, NULL, NULL, 0),
(674, 'CPENG411', 'Methods of Research', 2, 2, 0, 'MATH_122', NULL, 0),
(675, 'CPENG412', 'Computer Architecture and Organization', 4, 3, 1, 'CPENG323', NULL, 0),
(676, 'CPENG413', 'Embedded Systems', 4, 3, 1, 'CPENG323', NULL, 0),
(677, 'CPENG414', 'Emerging Technologies in CpE', 3, 3, 0, NULL, NULL, 0),
(678, 'CPENG415', 'CpE Practice and Design 1', 1, NULL, 1, 'CPENG323', NULL, 0),
(679, 'CPENG416', 'Feedback and Control System', 3, 3, 0, 'CPENG221', NULL, 0),
(681, 'CPEELEC3', 'Cognate/Elective Course 3', 3, 3, 0, 'CPEELEC2', NULL, 0),
(682, 'CPENG421', 'CpE Practice and Design 2', 2, NULL, 2, 'CPENG415', NULL, 0),
(683, 'CPENG422', 'Digital Signal Processing', 4, 3, 1, 'CPENG416', NULL, 0),
(684, 'CPENG423', 'Introduction to HDL', 1, NULL, 1, 'CPENG311', NULL, 0),
(685, 'CPENG424', 'Seminars and Field Trips', 1, NULL, 1, NULL, NULL, 0),
(686, 'C1INTCRI', 'Introduction to Criminology', 3, 3, 0, NULL, NULL, 0),
(693, 'GEPEFOMA', 'Fundamentals of Martial Arts', 2, 2, 0, NULL, NULL, 0),
(696, 'C2HUMBEV', 'Human Behavior and Victimology', 3, 3, 0, NULL, NULL, 0),
(697, 'CL1IPCJS', 'Introduction to Philippine Criminal  Justice System', 3, 3, 0, NULL, NULL, 0),
(700, 'GEPEAADT', 'Arnis and Disarming Techniques', 2, 2, 0, NULL, NULL, 0),
(704, 'L1LAEOAD', 'Law Enforcement Organization and  Administration', 4, 4, 0, NULL, NULL, 0),
(706, 'C3THCACR', 'Theories and Causes of Crime', 3, 3, 0, NULL, NULL, 0),
(707, 'C4PECSTA', 'Professional Conduct and Ethical  Standards', 3, 3, 0, NULL, NULL, 0),
(708, 'F1FORPHO', 'Forensic Photography', 3, 2, 1, NULL, NULL, 0),
(709, 'GEADCHEM', 'General Chemistry (Organic)', 3, 2, 1, NULL, NULL, 0),
(712, 'GEPEFAWS', 'First Aid and Water Safety', 2, 2, 0, NULL, NULL, 0),
(713, 'L2CONOPO', 'Comparative Models in Policing', 3, 3, 0, NULL, NULL, 0),
(714, 'L3LEPCMP', 'Law Enforcement Operation and Planning with Crime Mapping', 3, 3, 0, NULL, NULL, 0),
(715, 'C5DRCIMA', 'Dispute Resolution and Crises/Incidents  Management', 3, 3, 0, NULL, NULL, 0),
(716, 'CD1FCIIN', 'Fundamentals of Criminal Investigation  and Intelligence', 4, 4, 0, NULL, NULL, 0),
(717, 'CD2IRWP1', 'Technical English 1 Investigative Report  Writing and Presentation', 3, 3, 0, NULL, NULL, 0),
(718, 'CL2CLBO1', 'Criminal Law (Book 1)', 3, 3, 0, NULL, NULL, 0),
(719, 'F2PEIDTE', 'Personal Identification Techniques', 3, 2, 1, NULL, NULL, 0),
(720, 'F3FOCHTO', 'Forensic Chemistry and Toxicology', 5, 3, 2, NULL, NULL, 0),
(721, 'GEPEFUMM', 'Fundamentals of Marksmanship', 2, 2, 0, NULL, NULL, 0),
(722, 'C6JDAJJS', 'Juvenile Delinquency and Juvenile  Justice System', 3, 3, 0, NULL, NULL, 0),
(723, 'CA1INSCO', 'Institutional Corrections', 3, 3, 0, NULL, NULL, 0),
(724, 'CD3TELF2', 'Technical English 2 (Legal Forms)', 3, 3, 0, NULL, NULL, 0),
(725, 'CD4TMAID', 'Traffic Management and Accident Investigation with Driving', 3, 3, 0, NULL, NULL, 0),
(726, 'CFLM1NAP', 'Character Formation 1 - Nationalism and  Patriotism', 3, 3, 0, NULL, NULL, 0),
(727, 'CL3CLBO2', 'Criminal Law (Book 2)', 4, 4, 0, NULL, NULL, 0),
(728, 'F4QUDOEX', 'Questioned Documents Examination', 3, 2, 1, NULL, NULL, 0),
(729, 'F5LIDETE', 'Lie Detection Techniques', 3, 2, 1, NULL, NULL, 0),
(730, 'L4INSECO', 'Introduction to Industrial Security  Concepts', 3, 3, 0, NULL, NULL, 0),
(731, 'C7CRIMAS', 'Criminological Reserch 1 (Research Methods with Applied Statistics)', 3, 3, 0, NULL, NULL, 0),
(732, 'CA2NOICO', 'Non-Institutional Corrections', 3, 3, 0, NULL, NULL, 0),
(733, 'CD5SCI1M', 'Specialized Crime Investigation 1 with  Legal Medicine', 3, 3, 0, NULL, NULL, 0),
(734, 'CD7FPTAI', 'Fire Protection and Arson Investigation', 3, 3, 0, NULL, NULL, 0),
(735, 'CD8VDEAC', 'Vice and Drug Education and Control', 3, 3, 0, NULL, NULL, 0),
(736, 'CD9INCYB', 'Introduction to Cybercrime and Environmental Laws and Protection', 3, 2, 1, NULL, NULL, 0),
(737, 'CFLM2LDM', 'Character Formation 2 - Leadership, Decision Making, Management and Administration', 3, 3, 0, NULL, NULL, 0),
(738, 'CL4EVIDE', 'Evidence', 3, 3, 0, NULL, NULL, 0),
(739, 'F6FORBAL', 'Forensic Ballistics', 3, 2, 1, NULL, NULL, 0),
(740, 'C8CR2TWP', 'Criminological Research 2 (Thesis Writing and Presentation)', 3, 3, 0, NULL, NULL, 0),
(741, 'CA3THEMO', 'Therapeutic Modalities', 2, 2, 0, NULL, NULL, 0),
(742, 'CD6SCI2I', 'Specialized Crime Investigation 2 with Simulation in Interrogation and Interview', 3, 3, 0, NULL, NULL, 0),
(743, 'CL5CPCTE', 'Criminal Procedure and Court  Testimony', 3, 3, 0, NULL, NULL, 0),
(744, 'CL6HURIE', 'Human Rights Education', 3, 3, 0, NULL, NULL, 0),
(745, 'CP1IOJT1', 'Internship (OJT 1) 180hrs', 2, 2, 0, NULL, NULL, 0),
(746, 'FPROGLAB', 'Computer Programming 1 (Fundamentals of Programming) Lab', 1, 0, 1, NULL, NULL, 0),
(747, 'FPROGLEC', 'Computer Programming 1 (Fundamentals of Programming) Lec', 2, 2, 0, NULL, NULL, 0),
(755, 'NTROCOMP', 'Introduction to Computing', 3, 3, 0, NULL, NULL, 0),
(756, 'DBMGTLAB', 'Database Management System  (Laboratory)', 1, 0, 1, NULL, NULL, 0),
(757, 'DBMGTLEC', 'Database Management System (Lecture)', 2, 2, 0, NULL, NULL, 0),
(758, 'DISSTRU1', 'Discrete Structure 1', 3, 3, 0, NULL, NULL, 0),
(763, 'IPROGLAB', 'Computer Programming 2 (Intermediate  Programming) Laboratory', 1, NULL, 1, 'FPROGLAB,FPROGLAB1', NULL, 0),
(764, 'IPROGLEC', 'Computer Programming 2 (Intermediate  Programming) Lecture', 2, 2, 0, 'FPROGLEC', NULL, 0),
(765, 'NSTPCWTS2', 'NSTP Civic Welfare Training Service 2', 3, 3, 0, 'NSTPROG1', NULL, 0),
(766, 'NSTPLTS2', 'NSTP Literacy Training Service 2', 3, 3, 0, 'NSTP-LTS_1', NULL, 0),
(769, 'DIGDELAB', 'Digital Logic Design (Laboratory)', 1, NULL, 1, NULL, NULL, 0),
(770, 'DIGDELEC', 'Digital Logic Design (Lecture)', 2, 2, 0, NULL, NULL, 0),
(771, 'DISSTRU2', 'Discrete Structure 2', 3, 3, 0, NULL, NULL, 0),
(772, 'DSALGLAB', 'Data Structures and Algorithm 1 (Laboratory)', 1, NULL, 1, NULL, NULL, 0),
(773, 'DSALGLEC', 'Data Structures and Algorithm 1 (Lecture)', 2, 2, 0, NULL, NULL, 0),
(776, 'OOPRGLAB', 'Object-Oriented Programming  (Laboratory)', 1, NULL, 1, NULL, NULL, 0),
(777, 'OOPRGLEC', 'Object-Oriented Programming (Lecture)', 2, 2, 0, NULL, NULL, 0),
(778, 'PHYCSLAB', 'Physics for Computer Scientists  (Laboratory)', 1, NULL, 1, NULL, NULL, 0),
(779, 'PHYCSLEC', 'Physics for Computer Scientists (Lecture)', 2, 2, 0, NULL, NULL, 0),
(780, 'CALCULUS', 'Differential and Integral Calculus', 3, 3, 0, NULL, NULL, 0),
(782, 'GPXVCLAB', 'Graphics and Visual Computing  (Laboratory)', 1, NULL, 1, NULL, NULL, 0),
(783, 'GPXVCLEC', 'Graphics and Visual Computing (Lecture)', 2, 2, 0, NULL, NULL, 0),
(784, 'INFOMGMT', 'Information Management', 3, 2, 1, NULL, NULL, 0),
(785, 'MICROBOT', 'Microprocessor & Introduction to  Robotics', 1, NULL, 1, NULL, NULL, 0),
(786, 'NETCOMMS', 'Networks and Communications', 3, 2, 1, NULL, NULL, 0),
(787, 'PROGLLAB', 'Programming Language (Laboratory)', 1, NULL, 1, NULL, NULL, 0),
(788, 'PROGLLEC', 'Programming Language (Lecture)', 2, 2, 0, NULL, NULL, 0),
(789, 'ALGCMPLX', 'Algorithm and Complexity', 3, 3, 0, NULL, NULL, 0),
(790, 'APDEVLAB', 'Application Development and Emerging  Technology (Laboratory)', 1, NULL, 1, NULL, NULL, 0),
(791, 'APDEVLEC', 'Application Development and Emerging  Technology (Lecture)', 2, 2, 0, NULL, NULL, 0),
(792, 'ARCHIORG', 'Architecture and Organization', 3, 3, 0, NULL, NULL, 0),
(793, 'HUCOMINT', 'Human Computer Interaction', 1, 1, 0, NULL, NULL, 0),
(794, 'INTELSYS', 'Intelligent Systems', 3, 3, 0, NULL, NULL, 0),
(795, 'OPERSYST', 'Operating System', 3, 2, 1, NULL, NULL, 0),
(796, 'SOFTENG1', 'Software Engineering 1', 3, 2, 1, NULL, NULL, 0),
(797, 'CSTHESI1', 'Thesis 1', 3, 3, 0, NULL, NULL, 0),
(798, 'GEELECDS', 'Practical Data Science', 3, 3, 0, NULL, NULL, 0),
(799, 'MOBAPLAB', 'Mobile Application Development (iOS  & Android) Laboratory', 1, NULL, 1, NULL, NULL, 0),
(800, 'MOBAPLEC', 'Mobile Application Development (iOS  & Android) Lecture', 2, 2, 0, NULL, NULL, 0),
(801, 'MOSIMLAB', 'Modeling and Simulation (Laboratory)', 1, NULL, 1, NULL, NULL, 0),
(802, 'PARACOMP', 'Parallel and Distributed Computing', 3, 3, 0, NULL, NULL, 0),
(803, 'SOFENGLA', 'Software Engineering 2 (Laboratory)', 1, NULL, 1, NULL, NULL, 0),
(804, 'SOFTENG2', 'Software Engineering 2 (Lecture)', 2, 2, 0, NULL, NULL, 0),
(805, 'AUTOMATA', 'Automata Theory and Formal Language', 3, 3, 0, NULL, NULL, 0),
(806, 'CSTHESI2', 'Thesis 2 (Lecture)', 2, 2, 0, NULL, NULL, 0),
(807, 'CSTHESL2', 'Thesis 2 (Laboratory)', 1, NULL, 1, NULL, NULL, 0),
(811, 'INFOASEC', 'Information Assurance and Security', 2, 2, 0, NULL, NULL, 0),
(812, 'SSUPPRAC', 'Social Issues and Professional Practice', 3, 3, 0, NULL, NULL, 0),
(813, 'CSINTERN', 'Practicum / Internship', 6, 6, 0, NULL, NULL, 0),
(816, 'INDOBSFT', 'Industry Observation & Field Trips', 3, 3, 0, NULL, NULL, 0),
(817, 'FILINPWK', 'Introduksyon sa Pag-aaral ng Wika', 3, 3, 0, NULL, NULL, 0),
(818, 'FILKRKLM', 'Ang Filipino sa Kurikulum ng Batayang  Edukasyon', 3, 3, 0, NULL, NULL, 0),
(819, 'FILPANLG', 'Panimulang Linggwistika', 3, 3, 0, NULL, NULL, 0),
(828, 'FILESWKF', 'Estruktura ng Wikang Filipino', 3, 3, 0, NULL, NULL, 0),
(829, 'FILPPMKP', 'Pagturo at Pagtataya ng Makrong Kasanayan Pangwika', 3, 3, 0, NULL, NULL, 0),
(831, 'GEFILDIS', 'Filipino sa Iba\'t ibang Disiplina', 3, 3, 0, NULL, NULL, 0),
(836, 'LITPANRE', 'Panitikang Rehiyon', 3, 3, 0, NULL, NULL, 0),
(839, 'FILPGEBA', 'Paghahanda at Ebalwasyon ng Kagamitang Panturo', 3, 3, 0, NULL, NULL, 0),
(840, 'FILUWKAL', 'Ugnayan ng Wika, Kultura at Lipunan', 3, 3, 0, NULL, NULL, 0),
(845, 'LITKUPOP', 'Kulturang Popular', 3, 3, 0, NULL, NULL, 0),
(846, 'PEDCALLP', 'The Child and Adolescent Learners and  Learning Principles', 3, 3, 0, NULL, NULL, 0),
(847, 'PEDTTPRO', 'The Teaching Profession', 3, 3, 0, NULL, NULL, 0),
(848, 'FILMASTL', 'Masining na Talakayan', 3, 3, 0, NULL, NULL, 0),
(849, 'GEADDPS', 'Practical Data Science', 3, 3, 0, NULL, NULL, 0),
(852, 'LITMKNBF', 'Maikling Kuwento at Nobelang Filipino', 3, 3, 0, NULL, NULL, 0),
(853, 'LITSANTA', 'Sanaysay at Talumpati', 3, 3, 0, NULL, NULL, 0),
(854, 'LITSURIP', 'Panunuring Pampanitikan', 3, 3, 0, NULL, NULL, 0),
(857, 'FILBBWKA', 'Barayti at Baryasyon ng Wika', 3, 3, 0, NULL, NULL, 0),
(858, 'FILHAYAG', 'Introduksyon sa Pamamahayag', 3, 3, 0, NULL, NULL, 0),
(859, 'FILNDWKP', 'Mga Natatanging Diskurso sa Wika at  Panitikan', 3, 3, 0, NULL, NULL, 0),
(860, 'FILSALIN', 'Introduksyon sa Pagsasalin', 3, 3, 0, NULL, NULL, 0),
(861, 'FILSPWKP', 'Introduksyon sa Pananaliksik-Wika at  Panitikan', 3, 3, 0, NULL, NULL, 0),
(862, 'FILTCHLR', 'Technology for Teaching and Learning 2  (Filipino)', 3, 3, 0, NULL, NULL, 0),
(863, 'PEDASOL1', 'Assessment of Learning 1', 3, 3, 0, NULL, NULL, 0),
(864, 'PEDFALCT', 'Facilitating Learner-Centered Teaching', 3, 3, 0, NULL, NULL, 0),
(865, 'PEDFOSIE', 'Foundation of Special and Inclusive  Education', 3, 3, 0, NULL, NULL, 0),
(866, 'ELECFIGM', 'Filipino Para sa Natanging Gamit', 3, 3, 0, NULL, NULL, 0),
(867, 'ELECFIWK', 'Filipino bilang Ikalawang Wika', 3, 3, 0, NULL, NULL, 0),
(868, 'ELECWKPN', 'Pananaliksik sa Wika at Panitikan', 3, 3, 0, NULL, NULL, 0),
(869, 'LITDULAF', 'Dulang Filipino', 3, 3, 0, NULL, NULL, 0),
(870, 'LITULAFL', 'Panulaang Filipino', 3, 3, 0, NULL, NULL, 0),
(871, 'PEDASOL2', 'Assessment of Learning 2', 3, 3, 0, 'PEDASOL1', NULL, 0),
(873, 'PEDTSCUR', 'The Teacher and The School Curriculum', 3, 3, 0, NULL, NULL, 0),
(874, 'ELECPIIK', 'Paghahanda sa Iba\'t Ibang  Kasanayan', 3, 3, 0, NULL, NULL, 0),
(875, 'PEDCOPRO', 'Competencies Enhancement Program', 3, 3, 0, 'SNRESNIE, PEDASOL2, GEPEHEF2, GEADCPBR, GEPEHEF1, GEPANIPI, GEADDPDS, GEETHICS, GEPEFITE, GEFILDIS, GEARTAPP, GELIFEWR, GESCIETS, GEMATHMW, GEPEMOVE, GEKOMFIL, GEELECIT, GEUNDETS, GEREADPH, GEPURPCO', NULL, 0),
(876, 'PEDFSTDY1', 'Field Study 1', 3, 3, 0, NULL, NULL, 0),
(878, 'PEDNTERN', 'Teaching Internship', 6, 6, 0, NULL, NULL, 0),
(881, 'GELIFEWR', 'The Life and Works of Rizal', 3, 3, 0, NULL, NULL, 0),
(883, 'GEPEMOVE', 'Movement Enhancement', 2, 2, 0, NULL, NULL, 0),
(885, 'MATHCADA', 'College and Advanced Algebra', 3, 3, 0, NULL, NULL, 0),
(886, 'MATHHIMA', 'History of Mathematics', 3, 3, 0, NULL, NULL, 0),
(887, 'MATHLOGC', 'Logic and Set Theory', 3, 3, 0, NULL, NULL, 0),
(888, 'MATHPSGE', 'Plane and Solid Geometry', 3, 3, 0, NULL, NULL, 0),
(889, 'MATHTRIG', 'Trigonometry', 3, 3, 0, NULL, NULL, 0),
(891, 'MATHCAG1', 'Calculus 1 with Analytic Geometry', 4, 4, 0, NULL, NULL, 0),
(892, 'MATHESPR', 'Elementary Statistics and Probability', 3, 3, 0, NULL, NULL, 0),
(893, 'MATHINVT', 'Mathematics of Investment', 3, 3, 0, NULL, NULL, 0),
(894, 'MATHMODG', 'Modern Geometry', 3, 3, 0, NULL, NULL, 0),
(898, 'MATHLINA', 'Linear Algebra', 3, 3, 0, NULL, NULL, 0),
(899, 'MATHNUMT', 'Number Theory', 3, 3, 0, NULL, NULL, 0),
(901, 'PEDTFTAL', 'Technology for Teaching and Learning 1', 3, 3, 0, NULL, NULL, 0),
(902, 'MATHADST', 'Advance Statistics', 3, 3, 0, NULL, NULL, 0),
(903, 'MATHCAG3', 'Calculus 3', 3, 3, 0, NULL, NULL, 0),
(904, 'MATHPSTM', 'Principles and Strategies of Teaching  Mathematics', 3, 3, 0, NULL, NULL, 0),
(905, 'MATHRESM', 'Research in Mathematics', 4, 4, 0, NULL, NULL, 0),
(906, 'MATHSOME', 'Solid Mensuration', 3, 3, 0, NULL, NULL, 0),
(910, 'MATHABSA', 'Abstract Algebra', 3, 3, 0, NULL, NULL, 0),
(911, 'MATHAEMA', 'Assessment and Evaluation in  Mathematics', 3, 3, 0, NULL, NULL, 0),
(912, 'MATHPSMI', 'Problem Solving, Mathematical Investigation and Modelling', 3, 3, 0, NULL, NULL, 0),
(913, 'MATHTFTL', 'Technology for Teaching and Learning 2 (Instrumentation and Technology in Mathematics)', 3, 3, 0, NULL, NULL, 0),
(915, 'PEDBELAC', 'Building and Enhancing New Literacies  Across the Curriculum', 3, 3, 0, NULL, NULL, 0),
(919, 'PEDFSTDY2', 'Field Study 2', 3, 3, 0, NULL, NULL, 0),
(921, 'ASTRONMY', 'Astronomy', 3, 3, 0, NULL, NULL, 0),
(922, 'EARTHSCI', 'Earth Science', 3, 3, 0, NULL, NULL, 0),
(923, 'NSTPLTS1', 'NSTP Literacy Training Service 1', 3, 3, 0, NULL, NULL, 0),
(924, 'ENVISCIE', 'Environmental Science', 3, 3, 0, NULL, NULL, 0),
(925, 'METORLGY', 'Meteorology', 3, 3, 0, NULL, NULL, 0),
(926, 'CELLMBIO', 'Cell and Molecular Biology', 4, 3, 1, NULL, NULL, 0),
(927, 'FLUIDMEC', 'Fluid Mechanics', 3, 3, 0, 'MEENG_221', NULL, 0),
(928, 'INORGCHM', 'Inorganic Chemistry', 5, 3, 2, NULL, NULL, 0),
(931, 'ANALCHEM', 'Analytical Chemistry', 5, 3, 2, NULL, NULL, 0),
(932, 'GENESCIE', 'Genetics', 4, 3, 1, NULL, NULL, 0),
(933, 'PEDTCSOL', 'The Teacher and the Community, School Culture, and Organizational Leadership', 3, 3, 0, NULL, NULL, 0),
(935, 'THERMODY', 'Thermodynamics', 4, 3, 1, NULL, NULL, 0),
(936, 'ELECMAGN', 'Electricity and Magnetism', 4, 3, 1, NULL, NULL, 0),
(937, 'MICROPRA', 'Microbiology and Parasitology', 4, 3, 1, NULL, NULL, 0),
(938, 'ORGACHEM', 'Organic Chemistry', 5, 3, 2, NULL, NULL, 0),
(942, 'TECTLSCI', 'Technology for Teaching and Learning  Science 2', 3, 3, 0, NULL, NULL, 0),
(943, 'ANPHYSIO', 'Anatomy and Physiology', 4, 3, 1, NULL, NULL, 0),
(944, 'BIOCHEMI', 'Biochemistry', 3, 3, 0, NULL, NULL, 0),
(945, 'MODRNPHY', 'Modern Physics', 3, 3, 0, NULL, NULL, 0),
(947, 'ELCELCT1', 'Domestic Refrigeration and Air- conditioning System', 3, 2, 1, NULL, NULL, 0),
(948, 'ELECTRI3', 'AC Rotating Machine, Single Phase and  Three Phase Motors', 6, 3, 3, NULL, NULL, 0),
(949, 'ENTNCOOP', 'Entrepreneurship and Cooperatives', 3, 3, 0, NULL, NULL, 0),
(950, 'PLAVISEM', 'Plant Visit and Seminar', 3, 3, 0, NULL, NULL, 0),
(951, 'COMPPROG', 'Computer Programming', 3, 2, 1, NULL, NULL, 0),
(952, 'ELCELCT2', 'Basic Electronics', 3, 2, 1, NULL, NULL, 0),
(953, 'ELECTRI4', 'Basic Motor Control Circuits', 6, 3, 3, NULL, NULL, 0),
(954, 'ELCELCT3', 'Logic Circuit and Solid State Motor  Controller', 3, 2, 1, NULL, NULL, 0),
(955, 'ELECTRI5', 'Advanced Motor Control Circuits', 6, 3, 3, NULL, NULL, 0),
(956, 'FORELANG', 'Foreign Language', 3, 3, 0, NULL, NULL, 0),
(957, 'GEPURCO', 'Purposive Communication', 3, 3, 0, NULL, NULL, 0),
(958, 'INDORMAN', 'Industrial Organization &amp;  Management', 3, 3, 0, NULL, NULL, 0),
(959, 'METORES1', 'Methodology of Research 1 (Feasibility  Study)', 3, 3, 0, NULL, NULL, 0),
(960, 'ELCELCT4', 'Elective 4: Preventive Maintenance', 3, 2, 1, NULL, NULL, 0),
(961, 'INDRACA1', 'Industrial Drawing with CAD 1 (2D)', 3, 2, 1, NULL, NULL, 0),
(962, 'LABRELTN', 'Labor Relation', 3, 3, 0, NULL, NULL, 0),
(963, 'METORES2', 'Methodology of Research 2 (Project  Study)', 3, 3, 0, 'METORES1', NULL, 0),
(964, 'OHASSTAN', 'Occupational Health and Safety  Standards', 3, 3, 0, NULL, NULL, 0),
(965, 'PROOPMAN', 'Production Operation Management', 3, 3, 0, NULL, NULL, 0),
(966, 'INPLTRN1', 'in-Plant Training', 10, 0, 10, NULL, NULL, 0),
(967, 'FOODTEC2', 'Quantity Food Production', 6, 3, 3, 'FOODTEC1', NULL, 0),
(968, 'STTREVL1', 'Student Training Evaluation 1', 1, 1, 0, NULL, NULL, 0),
(970, 'INPLTRN2', 'Supervised Industrial Training', 10, 0, 10, NULL, NULL, 0),
(971, 'STTREVL2', 'Student Training Evaluation 2', 1, 1, 0, NULL, NULL, 0),
(972, 'ELECTRO1', 'Electronics Communication Systems', 6, 3, 3, NULL, NULL, 0),
(973, 'INDRACA2', 'Industrial Drawing with CAD 2 (3D)', 3, 2, 1, 'INDRACA1', NULL, 0),
(974, 'ELCFOOD1', 'Food Safety and Sanitation with Food  Laws', 3, 2, 1, NULL, NULL, 0),
(976, 'ELECTRO2', 'Industrial Communication Systems', 6, 3, 3, 'ELECTRO1', NULL, 0),
(977, 'GEUNDETS', 'Understanding the Self', 3, 3, 0, NULL, NULL, 0),
(978, 'ELCELXT1', 'Basic Welding', 3, 2, 1, NULL, NULL, 0),
(979, 'ELECTRO3', 'Digital Home Integration', 6, 3, 3, 'ELECTRO2', NULL, 0),
(980, 'FOODTEC3', 'Advanced Baking and Pastry Production', 6, 3, 3, 'FOODTEC2', NULL, 0),
(981, 'ELCELXT2', 'Introduction to Motor Control', 3, 2, 1, NULL, NULL, 0),
(982, 'ELECTRO4', 'Microcontrollers and Digital Signal  Processors', 6, 3, 3, 'ELECTRO3', NULL, 0),
(983, 'ELCELXT3', 'Basic Refrigeration and Air-conditioning', 3, 2, 1, NULL, NULL, 0),
(984, 'ELECTRO5', 'Instrumentation and Industrial  Electronics', 6, 3, 3, 'ELECTRO4', NULL, 0),
(985, 'ELCELXT4', 'Elective 4: Automotive Electronics  Accessories', 2, NULL, 1, NULL, NULL, 0),
(986, 'ELECTRO6', 'Biomedical Equipment Technology', 6, 3, 3, 'ELECTRO5', NULL, 0),
(987, 'ELCFOOD2', 'Food Science (Food Chemistry)', 3, 2, 1, NULL, NULL, 0),
(988, 'FOODTEC4', 'Food Processing and Packaging', 6, 3, 3, 'FOODTEC3', NULL, 0),
(989, 'ELCFOOD3', 'Food Science (Culinary Nutrition)', 3, 2, 1, NULL, NULL, 0),
(990, 'FOODTEC5', 'Experimental Cookery with Objective  Evaluation of Food', 6, 3, 3, 'FOODTEC4', NULL, 0),
(991, 'ELCFOOD4', 'Elective 4: Subjective Evaluation of Food', 3, 2, 1, NULL, NULL, 0),
(992, 'FOODTEC6', 'Asian and Western Cuisine', 6, 3, 3, 'FOODTEC5', NULL, 0),
(993, 'INDCHEM1', 'Wine and Other Beverages', 6, 3, 3, NULL, NULL, 0),
(994, 'INDCHEM2', 'Food Preservation and Processing', 6, 3, 3, 'INDCHEM1', NULL, 0),
(995, 'ELCCHEM1', 'Basic Industrial and Testing Techniques', 3, 3, 0, NULL, NULL, 0),
(996, 'INDCHEM3', 'Oils, Fats Soap and Detergent Industry', 6, 3, 3, 'INDCHEM2', NULL, 0),
(997, 'ELCCHEM2', 'Packaging Methods and Techniques', 3, 2, 1, NULL, NULL, 0),
(998, 'INDCHEM4', 'Color Chemistry and Cosmetic Industry', 6, 3, 3, 'INDCHEM3', NULL, 0),
(999, 'ELCCHEM3', 'Green Chemistry', 3, 2, 1, NULL, NULL, 0),
(1000, 'INDCHEM5', 'Pulp and Paper Industry', 6, 3, 3, 'INDCHEM4', NULL, 0),
(1001, 'ELCCHEM4', 'Elective 4: Waste Management and Basic  Process', 3, 2, 1, NULL, NULL, 0),
(1002, 'INDCHEM6', 'Plastic Industry', 6, 3, 3, 'INDCHEM5', NULL, 0),
(1003, 'RACTECH1', 'Special Refrigeration, Systems, Principles, Installation and Servicing', 6, 3, 3, NULL, NULL, 0),
(1004, 'RACTECH2', 'Light and Heavy Transport Air- Conditioning Systems, Installation and  Servicing', 6, 3, 3, 'RACTECH1', NULL, 0),
(1005, 'ELCRACT1', 'Electronics and Power Inverter Application in HVAC/R System', 3, 3, 0, NULL, NULL, 0);
INSERT INTO `course_table` (`course_id`, `course_code`, `course_description`, `course_unit`, `lec_unit`, `lab_unit`, `prereq`, `corequisite`, `office_duty`) VALUES
(1006, 'RACTECH3', 'Packed HVAC Units and Commercial Refrigeration System Servicing', 6, 3, 3, 'RACTECH2', NULL, 0),
(1007, 'ELCRACT2', 'Industrial HVAC/R Motor Controller', 3, 2, 1, NULL, NULL, 0),
(1008, 'RACTECH4', 'Air-Duct System, Design, Fabrication, Installation and Servicing', 6, 3, 3, 'RACTECH3', NULL, 0),
(1009, 'WAVESOPT', 'Waves & Optics', 4, 3, 1, NULL, NULL, 0),
(1010, 'TEACHSCI', 'The Teaching of Science', 3, 3, 0, NULL, NULL, 0),
(1011, 'ELCRACT3', 'Industrial Heating System', 3, 2, 1, NULL, NULL, 0),
(1012, 'RSRCHSCI', 'Research in Teaching Science', 3, 3, 0, NULL, NULL, 0),
(1013, 'RACTECH5', 'Industrial Chiller Systems, Servicing and  Preventive Maintenance', 6, 3, 3, 'RACTECH4', NULL, 0),
(1014, 'ELCRACT4', 'Elective 4: Marine Refrigeration and Cold Storage Plant System', 3, 2, 1, NULL, NULL, 0),
(1015, 'CENCAD_111', 'Computer Aided Drafting', 0, NULL, 1, NULL, NULL, 0),
(1016, 'CENMATH_111', 'Mathematics for Engineers', 3, NULL, 0, NULL, NULL, 0),
(1017, 'RACTECH6', 'Ice Plant Design and Installation', 6, 3, 3, 'RACTECH5', NULL, 0),
(1018, 'NATSCI_SP_102', 'Chemistry for Engineers', 4, 3, 1, NULL, NULL, 0),
(1019, 'CENPHY2', 'Physics 2', 4, 3, 1, 'NATSCI_SP_102', 'NATSCI103A', 0),
(1020, 'ECE_110L1', 'ECE Workshop 1', 1, NULL, 1, 'CENMATH_111', NULL, 0),
(1021, 'MATH_104', 'Calculus II (Integral Calculus)', 3, 3, 0, 'CENMAT01, CENMATH_111', NULL, 0),
(1022, 'MECHTEC1', 'Metrology and Bench Work Practices', 6, 3, 3, NULL, NULL, 0),
(1023, 'MECHTEC2', 'Lathe Machine Operation 1', 6, 3, 3, 'MECHTEC1', NULL, 0),
(1024, 'CENMSE', 'Material Science and Engineering', 3, 3, 0, 'CENPHY2', NULL, 0),
(1025, 'ELCMSPR1', 'Applied Mechanical Mathematics', 3, 2, 1, NULL, NULL, 0),
(1026, 'CENPROG', 'Computer Programming', 1, NULL, 1, NULL, NULL, 0),
(1027, 'ECENG211', 'Electronics 1: Electronics Devices and  Circuits', 4, 3, 1, 'NATSCI103A, ECE_110L1', 'EEENG_211', 0),
(1028, 'MECHTEC3', 'Milling and Grinding Machine  Operations', 6, 3, 3, 'MECHTEC2', NULL, 0),
(1029, 'EECO_311', 'Engineering Economy', 3, 3, 0, NULL, NULL, 0),
(1030, 'ELCMSPR2', 'Corrective and Preventive Maintenance', 3, 2, 1, NULL, NULL, 0),
(1032, 'MECHTEC4', 'Electric Arc and Gas Welding', 6, 3, 3, 'MECHTEC3', NULL, 0),
(1033, 'ELCMSPR3', 'Introduction to CNC', 3, 2, 1, NULL, NULL, 0),
(1034, 'MECHTEC5', 'Tool and Die Making', 6, 3, 3, 'MECHTEC4', NULL, 0),
(1035, 'ELCMSPR4', 'Elective 4: Blueprint Reading', 3, 2, 1, NULL, NULL, 0),
(1036, 'FASHTEC1', 'Clothing Fundamentals and Apparel  Construction', 6, 3, 3, NULL, NULL, 0),
(1037, 'FASHTEC2', 'Men\'s Clothing and Advanced Apparel Construction', 6, 3, 3, 'FOODTEC1', NULL, 0),
(1039, 'ELCFASH3', 'Garment Alteration and Repair Services', 3, 2, 1, NULL, NULL, 0),
(1040, 'ELCFASH4', 'Elective 4: Home Details and Interior  Accessories', 3, 2, 1, NULL, NULL, 0),
(1041, 'FASHTEC6', 'Apparel Production and Fashion  Merchandizing', 6, 3, 3, 'FASHTEC5', NULL, 0),
(1042, 'THCMACPR', 'Macro Perspective of Tourism and  Hospitality', 3, 3, 0, NULL, NULL, 0),
(1043, 'THCRISKM', 'Risk Management as Applied to Safety,  Security and Sanitation', 3, 3, 0, NULL, NULL, 0),
(1044, 'TPCSUSTO', 'Sustainable Tourism', 3, 3, 0, NULL, NULL, 0),
(1047, 'THCMICPR', 'Micro Perspective of Tourism and  Hospitality', 3, 3, 0, 'THCMACPR', NULL, 0),
(1048, 'THCQUASM', 'Quality Service Management in Tourism  and Hospitality', 3, 3, 0, 'THCMACPR', NULL, 0),
(1049, 'TPCGLCTG', 'Global Culture and Tourism Geography', 3, 3, 0, NULL, NULL, 0),
(1050, 'TPECRELM', 'Recreational and Leisure Management', 3, 3, 0, NULL, NULL, 0),
(1051, 'THCPHCTG', 'Philippine Culture and Tourism  Geography', 3, 3, 0, NULL, NULL, 0),
(1052, 'TPCTTMGT', 'Tour and Travel Management', 3, 3, 0, 'THCMACPR', NULL, 0),
(1053, 'TPECECTM', 'Eco Tourism Management', 3, 3, 0, 'TPCSUSTO', NULL, 0),
(1054, 'TPECSFBS', 'Specialized Food and Beverage Service  Operations', 3, 3, 0, 'THCRISKM', NULL, 0),
(1055, 'TPECTINM', 'Tourism Information Management', 3, 3, 0, 'THCMACPR', NULL, 0),
(1056, 'BMECOPMN', 'Operations Management in Tourism and  Hospitality', 3, 3, 0, NULL, NULL, 0),
(1057, 'GEADWOLH', 'World Literature and Humanities', 3, 3, 0, NULL, NULL, 0),
(1058, 'THCENTRE', 'Entrepreneurship in Tourism and  Hospitality', 3, 3, 0, NULL, NULL, 0),
(1059, 'THCLEGAS', 'Legal Aspects in Tourism and Hospitality', 3, 3, 0, 'THCMACPR, THCMICPR', NULL, 0),
(1060, 'TPCTRANM', 'Transportation Management', 3, 3, 0, 'TPCTTMGT, THCMACPR, THCMICPR', NULL, 0),
(1061, 'TPECETGE', 'The Ethics of Tour Guiding and Escorting', 3, 3, 0, 'THCMACPR, THCMICPR, TPCSUSTPCGLCTGTO, TPCTTMGT, TPECTINM', NULL, 0),
(1062, 'THCMULDI', 'Multicultural Diversity in Workplace for  the Tourism Professional', 3, 3, 0, NULL, NULL, 0),
(1063, 'THPCFLA1', 'Foreign Language 1', 3, 3, 0, NULL, NULL, 0),
(1064, 'THPCMICE', 'Introduction to Meetings Incentives, Conferences and Events Management (MICE)', 3, 2, 1, 'THCQUASM, THCMICPR, BMECOPMN, THCLEGAS', NULL, 0),
(1065, 'TPCREST1', 'Research in Tourism 1', 3, 2, 1, NULL, NULL, 0),
(1066, 'TPCTPPAD', 'Tourism Policy Planning and  Development', 3, 3, 0, 'TPCSUSTO, TPCTTMGT, TPECECTM, TPECTINM, THCLEGAS', NULL, 0),
(1067, 'THCPDAET', 'Professional Development and Applied  Ethics', 3, 3, 0, NULL, NULL, 0),
(1069, 'THPCFLA2', 'Foreign Language 2', 3, 3, 0, 'THPCFLA1', NULL, 0),
(1070, 'TPCREST2', 'Research in Tourism 2', 3, 2, 1, 'TPCREST1', NULL, 0),
(1071, 'TPECCRTO', 'Cruise Tourism', 3, 3, 0, 'THCMACPR', NULL, 0),
(1072, 'TPECDESM', 'Destination Management and Marketing', 3, 3, 0, 'THCMARKT', NULL, 0),
(1073, 'TPECTPRD', 'Tourism Product Development', 3, 3, 0, 'TPCTPPAD', NULL, 0),
(1074, 'BMECSTQM', 'Strategic Management and Total Quality  Management', 3, 3, 0, NULL, NULL, 0),
(1075, 'TPECACOM', 'Accomodation Operations and  Management', 3, 3, 0, 'THCMACPR, THCMICPR', NULL, 0),
(1077, 'EEMEN_211', 'Basic Theromodynamics', 2, 2, 0, NULL, NULL, 0),
(1079, 'TPCTORPR', 'Tourism Practicum -  Transportation/Tourism Offices/Travel Agencies and Airports 600 Hrs', 6, 6, 0, NULL, NULL, 0),
(1080, 'EEENG_221', 'Electrical Circuits 2', 4, 3, 1, 'EEENG_211', NULL, 0),
(1081, 'EEENG_222', 'Engineering Math for EE', 3, 3, 0, NULL, NULL, 0),
(1082, 'EEENG_223', 'Electromagnetics', 2, 2, 0, NULL, NULL, 0),
(1083, 'EEMCH_221', 'Fundamentals of Deformable Bodies', 2, 2, 0, NULL, NULL, 0),
(1084, 'EEMCH_222', 'Fluid Mechanics', 2, 2, 0, NULL, NULL, 0),
(1085, 'EEENG311', 'Electrical Circuits 3 (Polyphase)', 2, 2, 0, NULL, NULL, 0),
(1086, 'EEENG312', 'Numerical Methods and Analysis', 3, 2, 1, NULL, NULL, 0),
(1087, 'EEENG313', 'Electrical Machines 1', 4, 3, 1, NULL, NULL, 0),
(1088, 'EEFUNECO', 'Fundamentals of Electronics Communication', 3, 3, 0, NULL, NULL, 0),
(1089, 'EEINELEC', 'Industrial Electronics', 4, 3, 1, NULL, NULL, 0),
(1090, 'EELOGCKT', 'Logic Circuit and Switching Theory', 3, 2, 1, NULL, NULL, 0),
(1091, 'ECENG321', 'Microprocessor System', 3, 2, 1, NULL, NULL, 0),
(1092, 'EEENG321', 'EE Laws, Codes and Professional Ethics', 3, 3, 0, NULL, NULL, 0),
(1093, 'EEENG322', 'Electrical Machines 2', 4, 3, 1, NULL, NULL, 0),
(1094, 'EEENG323', 'Electrical Apparatus and Devices', 3, 2, 1, NULL, NULL, 0),
(1095, 'EEENG324', 'Basic Occupational Safety and Health', 3, 3, 0, NULL, NULL, 0),
(1096, 'EEENG325', 'Feedback Control Systems', 4, 3, 1, NULL, NULL, 0),
(1097, 'EEENG326', 'Management of Engineering Projects  and Estimate', 3, 3, 0, NULL, NULL, 0),
(1098, 'CENMATSC', 'Material Science and Engineering', 3, 3, 0, NULL, NULL, 0),
(1099, 'EEENG412', 'Electrical Systems and Illumination  Design', 5, 3, 2, NULL, NULL, 0),
(1100, 'EEENG413', 'EE Elective 1 (Power System Protection 1)', 3, 3, 0, NULL, NULL, 0),
(1101, 'EEENG414', 'Research Methods', 2, 1, 1, NULL, NULL, 0),
(1102, 'EEENG415', 'Instrumentation and Control', 3, 2, 1, NULL, NULL, 0),
(1103, 'EEENG416', 'Review 1 (ESAS & Mathematics)', 2, NULL, 2, NULL, NULL, 0),
(1104, 'EEENG417', 'Adv. AutoCAD for EE', 1, NULL, 1, NULL, NULL, 0),
(1105, 'EEENG421', 'Power System Analysis', 5, 4, 1, NULL, NULL, 0),
(1106, 'EEENG422', 'EE Elective 2 (Power System Protection  2)', 3, 3, 0, NULL, NULL, 0),
(1107, 'EEENG423', 'Research Project or Capstone Design  Project', 2, NULL, 2, NULL, NULL, 0),
(1108, 'EEENG424', 'Seminars/Field Trip/Colloquia', 1, NULL, 1, NULL, NULL, 0),
(1109, 'EEENG425', 'Fundamentals of Power Plant Design', 1, NULL, 1, NULL, NULL, 0),
(1110, 'EEENG426', 'Distribution Systems and Substation  Design', 3, 2, 1, NULL, NULL, 0),
(1111, 'EEENG427', 'Review 2 (Electrical Engineering)', 2, NULL, 2, NULL, NULL, 0),
(1112, 'OPPOSEEK', 'Opportunity Seeking', 3, 3, 0, NULL, NULL, 0),
(1113, 'ENBEHAVE', 'Entrepreneurial Behavior', 3, 3, 0, 'OPPOSEEK', NULL, 0),
(1114, 'SOCIALEN', 'Social Entrepreneurship', 3, 3, 0, 'OPPOSEEK', NULL, 0),
(1115, 'BUSLWTXN', 'Business Law and Taxation', 3, 3, 0, NULL, NULL, 0),
(1116, 'BUSPLNPR', 'Business Plan Preparation', 3, 3, 0, 'SOCIALEN', NULL, 0),
(1117, 'PRGPOLED', 'Program and Policies on Enterprise  Development', 3, 3, 0, 'BUSPLNPR', NULL, 0),
(1118, 'ECOMMERC', 'E-commerce', 3, 3, 0, NULL, NULL, 0),
(1119, 'ENTMKSTR', 'Entrepreneurial Marketing Strategies', 3, 3, 0, 'PRGPOLED', NULL, 0),
(1120, 'EVNTMNGT', 'Events Management', 3, 3, 0, NULL, NULL, 0),
(1121, 'FINLMNGT', 'Financial Management', 3, 3, 0, NULL, NULL, 0),
(1122, 'MFGTRAC1', 'Manufacturing', 3, 3, 0, NULL, NULL, 0),
(1123, 'AGRTRAC3', 'Agribusiness', 3, 3, 0, 'MFGTRAC1', NULL, 0),
(1124, 'INNOMNGT', 'Innovation Management', 3, 3, 0, 'ENTMKSTR', NULL, 0),
(1125, 'MSETRAC2', 'Managing a Service Enterprise', 3, 3, 0, 'MFGTRAC1', NULL, 0),
(1126, 'BUSPLAN1', 'Business Plan Implementation I', 5, 2, 3, 'BUSPLNPR', NULL, 0),
(1127, 'BUSPLAN2', 'Business Plan Implementation II', 5, 2, 3, 'BUSPLAN1', NULL, 0),
(1128, 'HPCFUNLO', 'Fundamentals in Lodging Operations', 3, 2, 1, NULL, NULL, 0),
(1129, 'HPCKITES', 'Kitchen Essentials and Basic Food  Preparation', 3, 1, 2, NULL, NULL, 0),
(1130, 'HMPECBWE', 'Commercial Baking with Entrepreneurship', 3, 1, 2, NULL, NULL, 0),
(1131, 'HPCFUNFS', 'Fundamentals in Food Service  Operations', 3, 2, 1, NULL, NULL, 0),
(1132, 'THPCABTT', 'Applied Business Tools and Technologies', 3, 2, 1, NULL, NULL, 0),
(1133, 'HMPEASCU', 'Asian Cuisine', 3, 1, 2, 'THCRISKM', NULL, 0),
(1134, 'HMPEBARM', 'Bar and Beverage Management with  Laboratory', 3, 2, 1, 'THCRISKM', NULL, 0),
(1135, 'HMPERDIV', 'Rooms Division', 3, 2, 1, 'THCMACPR', NULL, 0),
(1136, 'THCMARKT', 'Tourism and Hospitality Marketing', 3, 3, 0, 'THCMACPR', NULL, 0),
(1137, 'HMPEFBOP', 'Food and Beverage Operations with  Laboratory', 3, 2, 1, 'THCRISKM, HPCFUNFS', NULL, 0),
(1138, 'HPCRESH1', 'Research in Hospitality 1', 3, 2, 1, NULL, NULL, 0),
(1139, 'HMPEWECU', 'Western Cuisine', 3, 1, 2, 'THCRISKM, HPCKITES', NULL, 0),
(1140, 'HMPECROM', 'Cruiseship Operations and Management', 3, 3, 0, 'THCMACPR, THCMICPR', NULL, 0),
(1141, 'HPCERGFP', 'Egronomics and Facilities Planning for  the Hospitality Industry', 3, 2, 1, NULL, NULL, 0),
(1142, 'HMPEGMFD', 'Garde Manger with Food Styling and  Design', 3, 1, 2, 'THCRISKM, HPCKITES', NULL, 0),
(1143, 'HPCRESH2', 'Research in Hospitality 2', 3, 2, 1, 'HPCRESH1', NULL, 0),
(1144, 'HMPECCHI', 'Cost Control in Hospitality Industry', 3, 3, 0, 'HPCFUNFS, HMPEFBOP', NULL, 0),
(1145, 'HMPECABM', 'Catering and Banquet Management', 3, 2, 2, 'THCRISKM, HPCFUNFS, HMPEFBOP', NULL, 0),
(1146, 'HMPEADBP', 'Advanced Bread and Pastry Production', 3, 1, 2, 'THCRISKM, HPCKITES', NULL, 0),
(1147, 'HPCSUPCM', 'Supply Chain Management in Hospitality Industry', 3, 3, 0, 'THCMACPR, THCMICPR', NULL, 0),
(1148, 'HPCHOSPR', 'Hospitality Practicum (Hotel/Restaurant/Event Centers and Resort) 600 Hrs', 6, 6, 0, NULL, NULL, 0),
(1149, 'INDES111', 'Interior Design 1A', 4, 1, 3, NULL, NULL, 0),
(1150, 'INDESIDD', 'Interior Design Drafting', 3, 1, 2, NULL, NULL, 0),
(1151, 'INDESTID', 'Theory of Interior Design', 3, 3, 0, NULL, NULL, 0),
(1152, 'INDESVST', 'Visual Techniques', 3, 1, 2, NULL, NULL, 0),
(1153, 'INDES121', 'Interior Design 1B', 4, 1, 3, NULL, NULL, 0),
(1154, 'INDESCTH', 'Color Studies 1 (Color Theory)', 3, 1, 2, NULL, NULL, 0),
(1155, 'INDESHPA', 'History of Philippine Art', 3, 3, 0, NULL, NULL, 0),
(1156, 'INDESPER', 'Perspective', 3, 1, 2, NULL, NULL, 0),
(1157, '2DDRAWNG', '2-Dimensional Drawing', 3, 1, 2, NULL, NULL, 0),
(1158, 'INDES211', 'Interior Design 2A', 4, 1, 3, NULL, NULL, 0),
(1159, 'INDESCRD', 'Color Studies II (Color Rendering)', 3, 1, 2, NULL, NULL, 0),
(1160, 'INDESHD1', 'History of Interior Design 1', 3, 1, 2, NULL, NULL, 0),
(1161, 'INDESMR1', 'Materials and Resources 1', 3, 1, 2, NULL, NULL, 0),
(1162, '3DDRAWNG', '3-Dimensional Drawing', 3, 1, 2, NULL, NULL, 0),
(1163, 'INDES221', 'Interior Design 2B', 4, 1, 3, NULL, NULL, 0),
(1164, 'INDES223', 'Renaissance Art', 3, 3, 0, NULL, NULL, 0),
(1165, 'INDESHD2', 'History of Interior Design 2', 3, 1, 2, NULL, NULL, 0),
(1166, 'INDESLID', 'Lighting Design', 3, 3, 0, NULL, NULL, 0),
(1167, 'INDESMR2', 'Materials and Resources 2', 3, 1, 2, NULL, NULL, 0),
(1168, 'COMRENDG', 'Computer Rendering', 3, 3, 0, NULL, NULL, 0),
(1169, 'INDES311', 'Interior Design 3A', 3, 3, 0, NULL, NULL, 0),
(1170, 'INDESCMU', 'Construction Materials and Utilities', 3, 2, 1, NULL, NULL, 0),
(1171, 'INDESFD1', 'Furniture Design 1', 3, 2, 1, NULL, NULL, 0),
(1172, 'INDESHD3', 'History of Interior Design 3 (Oriental  Arts)', 3, 3, 0, NULL, NULL, 0),
(1173, 'FASHNDES', 'Costume and Fashion', 3, 1, 2, NULL, NULL, 0),
(1174, 'INDES321', 'Interior Design 3B', 4, 1, 3, NULL, NULL, 0),
(1175, 'INDESBUT', 'Building Utilities (ID Elec 5)', 3, 3, 0, NULL, NULL, 0),
(1176, 'INDESFD2', 'Furniture Design 2', 4, 1, 3, NULL, NULL, 0),
(1177, 'INDESICD', 'Int. Const. and Detailing', 3, 3, 0, NULL, NULL, 0),
(1178, 'INDESPCT', 'Plant/Cul.Tours & Sem. (ID Elec. 4)', 3, 3, 0, NULL, NULL, 0),
(1179, 'INDESRID', 'Research Met. in Int. Des.', 3, 3, 0, NULL, NULL, 0),
(1180, 'INDESPRAC', 'Practicum/Internship', 3, 3, 0, NULL, NULL, 0),
(1181, 'INDES411', 'Interior Design 7 (Thesis/Research)', 6, 2, 4, NULL, NULL, 0),
(1182, 'INDESBMD', 'Business Management in Interior Design', 3, 3, 0, NULL, NULL, 0),
(1183, 'INDESIFP', 'Interior Floral Design and Plantscaping', 3, 1, 2, NULL, NULL, 0),
(1184, 'INDES421', 'Interior Design 8 (Actual Construction)', 10, 2, 8, NULL, NULL, 0),
(1185, 'INDESISP', 'Interior Styling and Photography', 5, 2, 3, NULL, NULL, 0),
(1186, 'INDESPPE', 'Professional Practice And Ethics', 3, 3, 0, NULL, NULL, 0),
(1187, 'INTCOMLB', 'Introduction to Computing (Laboratory)', 1, 0, 1, NULL, NULL, 0),
(1188, 'INTCOMLC', 'Introduction to Computing (Lecture)', 2, 2, 0, NULL, NULL, 0),
(1189, 'DBMSLAB1', 'Database Management System 1  (Laboratory)', 1, NULL, 1, 'INTCOMLB', NULL, 0),
(1190, 'DBMSLEC1', 'Database Management System 1 (Lecture)', 2, 2, 0, 'INTCOMLC', NULL, 0),
(1191, 'DISCMATH', 'Discrete Mathematics', 3, 3, 0, NULL, NULL, 0),
(1192, 'BUSANALY', 'Business Analytics', 3, 3, 0, NULL, NULL, 0),
(1193, 'WEBDVLB1', 'Web Development 1 (Laboratory)', 1, NULL, 1, NULL, NULL, 0),
(1194, 'WEBDVLC1', 'Web Development 1 (Lecture)', 2, 2, 0, NULL, NULL, 0),
(1195, 'DBMSLAB2', 'Database Management System 2 (Laboratory)', 1, NULL, 1, NULL, NULL, 0),
(1196, 'DBMSLEC2', 'Database Management System 2 (Lecture)', 2, 2, 0, NULL, NULL, 0),
(1197, 'INTHCILB', 'Introduction to Human Computer Interaction (Laboratory)', 1, NULL, 1, NULL, NULL, 0),
(1198, 'INTHCILC', 'Introduction to Human Computer Interaction (Lecture)', 2, 2, 0, NULL, NULL, 0),
(1199, 'IPATLAB1', 'Integrative Programming and Technologies 1 (Laboratory)', 1, NULL, 1, NULL, NULL, 0),
(1200, 'IPATLEC1', 'Integrative Programming and Technologies 1 (Lecture)', 2, 2, 0, NULL, NULL, 0),
(1201, 'NETWKLB1', 'Networking 1 (Laboratory)', 1, NULL, 1, NULL, NULL, 0),
(1202, 'NETWKLC1', 'Networking 1 (Lecture)', 2, 2, 0, NULL, NULL, 0),
(1203, 'WEBDVLB2', 'Web Development 2 (Laboratory)', 1, NULL, 1, NULL, NULL, 0),
(1204, 'WEBDVLC2', 'Web Development 2 (Lecture)', 2, 2, 0, NULL, NULL, 0),
(1205, 'MMDIALAB', 'Multimedia (Laboratory)', 1, NULL, 1, NULL, NULL, 0),
(1206, 'MMDIALEC', 'Multimedia (Lecture)', 2, 2, 0, NULL, NULL, 0),
(1207, 'NETWKLB2', 'Networking 2 (Laboratory)', 1, NULL, 1, NULL, NULL, 0),
(1208, 'NETWKLC2', 'Networking 2 (Lecture)', 2, 2, 0, NULL, NULL, 0),
(1209, 'SYSARCH1', 'Systems Integration and Architecture 1 (Lecture)', 2, 2, 0, NULL, NULL, 0),
(1210, 'SYSARLB1', 'Systems Integration and Architecture 1 (Laboratory)', 1, NULL, 1, NULL, NULL, 0),
(1211, 'WEBDVLB3', 'Web Development 3 (Laboratory)', 1, NULL, 1, NULL, NULL, 0),
(1212, 'WEBDVLC3', 'Web Development 3 (Lecture)', 2, 2, 0, NULL, NULL, 0),
(1213, 'IAASLAB1', 'Information Assurance and Security 1 (Laboratory)', 1, NULL, 1, NULL, NULL, 0),
(1214, 'IAASLEC1', 'Information Assurance and Security 1  (Lecture)', 2, 2, 0, NULL, NULL, 0),
(1215, 'ITTHESI1', 'Capstone Project and Research 1', 3, 3, 0, NULL, NULL, 0),
(1216, 'QUANMETH', 'Quantitative Methods (including Modeling and Simulation)', 3, 3, 0, NULL, NULL, 0),
(1217, 'IAASLAB2', 'Information Assurance and Security 2 (Laboratory)', 1, NULL, 1, NULL, NULL, 0),
(1218, 'IAASLEC2', 'Information Assurance and Security 2 (Lecture)', 2, 2, 0, NULL, NULL, 0),
(1219, 'ITTHESI2', 'Capstone Project and Research 2 (Lecture)', 2, 2, 0, NULL, NULL, 0),
(1220, 'ITTHESL2', 'Capstone Project and Research 2 (Laboratory)', 1, NULL, 1, NULL, NULL, 0),
(1221, 'SPISSUES', 'Social and Professional Issues', 3, 3, 0, NULL, NULL, 0),
(1222, 'SYSADMLB', 'Systems Administration and Maintenance (Laboratory)', 1, NULL, 1, NULL, NULL, 0),
(1223, 'SYSADMLC', 'Systems Administration and Maintenance (Lecture)', 2, 2, 0, NULL, NULL, 0),
(1224, 'SYSARCH2', 'Systems Integration and Architecture 2 (Lecture)', 2, 2, 0, NULL, NULL, 0),
(1225, 'SYSARLB2', 'Systems Integration and Architecture 2 (Laboratory)', 1, NULL, 1, NULL, NULL, 0),
(1226, 'ITINTERN', 'Practicum / Internship', 10, 10, 0, NULL, NULL, 0),
(1227, 'AUTOTEC1', 'Basic SMAW and GMAW, Soldering and Joining Operation for Automotive Application', 6, 3, 3, NULL, NULL, 0),
(1228, 'AUTOTEC2', 'Automotive Engine Overhauling, Rebuilding, Basic Power Conversion and Electrical Assembly', 6, 3, 3, 'AUTOTEC1', NULL, 0),
(1229, 'AUTOTEC3', 'Automotive Air-conditioning System: Servicing, Repair and Maintenance', 6, 3, 3, 'AUTOTEC2', NULL, 0),
(1230, 'ELCAUTO1', 'Basic Automotive Electronics Engine  Management System', 3, 2, 1, NULL, NULL, 0),
(1231, 'AUTOTEC4', 'Motorcycle and Small Engine Servicing and Maintenance', 6, 3, 3, 'AUTOTEC3', NULL, 0),
(1232, 'ELCAUTO2', 'Automotive Electronic Instrumentation & Electronic Climate Control Systems Servicing and Maintenance', 3, 2, 1, NULL, NULL, 0),
(1233, 'AUTOTEC5', 'Advanced Electronic Engine Management for Petrol/Gasoline Engine', 6, 3, 3, 'AUTOTEC4', NULL, 0),
(1234, 'ELCAUTO3', 'Automotive Body Computer System Diagnosis and Electronically Controlled Powertrain Syste', 3, 2, 1, NULL, NULL, 0),
(1235, 'AUTOTEC6', 'Advanced Electronic Engine Management for Common Rail Direct Injection Diesel Engine', 6, 3, 3, 'AUTOTEC5', NULL, 0),
(1236, 'ELCAUTO4', 'Elective 4: Simulated Safety Driving and Troubleshooting', 3, 2, 1, NULL, NULL, 0),
(1237, 'DRAFTEC1', 'Advanced Mechanical Drafting', 6, 3, 3, NULL, NULL, 0),
(1238, 'DRAFTEC2', 'Advance Machine and Furniture Drafting', 6, 3, 3, 'DRAFTEC1', NULL, 0),
(1239, 'DRAFTEC3', 'Advanced Architectural Drafting 1', 6, 3, 3, 'DRAFTEC2', NULL, 0),
(1240, 'ELCDRAF1', 'Auto CAD Drawing', 3, 2, 1, NULL, NULL, 0),
(1241, 'DRAFTEC4', 'Advanced Architectural Drafting 2', 6, 3, 3, NULL, NULL, 0),
(1242, 'ELCDRAF2', 'Sketch-up with Vray', 3, 2, 1, NULL, NULL, 0),
(1243, 'DRAFTEC5', 'CAD Architectural Renderings', 6, 3, 3, 'DRAFTEC4', NULL, 0),
(1244, 'ELCDRAF3', 'Revit Architecture', 3, 2, 1, NULL, NULL, 0),
(1245, 'DRAFTEC6', '3D Architectural Modeling and Construction Materials and Estimate', 6, 3, 3, 'DRAFTEC5', NULL, 0),
(1246, 'ELCDRAF4', 'Elective 4: Photoshop', 3, 2, 1, NULL, NULL, 0),
(1247, 'MATHFUND', 'Fundamental Concepts of Mathematics', 3, 3, 0, NULL, NULL, 0),
(1248, 'COMPLAB1', 'Fundamentals of Computing 1  (Laboratory)', 1, NULL, 1, NULL, NULL, 0),
(1249, 'COMPLEC1', 'Fundamentals of Computing 1 (Lecture)', 2, 2, 0, NULL, NULL, 0),
(1250, 'GPMAHLAB', 'General Physics 1 (Mechanics and Heat) Laboratory', 1, NULL, 1, NULL, NULL, 0),
(1251, 'GPMAHLEC', 'General Physics 1 (Mechanics and Heat) Lecture', 3, 3, 0, NULL, NULL, 0),
(1252, 'COMPLAB2', 'Fundamentals of Computing 2 (Laboratory)', 1, NULL, 1, NULL, NULL, 0),
(1253, 'COMPLEC2', 'Fundamentals of Computing 2 (Lecture)', 2, 2, 0, NULL, NULL, 0),
(1254, 'GPEAMLAB', 'General Physics 2 (Electricity and Magnetism) Laboratory', 1, NULL, 1, NULL, NULL, 0),
(1255, 'GPEAMLEC', 'General Physics 2 (Electricity and Magnetism) Lecture', 3, 3, 0, NULL, NULL, 0),
(1256, 'MATHADVC', 'Advanced Calculus', 3, 3, 0, NULL, NULL, 0),
(1257, 'MATHPROB', 'Probability', 3, 3, 0, NULL, NULL, 0),
(1258, 'MATHGRAP', 'Graph Theory and Applications', 3, 3, 0, NULL, NULL, 0),
(1259, 'MATHINTE', 'Theory of Interest', 3, 3, 0, NULL, NULL, 0),
(1260, 'MATHSTAT', 'Statistical Theory', 3, 3, 0, NULL, NULL, 0),
(1261, 'OPERSRES', 'Operations Research', 3, 3, 0, NULL, NULL, 0),
(1262, 'MATHACTU', 'Actuarial Mathematics', 3, 3, 0, NULL, NULL, 0),
(1263, 'MATHMODE', 'Mathematical Modeling', 3, 3, 0, NULL, NULL, 0),
(1264, 'MATHNUMA', 'Numerical Analysis', 3, 3, 0, NULL, NULL, 0),
(1265, 'MTFELEC1', 'Free Elective 1', 3, 3, 0, NULL, NULL, 0),
(1266, 'MTTHESI1', 'Seminar in Thesis Writing', 3, 3, 0, NULL, NULL, 0),
(1267, 'MATHCMPX', 'Complex Analysis', 3, 3, 0, NULL, NULL, 0),
(1268, 'MATHREAL', 'Real Analysis', 3, 3, 0, NULL, NULL, 0),
(1269, 'MTFELEC2', 'Free Elective 2', 3, 3, 0, NULL, NULL, 0),
(1270, 'MTTHESI2', 'Thesis Writing', 3, 3, 0, NULL, NULL, 0),
(1271, 'MTINTERN', 'Practicum / Internship', 9, 9, 0, NULL, NULL, 0),
(1272, 'CENDRW_111', 'Engineering Drawing 1', 1, NULL, 1, NULL, NULL, 0),
(1273, 'MEENG_111', 'Mechanical Engineering Orientation', 1, 1, 0, NULL, NULL, 0),
(1274, 'CENCAD1A', 'Computer Aided Drafting', 2, 1, 1, 'CENDRW_111', NULL, 0),
(1275, 'COM_SP_211', 'Computer Fundamentals and  Programming', 3, 2, 1, NULL, NULL, 0),
(1276, 'EEN_211', 'Basic Electrical Engineering', 3, 2, 1, 'NATSCI103A', NULL, 0),
(1277, 'MCH_311', 'Statics of Rigid Bodies', 3, 3, 0, 'NATSCI103A, MATH_104', NULL, 0),
(1278, 'MEN_212', 'Workshop Theory and Practice', 2, 1, 1, NULL, NULL, 0),
(1279, 'MEN_314', 'Thermodynamics 1', 3, 3, 0, 'MATH_104, NATSCI103A', NULL, 0),
(1280, 'MM15', 'Differential Equations', 3, 3, 0, 'MATH_104', NULL, 0),
(1281, 'ECENG_222', 'Basic Electronics', 3, 2, 1, 'NATSCI103A', NULL, 0),
(1282, 'MATH_222B', 'Advance Mathematics for ME', 3, 3, 0, 'MM15', NULL, 0),
(1284, 'MEENG_221', 'Thermodynamics 2', 3, 3, 0, 'MEN_314', NULL, 0),
(1285, 'MEENG_222', 'Machine Shop Theory', 2, NULL, 2, 'MEN_212', NULL, 0),
(1286, 'MEENG312', 'Heat Transfer', 2, 2, 0, 'MEENG_221', NULL, 0),
(1287, 'MEENG314', 'Machine Elements 1', 3, 2, 1, 'CENDRW_111, MEENG_222', NULL, 0),
(1288, 'MEENG315', 'Vibration Engineering', 2, 2, 0, 'MM15', NULL, 0),
(1289, 'MEENG316', 'Computer Application for ME', 2, 1, 1, 'COM_SP_211', NULL, 0),
(1290, 'MEENG317', 'M.E Elective 1 (Engine Friction and Lub)', 3, 2, 1, NULL, NULL, 0),
(1291, 'MEMADCAC', 'DC and AC Machinery', 3, 2, 1, 'EEN_211', NULL, 0),
(1292, 'MEENG321', 'Method of Research for ME', 2, 1, 1, 'MM16', NULL, 0),
(1293, 'MEENG322', 'Refrigeration System', 3, 3, 0, 'MEENG_221', NULL, 0),
(1294, 'MEENG323', 'Fluid Machineries', 3, 3, 0, 'FLUIDMEC', NULL, 0),
(1295, 'MEENG324', 'Combustion Engineering', 2, 2, 0, 'MEENG_221', NULL, 0),
(1296, 'MEENG325', 'Materials Science and Engineering for  ME', 3, 2, 1, 'GESCIETS', NULL, 0),
(1297, 'MEENG326', 'Mechanical Engineering Lab 1', 2, NULL, 2, 'MEENG_221', NULL, 0),
(1298, 'MEENG328', 'M.E Elective 2 (Design of Building Piping System and Air-Conditioning Ductworks)', 3, 2, 1, NULL, NULL, 0),
(1299, 'MEENG329', 'Machine Elements 2', 3, 2, 1, 'MEENG314', NULL, 0),
(1300, 'MEENG411', 'Air-Conditioning & Ventilation System', 4, 3, 1, 'MEENG322', NULL, 0),
(1301, 'MEENG412', 'ME Project Study 1', 2, NULL, 2, 'MEENG321', NULL, 0),
(1302, 'MEENG413', 'Machine Design 1', 4, 3, 1, 'MEENG329,  CENMECDB', NULL, 0),
(1303, 'MEENG414', 'Mechanical Engineering Lab 2', 2, NULL, 2, 'MEENG326', NULL, 0),
(1304, 'MEENG415', 'Control Engineering', 2, 2, 0, 'ECENG_222', NULL, 0),
(1305, 'MEENG416', 'Control Engineering Laboratory', 1, NULL, 1, 'ECENG_222', NULL, 0),
(1306, 'MEENG417', 'Power Plant Design with Renewable Energy', 5, 4, 1, 'MEENG324', NULL, 0),
(1307, 'MEENG421', 'Industrial Plant Engineering', 4, 3, 1, 'MEENG411', 'MEENG425', 0),
(1308, 'MEENG422', 'ME Project Study 2', 1, NULL, 1, 'MEENG412', NULL, 0),
(1309, 'MEENG423', 'Machine Design 2', 4, 3, 1, 'MEENG413', NULL, 0),
(1310, 'MEENG424', 'Basic Occupational Safety and Health', 3, 3, 0, NULL, NULL, 0),
(1311, 'MEENG425', 'Manufacturing & Industrial Processes  with Plant Visits', 2, 1, 1, 'MEENG417', NULL, 0),
(1312, 'MEENG426', 'Mechanical Engineering Lab 3', 2, NULL, 2, 'MEENG414', NULL, 0),
(1313, 'MEENG427', 'ME Laws, Ethics, Contracts, Codes and Standard', 3, 3, 0, NULL, NULL, 0),
(1314, 'MEENG428', 'M.E. Integrative Course', 4, 3, 1, NULL, NULL, 0),
(1315, 'FOSPINED', 'Foundations of Special Education', 3, 3, 0, NULL, NULL, 0),
(1316, 'SNEDLSPD', 'Learners with Sensory and Physical Disabilities', 3, 3, 0, NULL, NULL, 0),
(1317, 'SNEDLWDD', 'Learners with Developmental Disabilities', 3, 3, 0, NULL, NULL, 0),
(1318, 'SNLEBLCD', 'Learners with Emotional, Behavioral, Language and Communication Disabilities', 3, 3, 0, NULL, NULL, 0),
(1319, 'SNEDCPIE', 'Curriculum and Pedagogy in Inclusive Education', 3, 3, 0, 'FOSPINED', NULL, 0),
(1320, 'SNEDEASA', 'Educational Assessment of Students with  Additional Needs', 3, 3, 0, 'FOSPINED', NULL, 0),
(1321, 'SNEDGTLS', 'Gifted and Talented Learners', 3, 3, 0, NULL, NULL, 0),
(1322, 'SNAPERMH', 'Adapted Physical Education and Recreation, Music, and Health', 3, 3, 0, 'SNEDCPIE', NULL, 0),
(1323, 'SNEDBMAM', 'Behavior Management and Modification', 3, 3, 0, 'SNEDCPIE', NULL, 0),
(1324, 'SNEDTRED', 'Transition Education', 3, 3, 0, 'SNEDCPIE', NULL, 0),
(1325, 'SNINALLI', 'Instructional Adaptations in Language  and Literacy Instruction', 3, 3, 0, 'SNEDCPIE', NULL, 0),
(1326, 'SNINAMSI', 'Instructional Adaptations in Mathematics and Science Instruction', 3, 3, 0, 'SNEDCPIE', NULL, 0),
(1327, 'SNEDDIEP', 'Development of Individualized Education Plans', 3, 3, 0, 'SNEDCPIE', NULL, 0),
(1328, 'SNEDECIE', 'Early Childhood Inclusive Education', 3, 3, 0, 'SNEDCPIE', NULL, 0),
(1329, 'SNINATCA', 'Instructional Adaptations for Teaching the Content Areas (Social Sciences, Humanities)', 3, 3, 0, 'SNEDCPIE', NULL, 0),
(1330, 'SNRESNIE', 'Research in Special Needs and Inclusive Education', 3, 3, 0, 'SNEDTRED', NULL, 0),
(1331, 'FNDSTENO', 'Foundation of Shorthand', 5, 5, 0, NULL, NULL, 0),
(1332, 'ADVSTENO', 'Advanced Shorthand', 3, 3, 0, NULL, NULL, 0),
(1333, 'KEYDOCPR2', 'Keyboarding and Documents Processing 2', 3, 3, 0, 'KEYDOCPR', NULL, 0),
(1334, 'PRPROFDV', 'Personal and Professional Development', 3, 3, 0, 'ADOPMNGT', NULL, 0),
(1335, 'SPDTRANS', 'Speed Transcription', 3, 3, 0, 'ADVSTENO', NULL, 0),
(1336, 'BUSREPWR', 'Business Report Writing', 3, 3, 0, NULL, NULL, 0),
(1337, 'OAINTERN', 'Office Administration Internship (300 Hours)', 3, 3, 0, 'ADOPMNGT', NULL, 0),
(1338, 'INTSOFAP', 'Integrated Software Applications', 3, 3, 0, NULL, NULL, 0),
(1339, 'MACSHAN1', 'Fundamentals of Machine Shorthand 1', 3, 3, 0, 'SPDTRANS', NULL, 0),
(1340, 'OABUSRS1', 'Internet Research for Business (BR1)', 3, 3, 0, 'ADOPMNGT', NULL, 0),
(1341, 'MACSHAN2', 'Machine Shorthand 2', 3, 3, 0, 'MACSHAN1', NULL, 0),
(1342, 'OABUSRS2', 'Basic Research/Thesis Writing (BR2)', 3, 3, 0, 'OABUSRS1V', NULL, 0),
(1343, 'CUSTRELA', 'Customer Relations', 3, 3, 0, NULL, NULL, 0),
(1344, 'OAPRACTI', 'Legal/Medical Office Procedure', 6, 6, 0, 'OABUSRS2', NULL, 0),
(1345, 'BIOSCLAB', 'Biological Science (Laboratory)', 0, NULL, 1, NULL, NULL, 0),
(1346, 'BIOSCLEC', 'Biological Science (Lecture)', 4, 4, 0, NULL, NULL, 0),
(1347, 'INTROPSY', 'Introduction to Psychology', 3, 3, 0, NULL, NULL, 0),
(1348, 'ANAPYLAB', 'Anatomy and Physiology (Laboratory)', 1, NULL, 1, NULL, NULL, 0),
(1349, 'ANAPYLEC', 'Anatomy and Physiology (Lecture)', 4, 4, 0, NULL, NULL, 0),
(1350, 'PSYCSTAT', 'Psychological Statistics', 5, 5, 0, NULL, NULL, 0),
(1351, 'BIOCHLAB', 'Biochemistry (Laboratory)', 1, NULL, 1, NULL, NULL, 0),
(1352, 'BIOCHLEC', 'Biochemistry (Lecture)', 4, 4, 0, NULL, NULL, 0),
(1353, 'DEVPSYCH', 'Developmental Psychology', 3, 3, 0, NULL, NULL, 0),
(1354, 'PHYPSYCH', 'Physiological Psychology', 3, 3, 0, NULL, NULL, 0),
(1355, 'EXPSYLAB', 'Experimental Psychology (Laboratory)', 2, NULL, 2, NULL, NULL, 0),
(1356, 'EXPSYLEC', 'Experimental Psychology (Lecture)', 3, 3, 0, NULL, NULL, 0),
(1357, 'PHYPSYLB', 'Physics for Psychology Students  (Laboratory)', 1, NULL, 1, NULL, NULL, 0),
(1358, 'PHYPSYLC', 'Physics for Psychology Students (Lecture)', 4, 4, 0, NULL, NULL, 0),
(1359, 'THEOPERS', 'Theories of Personality', 3, 3, 0, NULL, NULL, 0),
(1360, 'ABNPSYCH', 'Abnormal Psychology', 3, 3, 0, NULL, NULL, 0),
(1361, 'COGPSYCH', 'Cognitive Psychology', 3, 3, 0, NULL, NULL, 0),
(1362, 'FLDMETLB', 'Field Methods (Laboratory)', 2, NULL, 2, NULL, NULL, 0),
(1363, 'FLDMETLC', 'Field Methods (Lecture)', 3, 3, 0, NULL, NULL, 0),
(1364, 'INDPSYCH', 'Industrial Organizational Psychology', 3, 2, 1, NULL, NULL, 0),
(1365, 'TLEEXHEL', 'Home Economics Literacy', 3, 3, 0, NULL, NULL, 0),
(1366, 'SOCPSYCH', 'Social Psychology', 3, 3, 0, NULL, NULL, 0),
(1367, 'LABORLAW', 'Labor Laws and Labor Relations', 3, 3, 0, NULL, NULL, 0),
(1368, 'MNTLHLTH', 'Disaster and Mental Health', 3, 3, 0, NULL, NULL, 0),
(1369, 'PSYASSLB', 'Psychological Assessment Laboratory', 2, NULL, 2, NULL, NULL, 0),
(1370, 'PSYASSLC', 'Psychological Assessment Lecture', 3, 3, 0, NULL, NULL, 0),
(1371, 'PSYTHES1', 'Research in Psychology I', 3, 3, 0, NULL, NULL, 0),
(1372, 'SIKOLPIL', 'Sikolohiyang Pilipino', 3, 3, 0, NULL, NULL, 0),
(1373, 'OPENELEC', 'Open Elective', 3, 3, 0, NULL, NULL, 0),
(1374, 'ORGLDVMT', 'Organizational Development', 3, 3, 0, NULL, NULL, 0),
(1375, 'POSPSYCH', 'Positive Psychology', 3, 3, 0, NULL, NULL, 0),
(1376, 'PSYTHES2', 'Research in Psychology II', 3, 3, 0, NULL, NULL, 0),
(1377, 'STRATHRM', 'Strategic Human Resource Management', 3, 3, 0, NULL, NULL, 0),
(1378, 'ICOPSYCH', 'Integrative Course in Psychology (Review Class)', 4, 4, 0, NULL, NULL, 0),
(1379, 'PSYCHOJT', 'Practicum/Internship', 6, 6, 0, NULL, NULL, 0),
(1380, 'TPECPHGT', 'Philippine Gastronomical Tourism', 3, 3, 0, 'THCMICPR, THCMACPR', NULL, 0),
(1381, 'TPECTWAP', 'Travel Writing and Photography', 3, 3, 0, 'THCMACPR, THCMICPR', NULL, 0),
(1382, 'TLEEXIT1', 'Introduction to Information and Communications Technology (ICT) I', 3, 3, 0, NULL, NULL, 0),
(1383, 'TLEHECED', 'Consumer Education', 0, 3, 0, NULL, NULL, 0),
(1384, 'TLEEXENT', 'Entrepreneurship', 3, 3, 0, 'TLEEXHEL', NULL, 0),
(1385, 'TLEEXFCL', 'Family and Consumer Life Skills', 3, 3, 0, 'TLEHECED', NULL, 0),
(1386, 'TLEEXIT2', 'Introduction to Information and Communications Technology (ICT) II', 3, 3, 0, 'TLEEXIT1', NULL, 0),
(1387, 'TLEEXAF1', 'Introduction to Agri-Fishery Arts 1', 3, 3, 0, NULL, NULL, 0),
(1388, 'TLEEXIA1', 'Introduction to Industrial Arts I', 3, 3, 0, NULL, NULL, 0),
(1389, 'TLEHEHRM', 'Household Resource Management', 3, 1, 2, NULL, NULL, 0),
(1390, 'TLEHEPFP', 'Principles of Food Preparation', 3, 1, 2, NULL, NULL, 0),
(1391, 'PEDTCSPT', 'The Teacher and the Community, School Culture, and Organizational Leadership w/ Focus on the Philippine TVET System', 3, 3, 0, NULL, NULL, 0),
(1392, 'TLEEXAF2', 'Introduction to Agri-Fishery Arts II', 3, 3, 0, 'TLEEXAF1', NULL, 0),
(1393, 'TLEEXIA2', 'Introduction to Industrial Arts II', 3, 3, 0, 'TLEEXIA1', NULL, 0),
(1394, 'TLEHEBPA', 'Bread and Pastry Arts', 3, 1, 2, 'TLEHEPFP', NULL, 0),
(1395, 'TLEHEFAN', 'Food and Nutrition', 3, 1, 2, 'TLEHEPFP', NULL, 0),
(1396, 'TLEHESFM', 'School Food Service Management (with 150 hours of Practicum Component)', 3, 1, 2, 'TLEHEHRM', NULL, 0),
(1397, 'PEDASLT1', 'Assessment of Learning 1', 3, 3, 0, NULL, NULL, 0),
(1398, 'PEDFLTM1', 'Facilitating Learner - Centered Teaching Approches w/ Emphasis on Trainers Methodology I (TM I)', 3, 3, 0, NULL, NULL, 0),
(1399, 'TLEEXTTL', 'Technology for Teaching & Learning 2 (TLE)', 3, 3, 0, 'PEDTFTAL', NULL, 0),
(1400, 'TLEHEADL', 'Arts in Daily Living', 3, 1, 2, NULL, NULL, 0),
(1401, 'TLEHECAD', 'Child and Adolescent Development', 3, 3, 0, NULL, NULL, 0),
(1402, 'TLEHECSP', 'Clothing Selection, Purchase & Care', 3, 1, 2, NULL, NULL, 0),
(1403, 'TLEHEFFT', 'Fundamentals of Food Technology', 3, 1, 2, NULL, NULL, 0),
(1404, 'PEDAL2TM', 'Assessment of Learning 2 w/ Focus on Trainer\'s Methodology I & II', 3, 3, 0, 'PEDASOL1', NULL, 0),
(1405, 'PEDCDTM2', 'Curriculum Development and Evaluation w/ Emphasis on Trainers Methodology II (TM II)', 3, 3, 0, NULL, NULL, 0),
(1406, 'RESINHE2', 'Research II: Research in Home Economics II', 3, 3, 0, 'RESINHE2', NULL, 0),
(1407, 'TLEHEBCH', 'Beauty Care with Health & Wellness', 3, 1, 2, NULL, NULL, 0),
(1408, 'TLEHECCD', 'Clothing Construction', 3, 1, 2, 'TLEHECSP', NULL, 0),
(1409, 'TLEHECDH', 'Crafts Design (Handicrafts)', 3, 1, 2, NULL, NULL, 0),
(1410, 'TLEHEMFR', 'Marriage and Family Relationships', 3, 3, 0, NULL, NULL, 0),
(1411, 'TLEIAGHA', 'Graphic Arts', 3, 3, 0, NULL, NULL, 0),
(1412, 'TLEIACT1', 'Civil Technology I', 3, 1, 2, NULL, NULL, 0),
(1413, 'TLEIAFAT', 'Fundamentals of Automotive Technology', 3, 1, 2, NULL, NULL, 0),
(1414, 'TLEIAAAT', 'Applied Automotive Technology', 3, 1, 2, NULL, NULL, 0),
(1415, 'TLEIACT2', 'Civil Technology II', 3, 1, 2, NULL, NULL, 0),
(1416, 'RESINIA1', 'Research I: Research In Industrial Arts 1', 3, 3, 0, NULL, NULL, 0),
(1417, 'TLEIADRA', 'Domestic Refrigeration and Air- Conditioning', 3, 1, 2, NULL, NULL, 0),
(1418, 'TLEIAFEE', 'Fundamentals of Electronics Technology', 3, 1, 2, NULL, NULL, 0),
(1419, 'TLEIAFET', 'Fundamentals of Electrical Technology', 3, 1, 2, NULL, NULL, 0),
(1420, 'TLEIAMWS', 'Metal Works', 3, 1, 2, NULL, NULL, 0),
(1421, 'RESINIA2', 'Research II: Research in Industrial Arts II', 3, 3, 0, NULL, NULL, 0),
(1422, 'TLEIAAET', 'Applied Electrical Technology', 3, 1, 2, NULL, NULL, 0),
(1423, 'TLEIACDH', 'Crafts Design (Handicraft)', 3, 1, 2, NULL, NULL, 0),
(1424, 'TLEIACRA', 'Commercial Refrigeration and Air- Conditioning', 3, 1, 2, NULL, NULL, 0),
(1425, 'TLEIADET', 'Digital Electronics Technology', 3, 1, 2, NULL, NULL, 0),
(1426, 'ELECTRI1', 'Philippine Electrical Code (PEC) and Its Application', 6, 3, 3, NULL, NULL, 0),
(1427, 'ELECTRI2', 'Transformer, DC Rotating Machine and Alternative Sources of Energy', 6, 3, 3, NULL, NULL, 0),
(1428, 'ELECTRI6', 'Programmable Logic Circuits, Automation and Mechatronics', 6, 3, 3, NULL, NULL, 0),
(1429, 'ELCFASH1', 'Textile Study', 3, 2, 1, NULL, NULL, 0),
(1430, 'FASHTEC3', 'Fashion Studies and Design Development 1', 6, 3, 3, 'FASHTEC2', NULL, 0),
(1431, 'ELCFASH2', 'Costume Details and Fashion Accesories', 3, 2, 1, NULL, NULL, 0),
(1432, 'FASHTEC4', 'Fashion Design and Development 2', 6, 3, 3, 'FASHTEC3', NULL, 0),
(1433, 'FASHTEC5', 'Apparel Production and Operation Analysis', 6, 3, 3, 'FASHTEC4', NULL, 0),
(1434, 'FOODTEC1', 'Food Selection and Preparation', 6, 3, 3, NULL, NULL, 0),
(1435, 'MECHTEC6', 'Jigs and Fixtures Design', 6, 3, 3, 'MECHTEC5', NULL, 0),
(1436, 'ECENG221B', 'Electronics 2: Electronic Circuit Analysis and Design', 4, 3, 1, 'ECENG211', NULL, 0),
(1437, 'ECENG222', 'Communications 1: Principles of Communication System', 4, 3, 1, NULL, 'ECENG221B', 0),
(1438, 'MATH319B ', 'Advance Engineering Mathematics for ECE', 3, 3, 0, 'DIFFEQUA', NULL, 0),
(1439, 'ECENG311', 'Electronics 3: Electronic Systems and Design', 4, 3, 1, 'ECENG221B', NULL, 0),
(1440, 'ECENG312', 'Digital Electronics 1: Logic Circuits and Switching Theory', 4, 3, 1, 'ECENG211', NULL, 0),
(1441, 'ECENG313', 'Signals, Spectra, and Signal Processing', 4, 3, 1, 'MATH319B', NULL, 0),
(1442, 'ECENG314', 'Communications 2: Modulation and  Coding Techniques', 4, 3, 1, 'ECENG222', NULL, 0),
(1443, 'ECENG322', 'Communications 4: Data Communications', 4, 3, 1, 'ECENG314', 'ECENG321', 0),
(1444, 'ECENG323', 'Digital Electronics 2: Microprocessor & Microcontroller Systems & Design', 4, 3, 1, 'ECENG312', NULL, 0),
(1445, 'ECENG324', 'Feedback and Control Systems', 4, 3, 1, 'MATH319B', NULL, 0),
(1446, 'ECENG325', 'ECE Laws, Contracts, Ethics, Standards & Safety', 3, 3, 0, NULL, NULL, 0),
(1447, 'ECENG411', 'Methods of Research', 3, 3, 0, NULL, NULL, 0),
(1448, 'ECENG412', 'ECE Elective 1 (Advanced Communication System and Design)', 4, 3, 1, 'ECENG322', NULL, 0),
(1449, 'ECENG413', 'ECE Elective 2 (Advanced Power Supply Systems)', 4, 3, 1, 'EEENG_221, ECENG311', NULL, 0),
(1450, 'ECENG414', 'ECE Elective 3 (Advanced Instrumentation & Control Systems)', 4, 3, 1, 'ECENG324', NULL, 0),
(1451, 'ECENG415', 'Design 1 / Capstone Project', 1, NULL, 1, NULL, NULL, 0),
(1452, 'ECENG416', 'Review 1 (Mathematics & GEAS)', 2, NULL, 2, NULL, NULL, 0),
(1453, 'ECENG421', 'Seminars/Colloquium', 1, NULL, 1, NULL, NULL, 0),
(1454, 'ECENG422', 'Design 2 / Capstone Project 2', 1, NULL, 1, 'ECENG415', NULL, 0),
(1455, 'ECENG423', 'ECE Elective 4 (Advanced Networking)', 4, 3, 1, 'ECENG322, ECENG412', NULL, 0),
(1456, 'ECENG424', 'ECE Elective 5 (Renewable Energy Systems)', 4, 3, 1, 'ECENG413, EEENG_221', NULL, 0),
(1457, 'ECENG425', 'ECE Elective 6 (Robotics Technology)', 4, 3, 1, 'ECENG414, ECENG311', NULL, 0),
(1458, 'ECENG426', 'Review 2 (Electronics & Communications/EST)', 2, NULL, 2, NULL, NULL, 0),
(1460, 'ECENG_221', 'Electronics Circuits: Devices and Analysis', 4, 3, 1, NULL, NULL, 0),
(1461, 'ECENG 321', 'Communication 3 Transmission Media, Antenna System and Design', 4, 3, 1, NULL, NULL, 0),
(1462, 'NSTPCWTS1', 'NSTP Civic Welfare Training Service 1', 3, 3, 0, NULL, NULL, 0),
(1463, 'NSTPMTS1', 'NSTP Military Training Service 1', 3, 3, 0, NULL, NULL, 0),
(1464, 'MATHANA3', 'Calculus 3', 3, 3, 0, NULL, NULL, 0),
(1465, 'CEENG111', 'Civil Engineering Orientataion', 2, 2, 0, NULL, NULL, 0),
(1466, 'DRW_101A', 'Engineering Drawing and Plans', 1, NULL, 1, NULL, NULL, 0),
(1467, 'RESINHE1', 'Research I: Research In Home Economics 1', 3, 3, 0, NULL, NULL, 0),
(1468, 'COM_SP_212', 'Computer Fundamentals and Programming', 2, NULL, 2, NULL, NULL, 0),
(1469, 'EEENG_211', 'Electrical Circuits 1', 4, 3, 1, 'CENPHY2', NULL, 0),
(1470, 'NSTPROG2', 'National Service Training Program (MTS/CWTS/LTS)', 3, 3, 0, 'NSTPROG1', NULL, 0),
(1471, 'EEN_323', 'Electromagnetics', 3, 3, 0, 'DIFFEQUA', NULL, 0),
(1472, 'INFMGTLC', 'Information Management (Lecture)', 2, 2, 0, NULL, NULL, 0),
(1473, 'INFMGTLB', 'Information Management (Laboratory)', 1, NULL, 1, NULL, NULL, 0),
(1474, 'PTECHLEC', 'Platform Technologies (Lecture)', 2, 2, 0, NULL, NULL, 0),
(1475, 'PTECHLAB', 'Platform Technologies (Laboratory)', 1, NULL, 1, NULL, NULL, 0),
(1476, 'MOSIMLEC', 'Modeling and Simulation (Lecture)', 2, 2, 0, NULL, NULL, 0),
(1480, 'GEPURPCO', 'Purposive Communication', 3, 3, 0, NULL, NULL, 0);

-- --------------------------------------------------------

--
-- Table structure for table `curriculum_table`
--

CREATE TABLE `curriculum_table` (
  `curriculum_id` int(11) NOT NULL,
  `year_id` int(11) DEFAULT NULL,
  `program_id` int(11) DEFAULT NULL,
  `lock_status` tinyint(1) DEFAULT 0
) ENGINE=InnoDB DEFAULT CHARSET=utf8mb4 COLLATE=utf8mb4_general_ci;

--
-- Dumping data for table `curriculum_table`
--

INSERT INTO `curriculum_table` (`curriculum_id`, `year_id`, `program_id`, `lock_status`) VALUES
(1, 25, 1, 1),
(2, 25, 2, 1),
(3, 25, 3, 1),
(4, 25, 4, 1),
(5, 25, 5, 1),
(6, 25, 6, 1),
(7, 25, 7, 1),
(8, 25, 8, 1),
(9, 25, 9, 1),
(10, 25, 10, 1),
(11, 25, 11, 1),
(12, 25, 12, 1),
(13, 25, 13, 1),
(14, 25, 14, 1),
(15, 25, 15, 1),
(16, 25, 16, 1),
(17, 25, 17, 1),
(18, 25, 18, 1),
(19, 25, 19, 1),
(20, 25, 20, 1),
(21, 25, 21, 1),
(22, 25, 22, 1),
(23, 25, 24, 1),
(24, 25, 25, 1),
(25, 25, 26, 1),
(26, 25, 27, 1),
(27, 25, 28, 1),
(28, 25, 29, 1),
(29, 25, 30, 1),
(30, 25, 31, 1),
(31, 25, 32, 1),
(32, 25, 33, 1),
(33, 25, 34, 1),
(34, 25, 35, 1),
(35, 25, 36, 1),
(36, 25, 37, 1),
(37, 25, 38, 1),
(39, 25, 39, 1),
(40, 25, 40, 1),
(41, 25, 41, 1),
(42, 25, 42, 1),
(43, 25, 43, 1),
(44, 25, 44, 1),
(45, 25, 45, 1),
(46, 25, 46, 1),
(47, 25, 47, 1),
(48, 25, 48, 1),
(49, 25, 49, 1),
(50, 25, 50, 1),
(51, 25, 51, 1),
(52, 25, 52, 1),
(53, 25, 53, 1),
(54, 25, 54, 1),
(55, 25, 55, 1);

-- --------------------------------------------------------

--
-- Table structure for table `dprtmnt_curriculum_table`
--

CREATE TABLE `dprtmnt_curriculum_table` (
  `dprtmnt_curriculum_id` int(11) NOT NULL,
  `dprtmnt_id` int(11) DEFAULT NULL,
  `curriculum_id` int(11) DEFAULT NULL
) ENGINE=InnoDB DEFAULT CHARSET=utf8mb4 COLLATE=utf8mb4_general_ci;

--
-- Dumping data for table `dprtmnt_curriculum_table`
--

INSERT INTO `dprtmnt_curriculum_table` (`dprtmnt_curriculum_id`, `dprtmnt_id`, `curriculum_id`) VALUES
(1, 1, 1),
(2, 1, 2),
(3, 1, 3),
(4, 1, 4),
(5, 2, 5),
(6, 2, 6),
(7, 2, 7),
(8, 3, 8),
(9, 3, 9),
(10, 3, 10),
(11, 3, 11),
(12, 4, 12),
(13, 4, 13),
(14, 5, 14),
(15, 5, 15),
(16, 6, 16),
(17, 6, 17),
(18, 6, 18),
(19, 6, 19),
(20, 6, 20),
(21, 6, 21),
(22, 6, 22),
(23, 6, 23),
(24, 7, 24),
(25, 7, 25),
(26, 7, 26),
(27, 7, 27),
(28, 7, 28),
(29, 7, 29),
(30, 8, 30),
(31, 8, 31),
(32, 9, 32),
(33, 9, 33),
(34, 9, 34),
(35, 9, 35),
(36, 9, 36),
(37, 9, 37),
(38, 9, 38),
(39, 9, 39),
(40, 9, 40),
(41, 10, 41),
(42, 10, 42),
(43, 10, 43),
(44, 10, 44),
(45, 11, 45),
(46, 11, 46),
(47, 11, 47),
(48, 11, 48),
(49, 11, 49),
(50, 11, 50),
(51, 11, 51),
(52, 11, 52),
(53, 11, 53),
(54, 11, 54),
(55, 11, 55);

-- --------------------------------------------------------

--
-- Table structure for table `dprtmnt_profs_table`
--

CREATE TABLE `dprtmnt_profs_table` (
  `dprtmnt_profs_id` int(11) NOT NULL,
  `dprtmnt_id` int(11) DEFAULT NULL,
  `prof_id` int(11) DEFAULT NULL
) ENGINE=InnoDB DEFAULT CHARSET=utf8mb4 COLLATE=utf8mb4_general_ci;

--
-- Dumping data for table `dprtmnt_profs_table`
--

INSERT INTO `dprtmnt_profs_table` (`dprtmnt_profs_id`, `dprtmnt_id`, `prof_id`) VALUES
(1, 5, 1),
(2, 2, 2),
(3, 2, 3),
(4, 5, 4),
(5, 5, 5),
(6, 5, 6),
(7, 2, 7),
(8, 2, 8),
(9, 5, 9),
(10, 2, 10),
(11, 2, 11),
(12, 2, 12),
(13, 5, 13),
(14, 5, 14),
(15, 2, 15),
(16, 2, 16),
(17, 2, 17),
(18, 2, 18),
(19, 5, 19),
(20, 2, 20),
(21, 2, 21),
(22, 2, 22),
(23, 2, 23),
(24, 2, 24),
(25, 2, 25),
(26, 2, 17),
(27, 2, 18),
(28, 2, 20),
(29, 2, 21),
(30, 2, 22),
(31, 2, 23),
(32, 2, 24),
(33, 2, 25),
(34, 2, 26),
(35, 2, 27),
(36, 2, 29),
(37, 2, 30),
(38, 11, 59),
(39, 5, 60),
(40, 5, 28),
(41, 5, 37),
(42, 5, 34),
(43, 5, 31),
(44, 5, 36),
(45, 5, 32),
(46, 5, 33),
(47, 5, 35),
(48, 5, 61),
(49, 1, 62),
(50, 1, 38),
(51, 1, 63),
(52, 5, 65),
(53, 5, 66),
(54, 5, 67),
(55, 5, 68),
(56, 5, 69),
(57, 5, 70);

-- --------------------------------------------------------

--
-- Table structure for table `dprtmnt_room_table`
--

CREATE TABLE `dprtmnt_room_table` (
  `dprtmnt_room_id` int(11) NOT NULL,
  `dprtmnt_id` int(11) DEFAULT NULL,
  `room_id` int(11) DEFAULT NULL,
  `lock_status` tinyint(1) DEFAULT 0
) ENGINE=InnoDB DEFAULT CHARSET=utf8mb4 COLLATE=utf8mb4_general_ci;

--
-- Dumping data for table `dprtmnt_room_table`
--

INSERT INTO `dprtmnt_room_table` (`dprtmnt_room_id`, `dprtmnt_id`, `room_id`, `lock_status`) VALUES
(3, 5, 3, 0),
(5, 5, 5, 0),
(13, 2, 13, 0),
(14, 2, 14, 0),
(15, 2, 15, 0),
(16, 2, 16, 0),
(17, 2, 17, 0),
(18, 2, 18, 0),
(19, 2, 19, 0),
(20, 2, 20, 0),
(21, 1, 21, 0),
(22, 5, 24, 0),
(23, 5, 4, 0),
(24, 1, 26, 0),
(25, 1, 2, 0),
(26, 1, 12, 0);

-- --------------------------------------------------------

--
-- Table structure for table `dprtmnt_section_table`
--

CREATE TABLE `dprtmnt_section_table` (
  `id` int(11) NOT NULL,
  `curriculum_id` int(11) DEFAULT NULL,
  `section_id` int(11) DEFAULT NULL,
  `dsstat` int(11) NOT NULL
) ENGINE=InnoDB DEFAULT CHARSET=utf8mb4 COLLATE=utf8mb4_general_ci;

--
-- Dumping data for table `dprtmnt_section_table`
--

INSERT INTO `dprtmnt_section_table` (`id`, `curriculum_id`, `section_id`, `dsstat`) VALUES
(518, 3, 16, 0),
(519, 3, 17, 0),
(520, 3, 19, 0),
(521, 3, 20, 0),
(522, 3, 22, 0),
(523, 3, 23, 0),
(524, 4, 25, 0),
(525, 6, 323, 0),
(526, 4, 28, 0),
(527, 4, 30, 0),
(528, 4, 31, 0),
(529, 4, 32, 0),
(530, 4, 37, 0),
(531, 6, 324, 0),
(532, 4, 40, 0),
(533, 4, 41, 0),
(534, 6, 325, 0),
(535, 6, 326, 0),
(536, 6, 327, 0),
(537, 6, 330, 0),
(538, 13, 149, 0),
(539, 13, 144, 0),
(540, 26, 24, 0),
(541, 13, 145, 0),
(542, 13, 146, 0),
(543, 13, 147, 0),
(544, 26, 27, 0),
(545, 13, 148, 0),
(546, 26, 29, 0),
(547, 13, 150, 0),
(548, 13, 151, 0),
(549, 25, 33, 0),
(550, 25, 38, 0),
(551, 5, 152, 0),
(552, 5, 153, 0),
(553, 5, 156, 0),
(554, 25, 39, 0),
(555, 5, 157, 0),
(558, 25, 44, 0),
(563, 25, 47, 0),
(565, 25, 50, 0),
(569, 10, 56, 0),
(570, 10, 75, 0),
(571, 10, 76, 0),
(572, 10, 77, 0),
(573, 8, 170, 0),
(574, 9, 171, 0),
(575, 10, 80, 0),
(576, 9, 172, 0),
(577, 9, 174, 0),
(578, 10, 125, 0),
(579, 9, 175, 0),
(580, 10, 128, 0),
(581, 9, 176, 0),
(582, 9, 177, 0),
(583, 9, 180, 0),
(584, 9, 181, 0),
(585, 10, 130, 0),
(586, 9, 182, 0),
(587, 10, 134, 0),
(588, 10, 135, 0),
(589, 10, 136, 0),
(590, 30, 155, 0),
(591, 9, 183, 0),
(592, 8, 185, 0),
(593, 8, 186, 0),
(594, 8, 187, 0),
(595, 8, 189, 0),
(596, 8, 190, 0),
(597, 30, 173, 0),
(598, 8, 193, 0),
(599, 9, 195, 0),
(600, 8, 195, 0),
(601, 8, 197, 0),
(602, 30, 179, 0),
(603, 8, 198, 0),
(604, 8, 200, 0),
(605, 24, 203, 0),
(606, 24, 204, 0),
(607, 24, 206, 0),
(608, 30, 192, 0),
(609, 24, 209, 0),
(610, 30, 194, 0),
(611, 24, 212, 0),
(612, 30, 196, 0),
(613, 23, 214, 0),
(614, 23, 216, 0),
(615, 30, 199, 0),
(616, 30, 201, 0),
(617, 30, 202, 0),
(618, 23, 217, 0),
(619, 30, 205, 0),
(620, 28, 219, 0),
(621, 28, 220, 0),
(622, 30, 207, 0),
(623, 28, 223, 0),
(624, 30, 208, 0),
(625, 28, 224, 0),
(626, 30, 210, 0),
(627, 28, 226, 0),
(628, 28, 227, 0),
(629, 28, 229, 0),
(630, 28, 231, 0),
(631, 30, 211, 0),
(632, 28, 232, 0),
(633, 2, 213, 0),
(634, 12, 234, 0),
(635, 12, 235, 0),
(636, 2, 215, 0),
(637, 12, 237, 0),
(638, 2, 218, 0),
(639, 12, 238, 0),
(640, 12, 240, 0),
(641, 12, 241, 0),
(642, 2, 221, 0),
(643, 2, 225, 0),
(644, 12, 243, 0),
(645, 12, 244, 0),
(646, 2, 222, 0),
(647, 12, 246, 0),
(648, 12, 247, 0),
(649, 2, 228, 0),
(650, 2, 236, 0),
(651, 2, 233, 0),
(652, 2, 230, 0),
(653, 18, 252, 0),
(654, 18, 254, 0),
(655, 15, 239, 0),
(656, 18, 255, 0),
(657, 18, 256, 0),
(658, 18, 257, 0),
(659, 15, 242, 0),
(660, 17, 259, 0),
(661, 17, 261, 0),
(662, 15, 245, 0),
(663, 17, 262, 0),
(664, 17, 263, 0),
(665, 17, 264, 0),
(666, 15, 249, 0),
(667, 16, 266, 0),
(668, 15, 250, 0),
(669, 16, 267, 0),
(670, 16, 269, 0),
(671, 15, 251, 0),
(672, 16, 270, 0),
(673, 16, 271, 0),
(674, 15, 253, 0),
(675, 15, 258, 0),
(676, 15, 260, 0),
(677, 26, 274, 0),
(678, 26, 275, 0),
(679, 15, 265, 0),
(680, 26, 276, 0),
(681, 26, 278, 0),
(682, 32, 281, 0),
(683, 32, 282, 0),
(684, 33, 283, 0),
(685, 35, 284, 0),
(686, 35, 285, 0),
(687, 35, 286, 0),
(688, 35, 287, 0),
(689, 31, 268, 0),
(690, 31, 272, 0),
(691, 31, 277, 0),
(692, 37, 279, 0),
(693, 38, 280, 0),
(694, 34, 288, 0),
(695, 34, 289, 0),
(696, 34, 290, 0),
(697, 34, 291, 0),
(698, 36, 292, 0),
(699, 39, 293, 0),
(700, 40, 294, 0),
(701, 17, 295, 0),
(702, 17, 296, 0),
(703, 7, 297, 0),
(704, 7, 298, 0),
(705, 7, 299, 0),
(706, 7, 300, 0),
(707, 7, 301, 0),
(708, 7, 302, 0),
(709, 27, 303, 0),
(710, 27, 304, 0),
(711, 27, 305, 0),
(712, 27, 306, 0),
(713, 19, 307, 0),
(714, 19, 308, 0),
(715, 19, 309, 0),
(716, 13, 360, 0),
(717, 19, 310, 0),
(718, 19, 311, 0),
(719, 11, 312, 0),
(720, 11, 313, 0),
(721, 11, 314, 0),
(722, 11, 315, 0),
(723, 11, 317, 0),
(724, 11, 318, 0),
(725, 11, 319, 0),
(726, 11, 320, 0),
(727, 11, 321, 0),
(728, 11, 322, 0),
(729, 14, 361, 0),
(730, 20, 339, 0),
(731, 14, 362, 0),
(732, 14, 363, 0),
(733, 20, 341, 0),
(734, 14, 364, 0),
(735, 20, 343, 0),
(736, 20, 345, 0),
(737, 20, 346, 0),
(738, 14, 365, 0),
(739, 14, 366, 0),
(740, 21, 348, 0),
(741, 14, 367, 0),
(742, 14, 368, 0),
(743, 14, 369, 0),
(744, 21, 351, 0),
(745, 21, 352, 0),
(746, 21, 354, 0),
(747, 21, 356, 0),
(748, 30, 158, 0),
(749, 30, 160, 0),
(750, 2, 376, 0),
(751, 30, 184, 0),
(752, 24, 375, 0),
(753, 30, 188, 0),
(754, 29, 331, 0),
(755, 29, 332, 0),
(756, 29, 333, 0),
(757, 29, 334, 0),
(758, 29, 338, 0),
(759, 29, 342, 0),
(760, 29, 344, 0),
(761, 29, 347, 0),
(762, 29, 337, 0),
(763, 29, 340, 0),
(764, 15, 378, 0),
(765, 15, 379, 0),
(766, 15, 382, 0),
(767, 15, 383, 0),
(768, 15, 386, 0),
(769, 15, 387, 0),
(770, 15, 388, 0),
(771, 15, 390, 0),
(772, 15, 391, 0),
(773, 15, 392, 0),
(774, 14, 378, 0),
(775, 14, 379, 0),
(776, 14, 382, 0),
(777, 14, 383, 0),
(778, 14, 386, 0),
(779, 14, 387, 0),
(780, 14, 388, 0),
(781, 14, 390, 0),
(782, 14, 391, 0),
(783, 13, 410, 0),
(784, 13, 411, 0),
(785, 13, 414, 0),
(786, 13, 415, 0),
(787, 13, 418, 0),
(788, 13, 419, 0),
(789, 13, 420, 0),
(790, 13, 422, 0),
(791, 13, 423, 0),
(792, 13, 424, 0),
(793, 5, 462, 0),
(794, 5, 463, 0),
(795, 5, 464, 0),
(796, 5, 465, 0),
(807, 9, 410, 0),
(808, 9, 411, 0),
(809, 9, 414, 0),
(810, 9, 415, 0),
(811, 9, 418, 0),
(812, 9, 419, 0),
(813, 9, 420, 0),
(814, 9, 422, 0),
(815, 9, 423, 0),
(816, 9, 424, 0),
(817, 9, 425, 0),
(818, 8, 410, 0),
(819, 8, 411, 0),
(820, 8, 414, 0),
(821, 8, 415, 0),
(822, 8, 418, 0),
(823, 8, 419, 0),
(824, 8, 420, 0),
(825, 12, 446, 0),
(826, 12, 450, 0),
(827, 12, 451, 0),
(828, 12, 454, 0),
(829, 12, 455, 0),
(830, 12, 456, 0),
(831, 12, 458, 0),
(832, 12, 459, 0),
(833, 12, 460, 0),
(834, 10, 410, 0),
(835, 10, 411, 0),
(836, 10, 414, 0),
(837, 10, 415, 0),
(838, 10, 418, 0),
(839, 10, 419, 0),
(840, 10, 420, 0),
(841, 10, 422, 0),
(842, 10, 423, 0),
(843, 10, 424, 0),
(844, 10, 425, 0),
(845, 7, 378, 0),
(846, 7, 379, 0),
(847, 7, 382, 0),
(848, 7, 383, 0),
(849, 7, 386, 0),
(850, 7, 387, 0),
(851, 7, 390, 0),
(852, 7, 391, 0),
(853, 27, 378, 0),
(854, 27, 382, 0),
(855, 27, 386, 0),
(856, 27, 390, 0),
(857, 11, 410, 0),
(858, 11, 411, 0),
(859, 11, 414, 0),
(860, 11, 415, 0),
(861, 11, 418, 0),
(862, 11, 419, 0),
(863, 11, 420, 0),
(864, 11, 422, 0),
(865, 11, 423, 0),
(866, 11, 424, 0),
(867, 11, 425, 0),
(868, 3, 482, 0),
(869, 3, 483, 0),
(870, 3, 484, 0),
(871, 3, 485, 0),
(872, 3, 486, 0),
(873, 3, 487, 0),
(874, 4, 488, 0),
(875, 4, 489, 0),
(876, 4, 492, 0),
(877, 4, 493, 0),
(878, 4, 496, 0),
(879, 4, 497, 0),
(880, 4, 500, 0),
(881, 4, 501, 0),
(886, 1, 526, 0),
(887, 1, 527, 0),
(888, 1, 528, 0),
(889, 1, 529, 0),
(890, 1, 530, 0),
(891, 1, 531, 0),
(892, 1, 532, 0),
(893, 1, 533, 0),
(894, 1, 534, 0),
(895, 1, 535, 0),
(896, 24, 378, 0),
(897, 24, 382, 0),
(898, 24, 386, 0),
(899, 24, 390, 0),
(900, 24, 391, 0),
(901, 23, 378, 0),
(902, 23, 382, 0),
(903, 23, 386, 0),
(904, 23, 390, 0),
(905, 28, 536, 0),
(906, 28, 537, 0),
(907, 28, 538, 0),
(908, 28, 539, 0),
(909, 28, 540, 0),
(910, 28, 541, 0),
(911, 28, 542, 0),
(912, 6, 378, 0),
(913, 6, 463, 0),
(914, 6, 545, 0),
(915, 6, 543, 0),
(916, 6, 544, 0),
(917, 6, 546, 0),
(918, 6, 547, 0),
(919, 6, 548, 0),
(920, 6, 549, 0),
(921, 29, 466, 0),
(922, 29, 467, 0),
(923, 29, 468, 0),
(924, 29, 470, 0),
(925, 29, 471, 0),
(926, 29, 472, 0),
(927, 29, 474, 0),
(928, 29, 475, 0),
(929, 29, 476, 0),
(930, 29, 478, 0),
(931, 29, 479, 0),
(932, 29, 480, 0);

-- --------------------------------------------------------

--
-- Table structure for table `dprtmnt_table`
--

CREATE TABLE `dprtmnt_table` (
  `dprtmnt_id` int(11) NOT NULL,
  `dprtmnt_name` varchar(255) DEFAULT NULL,
  `dprtmnt_code` varchar(100) DEFAULT NULL
) ENGINE=InnoDB DEFAULT CHARSET=utf8mb4 COLLATE=utf8mb4_general_ci;

--
-- Dumping data for table `dprtmnt_table`
--

INSERT INTO `dprtmnt_table` (`dprtmnt_id`, `dprtmnt_name`, `dprtmnt_code`) VALUES
(1, 'College of Architecture and Fine Arts', 'CAFA'),
(2, 'College of Arts and Sciences', 'CAS'),
(3, 'College of Business and Public Administration', 'CBPA'),
(4, 'College of Criminal Justice Education', 'CCJE'),
(5, 'College of Computing Studies', 'CCS'),
(6, 'College of Education', 'CED'),
(7, 'College of Engineering', 'CEN'),
(8, 'College of Hospitality and Tourism Management', 'CHTM'),
(9, 'College of Industrial Technology', 'CIT'),
(10, 'Graduate School Doctoral Program', 'GSDP'),
(11, 'Graduate School Master Program', 'GSMP');

-- --------------------------------------------------------

--
-- Table structure for table `enrolled_subject`
--

CREATE TABLE `enrolled_subject` (
  `id` int(11) NOT NULL,
  `student_number` varchar(255) NOT NULL,
  `curriculum_id` int(11) DEFAULT NULL,
  `course_id` int(11) DEFAULT NULL,
  `active_school_year_id` int(11) DEFAULT NULL,
  `midterm` varchar(60) DEFAULT NULL,
  `finals` varchar(60) DEFAULT NULL,
  `final_grade` varchar(255) DEFAULT NULL,
  `grades_status` varchar(60) DEFAULT NULL,
  `en_remarks` int(11) NOT NULL DEFAULT 0,
  `department_section_id` int(11) NOT NULL,
  `status` int(11) NOT NULL DEFAULT 0,
  `fe_status` int(11) NOT NULL DEFAULT 0,
  `remarks` varchar(255) NOT NULL,
  `created_at` timestamp NOT NULL DEFAULT current_timestamp()
) ENGINE=InnoDB DEFAULT CHARSET=utf8mb4 COLLATE=utf8mb4_general_ci;

--
-- Dumping data for table `enrolled_subject`
--

INSERT INTO `enrolled_subject` (`id`, `student_number`, `curriculum_id`, `course_id`, `active_school_year_id`, `midterm`, `finals`, `final_grade`, `grades_status`, `en_remarks`, `department_section_id`, `status`, `fe_status`, `remarks`, `created_at`) VALUES
(458, '202500007', 14, 90, 63, NULL, NULL, NULL, NULL, 0, 774, 1, 0, '', '2025-12-03 07:09:32'),
(459, '202500007', 14, 115, 63, '90', '90', '90', '90', 1, 774, 1, 0, '', '2025-12-03 07:09:32'),
(460, '202500007', 14, 198, 63, '90', '90', '90', '90', 1, 774, 1, 0, '', '2025-12-03 07:09:32'),
(461, '202500007', 14, 95, 63, '90', '90', '90', '90', 1, 774, 1, 0, '', '2025-12-03 07:09:32'),
(462, '202500007', 14, 100, 63, '90', '90', '90', '90', 1, 774, 1, 0, '', '2025-12-03 07:09:32'),
(465, '202500007', 14, 883, 63, '90', '90', '90', '90', 1, 774, 1, 0, '', '2025-12-03 07:09:32'),
(466, '202500007', 14, 1018, 63, NULL, NULL, NULL, NULL, 0, 774, 1, 0, '', '2025-12-03 07:09:32'),
(467, '202500007', 14, 1465, 63, NULL, NULL, NULL, NULL, 0, 774, 1, 0, '', '2025-12-03 07:09:32'),
(468, '202500005', 14, 90, 63, NULL, NULL, NULL, NULL, 0, 774, 1, 0, '', '2025-12-03 07:09:57'),
(469, '202500005', 14, 100, 63, '90', '90', '90', '90', 1, 774, 1, 0, '', '2025-12-03 07:09:57'),
(470, '202500005', 14, 95, 63, '90', '90', '90', '90', 1, 774, 1, 0, '', '2025-12-03 07:09:57'),
(471, '202500005', 14, 115, 63, '90', '90', '90', '90', 1, 774, 1, 0, '', '2025-12-03 07:09:57'),
(472, '202500005', 14, 198, 63, '90', '90', '90', '90', 1, 774, 1, 0, '', '2025-12-03 07:09:57'),
(475, '202500005', 14, 883, 63, '90', '90', '90', '90', 1, 774, 1, 0, '', '2025-12-03 07:09:57'),
(476, '202500005', 14, 1018, 63, NULL, NULL, NULL, NULL, 0, 774, 1, 0, '', '2025-12-03 07:09:58'),
(477, '202500005', 14, 1465, 63, NULL, NULL, NULL, NULL, 0, 774, 1, 0, '', '2025-12-03 07:09:58'),
(488, '202500016', 14, 90, 63, NULL, NULL, NULL, NULL, 0, 774, 1, 0, '', '2025-12-03 07:10:24'),
(489, '202500016', 14, 115, 63, '90', '90', '90', '90', 1, 774, 1, 0, '', '2025-12-03 07:10:24'),
(490, '202500016', 14, 95, 63, '90', '90', '90', '90', 1, 774, 1, 0, '', '2025-12-03 07:10:24'),
(491, '202500016', 14, 198, 63, '90', '90', '90', '90', 1, 774, 1, 0, '', '2025-12-03 07:10:24'),
(492, '202500016', 14, 100, 63, '90', '90', '90', '90', 1, 774, 1, 0, '', '2025-12-03 07:10:24'),
(495, '202500016', 14, 883, 63, '90', '90', '90', '90', 1, 774, 1, 0, '', '2025-12-03 07:10:24'),
(496, '202500016', 14, 1018, 63, NULL, NULL, NULL, NULL, 0, 774, 1, 0, '', '2025-12-03 07:10:24'),
(497, '202500016', 14, 1465, 63, NULL, NULL, NULL, NULL, 0, 774, 1, 0, '', '2025-12-03 07:10:24'),
(498, '202500011', 14, 90, 63, NULL, NULL, NULL, NULL, 0, 774, 1, 0, '', '2025-12-03 07:10:35'),
(499, '202500011', 14, 95, 63, '90', '90', '90', '90', 1, 774, 1, 0, '', '2025-12-03 07:10:35'),
(500, '202500011', 14, 100, 63, '90', '90', '90', '90', 1, 774, 1, 0, '', '2025-12-03 07:10:35'),
(501, '202500011', 14, 115, 63, '90', '90', '90', '90', 1, 774, 1, 0, '', '2025-12-03 07:10:35'),
(502, '202500011', 14, 198, 63, '90', '90', '90', '90', 1, 774, 1, 0, '', '2025-12-03 07:10:35'),
(505, '202500011', 14, 883, 63, '90', '90', '90', '90', 1, 774, 1, 0, '', '2025-12-03 07:10:35'),
(506, '202500011', 14, 1018, 63, NULL, NULL, NULL, NULL, 0, 774, 1, 0, '', '2025-12-03 07:10:35'),
(507, '202500011', 14, 1465, 63, NULL, NULL, NULL, NULL, 0, 774, 1, 0, '', '2025-12-03 07:10:35'),
(518, '202500012', 14, 115, 63, '90', '90', '90', '90', 1, 774, 1, 0, '', '2025-12-03 07:11:01'),
(519, '202500012', 14, 90, 63, NULL, NULL, NULL, NULL, 0, 774, 1, 0, '', '2025-12-03 07:11:01'),
(520, '202500012', 14, 95, 63, '90', '90', '90', '90', 1, 774, 1, 0, '', '2025-12-03 07:11:01'),
(521, '202500012', 14, 198, 63, '90', '90', '90', '90', 1, 774, 1, 0, '', '2025-12-03 07:11:01'),
(522, '202500012', 14, 100, 63, '90', '90', '90', '90', 1, 774, 1, 0, '', '2025-12-03 07:11:01'),
(525, '202500012', 14, 883, 63, '90', '90', '90', '90', 1, 774, 1, 0, '', '2025-12-03 07:11:01'),
(526, '202500012', 14, 1018, 63, NULL, NULL, NULL, NULL, 0, 774, 1, 0, '', '2025-12-03 07:11:01'),
(527, '202500012', 14, 1465, 63, NULL, NULL, NULL, NULL, 0, 774, 1, 0, '', '2025-12-03 07:11:01'),
(528, '202500017', 14, 90, 63, NULL, NULL, NULL, NULL, 0, 774, 1, 0, '', '2025-12-03 07:11:15'),
(529, '202500017', 14, 115, 63, '90', '90', '90', '90', 1, 774, 1, 0, '', '2025-12-03 07:11:15'),
(530, '202500017', 14, 198, 63, '90', '90', '90', '90', 1, 774, 1, 0, '', '2025-12-03 07:11:15'),
(531, '202500017', 14, 95, 63, '90', '90', '90', '90', 1, 774, 1, 0, '', '2025-12-03 07:11:15'),
(532, '202500017', 14, 100, 63, '90', '90', '90', '90', 1, 774, 1, 0, '', '2025-12-03 07:11:15'),
(535, '202500017', 14, 883, 63, '90', '90', '90', '90', 1, 774, 1, 0, '', '2025-12-03 07:11:15'),
(536, '202500017', 14, 1018, 63, NULL, NULL, NULL, NULL, 0, 774, 1, 0, '', '2025-12-03 07:11:15'),
(537, '202500017', 14, 1465, 63, NULL, NULL, NULL, NULL, 0, 774, 1, 0, '', '2025-12-03 07:11:15'),
(538, '202500022', 14, 90, 63, NULL, NULL, NULL, NULL, 0, 774, 1, 0, '', '2025-12-03 07:11:24'),
(539, '202500022', 14, 100, 63, '90', '90', '90', '90', 1, 774, 1, 0, '', '2025-12-03 07:11:24'),
(540, '202500022', 14, 95, 63, '90', '90', '90', '90', 1, 774, 1, 0, '', '2025-12-03 07:11:24'),
(541, '202500022', 14, 115, 63, '90', '90', '90', '90', 1, 774, 1, 0, '', '2025-12-03 07:11:24'),
(542, '202500022', 14, 198, 63, '90', '90', '90', '90', 1, 774, 1, 0, '', '2025-12-03 07:11:24'),
(545, '202500022', 14, 883, 63, '90', '90', '90', '90', 1, 774, 1, 0, '', '2025-12-03 07:11:24'),
(546, '202500022', 14, 1018, 63, NULL, NULL, NULL, NULL, 0, 774, 1, 0, '', '2025-12-03 07:11:24'),
(547, '202500022', 14, 1465, 63, NULL, NULL, NULL, NULL, 0, 774, 1, 0, '', '2025-12-03 07:11:24'),
(548, '202500014', 14, 90, 63, NULL, NULL, NULL, NULL, 0, 774, 1, 0, '', '2025-12-03 07:11:32'),
(549, '202500014', 14, 115, 63, '90', '90', '90', '90', 1, 774, 1, 0, '', '2025-12-03 07:11:32'),
(550, '202500014', 14, 198, 63, '90', '90', '90', '90', 1, 774, 1, 0, '', '2025-12-03 07:11:32'),
(551, '202500014', 14, 95, 63, '90', '90', '90', '90', 1, 774, 1, 0, '', '2025-12-03 07:11:32'),
(552, '202500014', 14, 100, 63, '90', '90', '90', '90', 1, 774, 1, 0, '', '2025-12-03 07:11:32'),
(555, '202500014', 14, 883, 63, '90', '90', '90', '90', 1, 774, 1, 0, '', '2025-12-03 07:11:32'),
(556, '202500014', 14, 1018, 63, NULL, NULL, NULL, NULL, 0, 774, 1, 0, '', '2025-12-03 07:11:32'),
(557, '202500014', 14, 1465, 63, NULL, NULL, NULL, NULL, 0, 774, 1, 0, '', '2025-12-03 07:11:32'),
(558, '202500021', 14, 90, 63, NULL, NULL, NULL, NULL, 0, 774, 1, 0, '', '2025-12-03 07:11:40'),
(559, '202500021', 14, 115, 63, '90', '90', '90', '90', 1, 774, 1, 0, '', '2025-12-03 07:11:40'),
(560, '202500021', 14, 198, 63, '90', '90', '90', '90', 1, 774, 1, 0, '', '2025-12-03 07:11:40'),
(561, '202500021', 14, 95, 63, '90', '90', '90', '90', 1, 774, 1, 0, '', '2025-12-03 07:11:40'),
(562, '202500021', 14, 100, 63, '90', '90', '90', '90', 1, 774, 1, 0, '', '2025-12-03 07:11:40'),
(565, '202500021', 14, 883, 63, '90', '90', '90', '90', 1, 774, 1, 0, '', '2025-12-03 07:11:40'),
(566, '202500021', 14, 1018, 63, NULL, NULL, NULL, NULL, 0, 774, 1, 0, '', '2025-12-03 07:11:40'),
(567, '202500021', 14, 1465, 63, NULL, NULL, NULL, NULL, 0, 774, 1, 0, '', '2025-12-03 07:11:40'),
(610, '202500003', 14, 90, 63, NULL, NULL, NULL, NULL, 0, 774, 1, 0, '', '2025-12-03 07:30:06'),
(611, '202500003', 14, 95, 63, '90', '90', '90', '90', 1, 774, 1, 0, '', '2025-12-03 07:30:06'),
(612, '202500003', 14, 115, 63, '90', '90', '90', '90', 1, 774, 1, 0, '', '2025-12-03 07:30:06'),
(613, '202500003', 14, 198, 63, '90', '90', '90', '90', 1, 774, 1, 0, '', '2025-12-03 07:30:06'),
(614, '202500003', 14, 100, 63, '90', '90', '90', '90', 1, 774, 1, 0, '', '2025-12-03 07:30:06'),
(617, '202500003', 14, 883, 63, '90', '90', '90', '90', 1, 774, 1, 0, '', '2025-12-03 07:30:06'),
(618, '202500003', 14, 1018, 63, NULL, NULL, NULL, NULL, 0, 774, 1, 0, '', '2025-12-03 07:30:06'),
(619, '202500003', 14, 1465, 63, NULL, NULL, NULL, NULL, 0, 774, 1, 0, '', '2025-12-03 07:30:06'),
(631, '202500013', 15, 90, 63, '97', '92', '92', '92', 1, 764, 1, 0, '', '2025-12-03 07:32:43'),
(632, '202500013', 15, 95, 63, '82', '91', '91', '91', 1, 764, 1, 0, '', '2025-12-03 07:32:43'),
(633, '202500013', 15, 115, 63, '90', '91', '91', '91', 1, 764, 1, 0, '', '2025-12-03 07:32:43'),
(634, '202500013', 15, 129, 63, '99', '99', '99', '99', 1, 764, 1, 0, '', '2025-12-03 07:32:43'),
(635, '202500013', 15, 746, 63, '80', '98', '98', '98', 1, 764, 1, 0, '', '2025-12-03 07:32:43'),
(636, '202500013', 15, 747, 63, '99', '93', '93', '93', 1, 764, 1, 0, '', '2025-12-03 07:32:43'),
(637, '202500013', 15, 883, 63, '98', '96', '96', '96', 1, 764, 1, 0, '', '2025-12-03 07:32:43'),
(638, '202500013', 15, 977, 63, '96', '92', '92', '92', 1, 764, 1, 0, '', '2025-12-03 07:32:43'),
(639, '202500013', 15, 957, 63, '95', '94', '94', '94', 1, 764, 1, 0, '', '2025-12-03 07:32:43'),
(640, '202500013', 15, 1187, 63, '96', '96', '96', '96', 1, 764, 1, 0, '', '2025-12-03 07:32:43'),
(641, '202500013', 15, 1188, 63, '87', '97', '97', '97', 1, 764, 1, 0, '', '2025-12-03 07:32:43'),
(642, '202500010', 15, 90, 63, '96', '93', '93', '93', 1, 764, 1, 0, '', '2025-12-03 07:32:55'),
(643, '202500010', 15, 115, 63, '92', '93', '93', '93', 1, 764, 1, 0, '', '2025-12-03 07:32:55'),
(644, '202500010', 15, 129, 63, '99', '99', '99', '99', 1, 764, 1, 0, '', '2025-12-03 07:32:55'),
(645, '202500010', 15, 746, 63, '80', '99', '99', '99', 1, 764, 1, 0, '', '2025-12-03 07:32:55'),
(646, '202500010', 15, 747, 63, '96', '99', '99', '99', 1, 764, 1, 0, '', '2025-12-03 07:32:55'),
(647, '202500010', 15, 95, 63, '83', '92', '92', '92', 1, 764, 1, 0, '', '2025-12-03 07:32:55'),
(648, '202500010', 15, 883, 63, '99', '99', '99', '99', 1, 764, 1, 0, '', '2025-12-03 07:32:55'),
(649, '202500010', 15, 957, 63, '95', '99', '99', '99', 1, 764, 1, 0, '', '2025-12-03 07:32:55'),
(650, '202500010', 15, 977, 63, '97', '99', '99', '99', 1, 764, 1, 0, '', '2025-12-03 07:32:55'),
(651, '202500010', 15, 1187, 63, '98', '99', '99', '99', 1, 764, 1, 0, '', '2025-12-03 07:32:55'),
(652, '202500010', 15, 1188, 63, '96', '98', '98', '98', 1, 764, 1, 0, '', '2025-12-03 07:32:55'),
(653, '202500009', 15, 90, 63, '95', '94', '95', '94', 1, 764, 1, 0, '', '2025-12-03 07:33:11'),
(654, '202500009', 15, 95, 63, '84', '93', '93', '93', 1, 764, 1, 0, '', '2025-12-03 07:33:11'),
(655, '202500009', 15, 115, 63, '94', '95', '95', '95', 1, 764, 1, 0, '', '2025-12-03 07:33:11'),
(656, '202500009', 15, 129, 63, '90', '99', '99', '99', 1, 764, 1, 0, '', '2025-12-03 07:33:11'),
(657, '202500009', 15, 746, 63, '80', '95', '95', '95', 1, 764, 1, 0, '', '2025-12-03 07:33:11'),
(658, '202500009', 15, 747, 63, '80', '89', '89', '89', 1, 764, 1, 0, '', '2025-12-03 07:33:11'),
(659, '202500009', 15, 883, 63, '89', '88', '88', '88', 1, 764, 1, 0, '', '2025-12-03 07:33:11'),
(660, '202500009', 15, 957, 63, '88', '88', '88', '88', 1, 764, 1, 0, '', '2025-12-03 07:33:11'),
(661, '202500009', 15, 977, 63, '89', '89', '89', '89', 1, 764, 1, 0, '', '2025-12-03 07:33:11'),
(662, '202500009', 15, 1187, 63, '88', '88', '88', '88', 1, 764, 1, 0, '', '2025-12-03 07:33:11'),
(663, '202500009', 15, 1188, 63, '89', '88', '88', '88', 1, 764, 1, 0, '', '2025-12-03 07:33:11'),
(664, '202500018', 15, 115, 63, '96', '96', '96', '96', 1, 764, 1, 0, '', '2025-12-03 07:33:23'),
(665, '202500018', 15, 90, 63, '94', '95', '95', '95', 1, 764, 1, 0, '', '2025-12-03 07:33:23'),
(666, '202500018', 15, 95, 63, '85', '94', '94', '94', 1, 764, 1, 0, '', '2025-12-03 07:33:23'),
(667, '202500018', 15, 129, 63, '99', '99', '99', '99', 1, 764, 1, 0, '', '2025-12-03 07:33:23'),
(668, '202500018', 15, 746, 63, '80', '96', '96', '96', 1, 764, 1, 0, '', '2025-12-03 07:33:23'),
(669, '202500018', 15, 747, 63, '90', '88', '88', '88', 1, 764, 1, 0, '', '2025-12-03 07:33:23'),
(670, '202500018', 15, 883, 63, '88', '88', '88', '88', 1, 764, 1, 0, '', '2025-12-03 07:33:23'),
(671, '202500018', 15, 957, 63, '88', '90', '90', '90', 1, 764, 1, 0, '', '2025-12-03 07:33:23'),
(672, '202500018', 15, 1187, 63, '88', '88', '88', '88', 1, 764, 1, 0, '', '2025-12-03 07:33:23'),
(673, '202500018', 15, 977, 63, '91', '90', '90', '90', 1, 764, 1, 0, '', '2025-12-03 07:33:23'),
(674, '202500018', 15, 1188, 63, '88', '88', '88', '88', 1, 764, 1, 0, '', '2025-12-03 07:33:23'),
(675, '202500008', 15, 90, 63, '93', '96', '96', '96', 1, 764, 1, 0, '', '2025-12-03 07:33:32'),
(676, '202500008', 15, 115, 63, '97', '98', '98', '98', 1, 764, 1, 0, '', '2025-12-03 07:33:32'),
(677, '202500008', 15, 95, 63, '86', '95', '95', '95', 1, 764, 1, 0, '', '2025-12-03 07:33:32'),
(678, '202500008', 15, 129, 63, '99', '99', '99', '99', 1, 764, 1, 0, '', '2025-12-03 07:33:32'),
(679, '202500008', 15, 746, 63, '80', '98', '98', '98', 1, 764, 1, 0, '', '2025-12-03 07:33:32'),
(680, '202500008', 15, 747, 63, '88', '85', '85', '85', 1, 764, 1, 0, '', '2025-12-03 07:33:32'),
(681, '202500008', 15, 883, 63, '88', '88', '88', '88', 1, 764, 1, 0, '', '2025-12-03 07:33:33'),
(682, '202500008', 15, 957, 63, '89', '92', '92', '92', 1, 764, 1, 0, '', '2025-12-03 07:33:33'),
(683, '202500008', 15, 977, 63, '90', '90', '90', '90', 1, 764, 1, 0, '', '2025-12-03 07:33:33'),
(684, '202500008', 15, 1187, 63, '89', '88', '88', '88', 1, 764, 1, 0, '', '2025-12-03 07:33:33'),
(685, '202500008', 15, 1188, 63, '89', '92', '92', '92', 1, 764, 1, 0, '', '2025-12-03 07:33:33'),
(696, '202500020', 14, 90, 63, NULL, NULL, NULL, NULL, 0, 774, 1, 0, '', '2025-12-03 07:33:55'),
(697, '202500020', 14, 100, 63, '90', '90', '90', '90', 1, 774, 1, 0, '', '2025-12-03 07:33:55'),
(698, '202500020', 14, 95, 63, '90', '90', '90', '90', 1, 774, 1, 0, '', '2025-12-03 07:33:55'),
(699, '202500020', 14, 115, 63, '90', '90', '90', '90', 1, 774, 1, 0, '', '2025-12-03 07:33:55'),
(700, '202500020', 14, 198, 63, '90', '90', '90', '90', 1, 774, 1, 0, '', '2025-12-03 07:33:55'),
(703, '202500020', 14, 883, 63, '90', '90', '90', '90', 1, 774, 1, 0, '', '2025-12-03 07:33:55'),
(704, '202500020', 14, 1018, 63, NULL, NULL, NULL, NULL, 0, 774, 1, 0, '', '2025-12-03 07:33:55'),
(705, '202500020', 14, 1465, 63, NULL, NULL, NULL, NULL, 0, 774, 1, 0, '', '2025-12-03 07:33:55'),
(706, '202500015', 15, 90, 63, '92', '97', '97', '97', 1, 764, 1, 0, '', '2025-12-03 07:34:16'),
(707, '202500015', 15, 115, 63, '99', '80', '80', '80', 1, 764, 1, 0, '', '2025-12-03 07:34:16'),
(708, '202500015', 15, 129, 63, '99', '99', '99', '99', 1, 764, 1, 0, '', '2025-12-03 07:34:16'),
(709, '202500015', 15, 95, 63, '87', '96', '96', '96', 1, 764, 1, 0, '', '2025-12-03 07:34:16'),
(710, '202500015', 15, 746, 63, '80', '95', '95', '95', 1, 764, 1, 0, '', '2025-12-03 07:34:16'),
(711, '202500015', 15, 747, 63, '89', '89', '89', '89', 1, 764, 1, 0, '', '2025-12-03 07:34:16'),
(712, '202500015', 15, 883, 63, '89', '88', '88', '88', 1, 764, 1, 0, '', '2025-12-03 07:34:17'),
(713, '202500015', 15, 957, 63, '89', '91', '91', '91', 1, 764, 1, 0, '', '2025-12-03 07:34:17'),
(714, '202500015', 15, 977, 63, '88', '90', '90', '90', 1, 764, 1, 0, '', '2025-12-03 07:34:17'),
(715, '202500015', 15, 1187, 63, '88', '88', '88', '88', 1, 764, 1, 0, '', '2025-12-03 07:34:17'),
(716, '202500015', 15, 1188, 63, '88', '88', '88', '88', 1, 764, 1, 0, '', '2025-12-03 07:34:17'),
(717, '202500019', 15, 90, 63, '91', '98', '98', '98', 1, 764, 1, 0, '', '2025-12-03 07:34:37'),
(718, '202500019', 15, 95, 63, '88', '97', '97', '97', 1, 764, 1, 0, '', '2025-12-03 07:34:37'),
(719, '202500019', 15, 115, 63, '99', '99', '99', '99', 1, 764, 1, 0, '', '2025-12-03 07:34:37'),
(720, '202500019', 15, 129, 63, '99', '99', '99', '99', 1, 764, 1, 0, '', '2025-12-03 07:34:37'),
(721, '202500019', 15, 747, 63, '89', '89', '89', '89', 1, 764, 1, 0, '', '2025-12-03 07:34:37'),
(722, '202500019', 15, 746, 63, '80', '97', '97', '97', 1, 764, 1, 0, '', '2025-12-03 07:34:37'),
(723, '202500019', 15, 883, 63, '89', '88', '88', '88', 1, 764, 1, 0, '', '2025-12-03 07:34:37'),
(724, '202500019', 15, 957, 63, '89', '88', '88', '88', 1, 764, 1, 0, '', '2025-12-03 07:34:37'),
(725, '202500019', 15, 977, 63, '88', '90', '90', '90', 1, 764, 1, 0, '', '2025-12-03 07:34:37'),
(726, '202500019', 15, 1187, 63, '89', '93', '93', '93', 1, 764, 1, 0, '', '2025-12-03 07:34:37'),
(727, '202500019', 15, 1188, 63, '91', '89', '89', '89', 1, 764, 1, 0, '', '2025-12-03 07:34:37'),
(728, '202500004', 15, 1189, 64, NULL, NULL, NULL, NULL, 0, 764, 1, 0, '', '2025-12-03 08:53:51'),
(729, '202500004', 15, 1190, 64, NULL, NULL, NULL, NULL, 0, 764, 1, 0, '', '2025-12-03 08:53:51'),
(730, '202500004', 15, 1191, 64, NULL, NULL, NULL, NULL, 0, 764, 1, 0, '', '2025-12-03 08:53:51'),
(731, '202500004', 15, 104, 64, NULL, NULL, NULL, NULL, 0, 764, 1, 0, '', '2025-12-03 08:53:51'),
(732, '202500004', 15, 100, 64, '99', '99', '99', '99', 1, 764, 1, 0, '', '2025-12-03 08:53:51'),
(734, '202500004', 15, 198, 64, NULL, NULL, NULL, NULL, 0, 764, 1, 0, '', '2025-12-03 08:53:51'),
(735, '202500004', 15, 331, 64, NULL, NULL, NULL, NULL, 0, 764, 1, 0, '', '2025-12-03 08:53:51'),
(736, '202500004', 15, 764, 64, NULL, NULL, NULL, NULL, 0, 764, 1, 0, '', '2025-12-03 08:53:51'),
(737, '202500004', 15, 763, 64, NULL, NULL, NULL, NULL, 0, 764, 1, 0, '', '2025-12-03 08:53:51'),
(740, '202500013', 15, 766, 64, NULL, NULL, NULL, NULL, 0, 764, 1, 0, '', '2025-12-03 08:55:08'),
(741, '202500013', 15, 1189, 64, NULL, NULL, NULL, NULL, 0, 764, 1, 0, '', '2025-12-03 08:55:08'),
(742, '202500013', 15, 1190, 64, NULL, NULL, NULL, NULL, 0, 764, 1, 0, '', '2025-12-03 08:55:08'),
(743, '202500013', 15, 1191, 64, NULL, NULL, NULL, NULL, 0, 764, 1, 0, '', '2025-12-03 08:55:08'),
(744, '202500013', 15, 104, 64, NULL, NULL, NULL, NULL, 0, 764, 1, 0, '', '2025-12-03 08:55:08'),
(745, '202500013', 15, 100, 64, '98', '98', '98', '98', 1, 764, 1, 0, '', '2025-12-03 08:55:08'),
(746, '202500013', 15, 198, 64, NULL, NULL, NULL, NULL, 0, 764, 1, 0, '', '2025-12-03 08:55:08'),
(747, '202500013', 15, 282, 64, NULL, NULL, NULL, NULL, 0, 764, 1, 0, '', '2025-12-03 08:55:08'),
(748, '202500013', 15, 764, 64, NULL, NULL, NULL, NULL, 0, 764, 1, 0, '', '2025-12-03 08:55:08'),
(749, '202500013', 15, 763, 64, NULL, NULL, NULL, NULL, 0, 764, 1, 0, '', '2025-12-03 08:55:08'),
(750, '202500013', 15, 331, 64, NULL, NULL, NULL, NULL, 0, 764, 1, 0, '', '2025-12-03 08:55:08'),
(751, '202500013', 15, 765, 64, NULL, NULL, NULL, NULL, 0, 764, 1, 0, '', '2025-12-03 08:55:08'),
(752, '202500002', 15, 1191, 64, NULL, NULL, NULL, NULL, 0, 764, 1, 0, '', '2025-12-03 08:55:54'),
(753, '202500002', 15, 100, 64, '98', '92', '92', '92', 1, 764, 1, 0, '', '2025-12-03 08:55:54'),
(754, '202500002', 15, 104, 64, NULL, NULL, NULL, NULL, 0, 764, 1, 0, '', '2025-12-03 08:55:54'),
(755, '202500002', 15, 331, 64, NULL, NULL, NULL, NULL, 0, 764, 1, 0, '', '2025-12-03 08:55:55'),
(756, '202500002', 15, 282, 64, NULL, NULL, NULL, NULL, 0, 764, 1, 0, '', '2025-12-03 08:55:55'),
(757, '202500002', 15, 198, 64, NULL, NULL, NULL, NULL, 0, 764, 1, 0, '', '2025-12-03 08:55:55'),
(758, '202500002', 15, 763, 64, NULL, NULL, NULL, NULL, 0, 764, 1, 0, '', '2025-12-03 08:55:55'),
(759, '202500002', 15, 764, 64, NULL, NULL, NULL, NULL, 0, 764, 1, 0, '', '2025-12-03 08:55:55'),
(760, '202500002', 15, 765, 64, NULL, NULL, NULL, NULL, 0, 764, 1, 0, '', '2025-12-03 08:55:55'),
(761, '202500002', 15, 766, 64, NULL, NULL, NULL, NULL, 0, 764, 1, 0, '', '2025-12-03 08:55:55'),
(762, '202500002', 15, 1189, 64, NULL, NULL, NULL, NULL, 0, 764, 1, 0, '', '2025-12-03 08:55:55'),
(763, '202500002', 15, 1190, 64, NULL, NULL, NULL, NULL, 0, 764, 1, 0, '', '2025-12-03 08:55:55'),
(764, '202500009', 15, 282, 64, NULL, NULL, NULL, NULL, 0, 764, 1, 0, '', '2025-12-03 08:56:12'),
(765, '202500009', 15, 331, 64, NULL, NULL, NULL, NULL, 0, 764, 1, 0, '', '2025-12-03 08:56:12'),
(766, '202500009', 15, 763, 64, NULL, NULL, NULL, NULL, 0, 764, 1, 0, '', '2025-12-03 08:56:12'),
(767, '202500009', 15, 764, 64, NULL, NULL, NULL, NULL, 0, 764, 1, 0, '', '2025-12-03 08:56:12'),
(768, '202500009', 15, 765, 64, NULL, NULL, NULL, NULL, 0, 764, 1, 0, '', '2025-12-03 08:56:12'),
(769, '202500009', 15, 766, 64, NULL, NULL, NULL, NULL, 0, 764, 1, 0, '', '2025-12-03 08:56:12'),
(770, '202500009', 15, 1189, 64, NULL, NULL, NULL, NULL, 0, 764, 1, 0, '', '2025-12-03 08:56:12'),
(771, '202500009', 15, 1190, 64, NULL, NULL, NULL, NULL, 0, 764, 1, 0, '', '2025-12-03 08:56:12'),
(772, '202500009', 15, 1191, 64, NULL, NULL, NULL, NULL, 0, 764, 1, 0, '', '2025-12-03 08:56:12'),
(773, '202500009', 15, 100, 64, '98', '96', '96', '96', 1, 764, 1, 0, '', '2025-12-03 08:56:12'),
(774, '202500009', 15, 104, 64, NULL, NULL, NULL, NULL, 0, 764, 1, 0, '', '2025-12-03 08:56:12'),
(775, '202500009', 15, 198, 64, NULL, NULL, NULL, NULL, 0, 764, 1, 0, '', '2025-12-03 08:56:12'),
(776, '202500015', 15, 1189, 64, NULL, NULL, NULL, NULL, 0, 764, 1, 0, '', '2025-12-03 08:56:25'),
(777, '202500015', 15, 1190, 64, NULL, NULL, NULL, NULL, 0, 764, 1, 0, '', '2025-12-03 08:56:25'),
(778, '202500015', 15, 1191, 64, NULL, NULL, NULL, NULL, 0, 764, 1, 0, '', '2025-12-03 08:56:25'),
(779, '202500015', 15, 104, 64, NULL, NULL, NULL, NULL, 0, 764, 1, 0, '', '2025-12-03 08:56:25'),
(780, '202500015', 15, 100, 64, '92', '87', '87', '87', 1, 764, 1, 0, '', '2025-12-03 08:56:25'),
(781, '202500015', 15, 198, 64, NULL, NULL, NULL, NULL, 0, 764, 1, 0, '', '2025-12-03 08:56:25'),
(782, '202500015', 15, 331, 64, NULL, NULL, NULL, NULL, 0, 764, 1, 0, '', '2025-12-03 08:56:25'),
(783, '202500015', 15, 763, 64, NULL, NULL, NULL, NULL, 0, 764, 1, 0, '', '2025-12-03 08:56:25'),
(784, '202500015', 15, 282, 64, NULL, NULL, NULL, NULL, 0, 764, 1, 0, '', '2025-12-03 08:56:25'),
(785, '202500015', 15, 764, 64, NULL, NULL, NULL, NULL, 0, 764, 1, 0, '', '2025-12-03 08:56:25'),
(786, '202500015', 15, 765, 64, NULL, NULL, NULL, NULL, 0, 764, 1, 0, '', '2025-12-03 08:56:25'),
(787, '202500015', 15, 766, 64, NULL, NULL, NULL, NULL, 0, 764, 1, 0, '', '2025-12-03 08:56:25'),
(788, '202500018', 15, 1189, 64, NULL, NULL, NULL, NULL, 0, 764, 1, 0, '', '2025-12-03 08:56:32'),
(789, '202500018', 15, 1190, 64, NULL, NULL, NULL, NULL, 0, 764, 1, 0, '', '2025-12-03 08:56:32'),
(790, '202500018', 15, 1191, 64, NULL, NULL, NULL, NULL, 0, 764, 1, 0, '', '2025-12-03 08:56:32'),
(791, '202500018', 15, 100, 64, '92', '85', '85', '85', 1, 764, 1, 0, '', '2025-12-03 08:56:33'),
(792, '202500018', 15, 104, 64, NULL, NULL, NULL, NULL, 0, 764, 1, 0, '', '2025-12-03 08:56:33'),
(793, '202500018', 15, 282, 64, NULL, NULL, NULL, NULL, 0, 764, 1, 0, '', '2025-12-03 08:56:33'),
(794, '202500018', 15, 198, 64, NULL, NULL, NULL, NULL, 0, 764, 1, 0, '', '2025-12-03 08:56:33'),
(795, '202500018', 15, 331, 64, NULL, NULL, NULL, NULL, 0, 764, 1, 0, '', '2025-12-03 08:56:33'),
(796, '202500018', 15, 764, 64, NULL, NULL, NULL, NULL, 0, 764, 1, 0, '', '2025-12-03 08:56:33'),
(797, '202500018', 15, 763, 64, NULL, NULL, NULL, NULL, 0, 764, 1, 0, '', '2025-12-03 08:56:33'),
(798, '202500018', 15, 765, 64, NULL, NULL, NULL, NULL, 0, 764, 1, 0, '', '2025-12-03 08:56:33'),
(799, '202500018', 15, 766, 64, NULL, NULL, NULL, NULL, 0, 764, 1, 0, '', '2025-12-03 08:56:33'),
(800, '202500019', 15, 104, 64, NULL, NULL, NULL, NULL, 0, 764, 1, 0, '', '2025-12-03 08:56:41'),
(801, '202500019', 15, 100, 64, '94', '87', '87', '87', 1, 764, 1, 0, '', '2025-12-03 08:56:41'),
(802, '202500019', 15, 198, 64, NULL, NULL, NULL, NULL, 0, 764, 1, 0, '', '2025-12-03 08:56:41'),
(803, '202500019', 15, 331, 64, NULL, NULL, NULL, NULL, 0, 764, 1, 0, '', '2025-12-03 08:56:41'),
(804, '202500019', 15, 282, 64, NULL, NULL, NULL, NULL, 0, 764, 1, 0, '', '2025-12-03 08:56:41'),
(805, '202500019', 15, 763, 64, NULL, NULL, NULL, NULL, 0, 764, 1, 0, '', '2025-12-03 08:56:41'),
(806, '202500019', 15, 766, 64, NULL, NULL, NULL, NULL, 0, 764, 1, 0, '', '2025-12-03 08:56:41'),
(807, '202500019', 15, 765, 64, NULL, NULL, NULL, NULL, 0, 764, 1, 0, '', '2025-12-03 08:56:41'),
(808, '202500019', 15, 764, 64, NULL, NULL, NULL, NULL, 0, 764, 1, 0, '', '2025-12-03 08:56:41'),
(809, '202500019', 15, 1189, 64, NULL, NULL, NULL, NULL, 0, 764, 1, 0, '', '2025-12-03 08:56:42'),
(810, '202500019', 15, 1190, 64, NULL, NULL, NULL, NULL, 0, 764, 1, 0, '', '2025-12-03 08:56:42'),
(811, '202500019', 15, 1191, 64, NULL, NULL, NULL, NULL, 0, 764, 1, 0, '', '2025-12-03 08:56:42'),
(812, '202500010', 15, 100, 64, '96', '96', '96', '96', 1, 764, 1, 0, '', '2025-12-03 08:56:48'),
(813, '202500010', 15, 104, 64, NULL, NULL, NULL, NULL, 0, 764, 1, 0, '', '2025-12-03 08:56:48'),
(814, '202500010', 15, 1189, 64, NULL, NULL, NULL, NULL, 0, 764, 1, 0, '', '2025-12-03 08:56:48'),
(815, '202500010', 15, 1190, 64, NULL, NULL, NULL, NULL, 0, 764, 1, 0, '', '2025-12-03 08:56:48'),
(816, '202500010', 15, 1191, 64, NULL, NULL, NULL, NULL, 0, 764, 1, 0, '', '2025-12-03 08:56:48'),
(817, '202500010', 15, 198, 64, NULL, NULL, NULL, NULL, 0, 764, 1, 0, '', '2025-12-03 08:56:48'),
(818, '202500010', 15, 282, 64, NULL, NULL, NULL, NULL, 0, 764, 1, 0, '', '2025-12-03 08:56:48'),
(819, '202500010', 15, 331, 64, NULL, NULL, NULL, NULL, 0, 764, 1, 0, '', '2025-12-03 08:56:48'),
(820, '202500010', 15, 764, 64, NULL, NULL, NULL, NULL, 0, 764, 1, 0, '', '2025-12-03 08:56:48'),
(821, '202500010', 15, 765, 64, NULL, NULL, NULL, NULL, 0, 764, 1, 0, '', '2025-12-03 08:56:48'),
(822, '202500010', 15, 763, 64, NULL, NULL, NULL, NULL, 0, 764, 1, 0, '', '2025-12-03 08:56:48'),
(823, '202500010', 15, 766, 64, NULL, NULL, NULL, NULL, 0, 764, 1, 0, '', '2025-12-03 08:56:48'),
(824, '202500008', 15, 104, 64, NULL, NULL, NULL, NULL, 0, 764, 1, 0, '', '2025-12-03 08:57:41'),
(825, '202500008', 15, 100, 64, '98', '98', '98', '98', 1, 764, 1, 0, '', '2025-12-03 08:57:41'),
(826, '202500008', 15, 282, 64, NULL, NULL, NULL, NULL, 0, 764, 1, 0, '', '2025-12-03 08:57:41'),
(827, '202500008', 15, 198, 64, NULL, NULL, NULL, NULL, 0, 764, 1, 0, '', '2025-12-03 08:57:41'),
(828, '202500008', 15, 331, 64, NULL, NULL, NULL, NULL, 0, 764, 1, 0, '', '2025-12-03 08:57:41'),
(829, '202500008', 15, 763, 64, NULL, NULL, NULL, NULL, 0, 764, 1, 0, '', '2025-12-03 08:57:41'),
(830, '202500008', 15, 764, 64, NULL, NULL, NULL, NULL, 0, 764, 1, 0, '', '2025-12-03 08:57:41'),
(831, '202500008', 15, 765, 64, NULL, NULL, NULL, NULL, 0, 764, 1, 0, '', '2025-12-03 08:57:41'),
(832, '202500008', 15, 766, 64, NULL, NULL, NULL, NULL, 0, 764, 1, 0, '', '2025-12-03 08:57:41'),
(833, '202500008', 15, 1191, 64, NULL, NULL, NULL, NULL, 0, 764, 1, 0, '', '2025-12-03 08:57:41'),
(834, '202500008', 15, 1190, 64, NULL, NULL, NULL, NULL, 0, 764, 1, 0, '', '2025-12-03 08:57:41'),
(835, '202500008', 15, 1189, 64, NULL, NULL, NULL, NULL, 0, 764, 1, 0, '', '2025-12-03 08:57:41'),
(836, '202500026', 15, 95, 63, '90', '90', '90', '90', 1, 764, 1, 0, '', '2025-12-03 08:58:37'),
(837, '202500026', 15, 90, 63, '90', '90', '90', '90', 1, 764, 1, 0, '', '2025-12-03 08:58:37'),
(838, '202500026', 15, 115, 63, '90', '90', '90', '90', 1, 764, 1, 0, '', '2025-12-03 08:58:37'),
(839, '202500026', 15, 129, 63, '99', '99', '99', '99', 1, 764, 1, 0, '', '2025-12-03 08:58:38'),
(840, '202500026', 15, 747, 63, '90', '90', '90', '90', 1, 764, 1, 0, '', '2025-12-03 08:58:38'),
(841, '202500026', 15, 746, 63, '90', '90', '90', '90', 1, 764, 1, 0, '', '2025-12-03 08:58:38'),
(842, '202500026', 15, 883, 63, '90', '90', '90', '90', 1, 764, 1, 0, '', '2025-12-03 08:58:38'),
(843, '202500026', 15, 1187, 63, '90', '90', '90', '90', 1, 764, 1, 0, '', '2025-12-03 08:58:38'),
(844, '202500026', 15, 977, 63, '99', '99', '99', '99', 1, 764, 1, 0, '', '2025-12-03 08:58:38'),
(845, '202500026', 15, 957, 63, '90', '90', '90', '90', 1, 764, 1, 0, '', '2025-12-03 08:58:38'),
(846, '202500026', 15, 1188, 63, '90', '90', '90', '90', 1, 764, 1, 0, '', '2025-12-03 08:58:38'),
(847, '202500025', 15, 90, 63, '90', '90', '90', '90', 1, 764, 1, 0, '', '2025-12-03 08:58:52'),
(848, '202500025', 15, 95, 63, '90', '90', '90', '90', 1, 764, 1, 0, '', '2025-12-03 08:58:52'),
(849, '202500025', 15, 115, 63, '90', '90', '90', '90', 1, 764, 1, 0, '', '2025-12-03 08:58:52'),
(850, '202500025', 15, 129, 63, '99', '99', '99', '99', 1, 764, 1, 0, '', '2025-12-03 08:58:52'),
(851, '202500025', 15, 747, 63, '60', '60', '60', '60', 2, 764, 1, 0, '', '2025-12-03 08:58:52'),
(852, '202500025', 15, 746, 63, '90', '90', '90', '90', 1, 764, 1, 0, '', '2025-12-03 08:58:52'),
(853, '202500025', 15, 977, 63, '99', '99', '99', '99', 1, 764, 1, 0, '', '2025-12-03 08:58:52'),
(854, '202500025', 15, 883, 63, '90', '90', '90', '90', 1, 764, 1, 0, '', '2025-12-03 08:58:52'),
(855, '202500025', 15, 1187, 63, '90', '90', '90', '90', 1, 764, 1, 0, '', '2025-12-03 08:58:52'),
(856, '202500025', 15, 957, 63, '90', '90', '90', '90', 1, 764, 1, 0, '', '2025-12-03 08:58:52'),
(857, '202500025', 15, 1188, 63, '90', '90', '90', '90', 1, 764, 1, 0, '', '2025-12-03 08:58:53'),
(865, '202500027', 15, 90, 63, '90', '90', '90', '90', 1, 764, 1, 0, '', '2025-12-03 09:06:32'),
(866, '202500027', 15, 95, 63, '90', '90', '90', '90', 1, 764, 1, 0, '', '2025-12-03 09:06:32'),
(867, '202500027', 15, 883, 63, '90', '90', '90', '90', 1, 764, 1, 0, '', '2025-12-03 09:06:32'),
(868, '202500027', 15, 957, 63, '90', '90', '90', '90', 1, 764, 1, 0, '', '2025-12-03 09:06:32'),
(869, '202500027', 15, 1187, 63, '90', '90', '90', '90', 1, 764, 1, 0, '', '2025-12-03 09:06:32'),
(870, '202500027', 15, 977, 63, '90', '90', '90', '90', 1, 764, 1, 0, '', '2025-12-03 09:06:32'),
(871, '202500027', 15, 1188, 63, '90', '90', '90', '90', 1, 764, 1, 0, '', '2025-12-03 09:06:32'),
(872, '202500027', 15, 115, 63, '90', '90', '90', '90', 1, 764, 1, 0, '', '2025-12-03 09:06:33'),
(873, '202500027', 15, 129, 63, '90', '90', '90', '90', 1, 764, 1, 0, '', '2025-12-03 09:06:33'),
(874, '202500027', 15, 747, 63, 'INC', 'INC', '0.00', 'INC', 3, 764, 1, 0, '', '2025-12-03 09:06:33'),
(875, '202500027', 15, 746, 63, '90', '90', '90', '90', 1, 764, 1, 0, '', '2025-12-03 09:06:33'),
(886, '202500024', 14, 90, 63, NULL, NULL, NULL, NULL, 0, 774, 1, 0, '', '2025-12-03 09:40:38'),
(887, '202500024', 14, 95, 63, '90', '90', '90', '90', 1, 774, 1, 0, '', '2025-12-03 09:40:38'),
(888, '202500024', 14, 115, 63, '90', '90', '90', '90', 1, 774, 1, 0, '', '2025-12-03 09:40:38'),
(889, '202500024', 14, 100, 63, NULL, NULL, NULL, NULL, 0, 774, 1, 0, '', '2025-12-03 09:40:38'),
(890, '202500024', 14, 198, 63, NULL, NULL, NULL, NULL, 0, 774, 1, 0, '', '2025-12-03 09:40:38'),
(891, '202500024', 14, 625, 63, NULL, NULL, NULL, NULL, 0, 774, 1, 0, '', '2025-12-03 09:40:38'),
(892, '202500024', 14, 883, 63, '90', '90', '90', '90', 1, 774, 1, 0, '', '2025-12-03 09:40:38'),
(893, '202500024', 14, 1018, 63, NULL, NULL, NULL, NULL, 0, 774, 1, 0, '', '2025-12-03 09:40:38'),
(894, '202500024', 14, 1465, 63, NULL, NULL, NULL, NULL, 0, 774, 1, 0, '', '2025-12-03 09:40:38'),
(895, '202500003', 14, 104, 64, NULL, NULL, NULL, NULL, 0, 774, 1, 0, '', '2025-12-03 09:58:05'),
(896, '202500003', 14, 102, 64, NULL, NULL, NULL, NULL, 0, 774, 1, 0, '', '2025-12-03 09:58:05'),
(897, '202500003', 14, 331, 64, NULL, NULL, NULL, NULL, 0, 774, 1, 0, '', '2025-12-03 09:58:05'),
(898, '202500003', 14, 129, 64, NULL, NULL, NULL, NULL, 0, 774, 1, 0, '', '2025-12-03 09:58:05'),
(899, '202500003', 14, 977, 64, NULL, NULL, NULL, NULL, 0, 774, 1, 0, '', '2025-12-03 09:58:05'),
(900, '202500003', 14, 957, 64, NULL, NULL, NULL, NULL, 0, 774, 1, 0, '', '2025-12-03 09:58:05'),
(901, '202500003', 14, 1275, 64, NULL, NULL, NULL, NULL, 0, 774, 1, 0, '', '2025-12-03 09:58:05'),
(951, '202500002', 15, 747, 63, NULL, NULL, NULL, NULL, 0, 764, 1, 0, '', '2026-01-29 03:46:06'),
(952, '202500002', 15, 746, 63, NULL, NULL, NULL, NULL, 0, 764, 1, 0, '', '2026-01-29 03:46:06'),
(953, '202500002', 15, 115, 63, NULL, NULL, NULL, NULL, 0, 764, 1, 0, '', '2026-01-29 03:46:06'),
(954, '202500002', 15, 90, 63, NULL, NULL, NULL, NULL, 0, 764, 1, 0, '', '2026-01-29 03:46:06'),
(955, '202500002', 15, 957, 63, NULL, NULL, NULL, NULL, 0, 764, 1, 0, '', '2026-01-29 03:46:06'),
(956, '202500002', 15, 129, 63, NULL, NULL, NULL, NULL, 0, 764, 1, 0, '', '2026-01-29 03:46:06'),
(957, '202500002', 15, 883, 63, NULL, NULL, NULL, NULL, 0, 764, 1, 0, '', '2026-01-29 03:46:06'),
(958, '202500002', 15, 977, 63, NULL, NULL, NULL, NULL, 0, 764, 1, 0, '', '2026-01-29 03:46:06'),
(959, '202500002', 15, 1187, 63, NULL, NULL, NULL, NULL, 0, 764, 1, 0, '', '2026-01-29 03:46:06'),
(960, '202500002', 15, 1188, 63, NULL, NULL, NULL, NULL, 0, 764, 1, 0, '', '2026-01-29 03:46:06'),
(961, '202500002', 15, 95, 63, NULL, NULL, NULL, NULL, 0, 764, 1, 0, '', '2026-01-29 03:46:06'),
(962, '224-06342M', 15, 746, 54, '0', '0', '96', NULL, 1, 0, 1, 0, 'migrated from old system', '2026-01-29 07:26:21'),
(963, '224-06342M', 15, 747, 54, '0', '0', '96', NULL, 1, 0, 1, 0, 'migrated from old system', '2026-01-29 07:26:21'),
(964, '224-06342M', 15, 115, 54, '0', '0', '96', NULL, 1, 0, 1, 0, 'migrated from old system', '2026-01-29 07:26:21'),
(965, '224-06342M', 15, 90, 54, '0', '0', '93', NULL, 1, 0, 1, 0, 'migrated from old system', '2026-01-29 07:26:21'),
(966, '224-06342M', 15, 883, 54, '0', '0', '100', NULL, 1, 0, 1, 0, 'migrated from old system', '2026-01-29 07:26:21'),
(967, '224-06342M', 15, 129, 54, '0', '0', '87', NULL, 1, 0, 1, 0, 'migrated from old system', '2026-01-29 07:26:21'),
(968, '224-06342M', 15, 977, 54, '0', '0', '90', NULL, 1, 0, 1, 0, 'migrated from old system', '2026-01-29 07:26:21'),
(969, '224-06342M', 15, 1187, 54, '0', '0', '96', NULL, 1, 0, 1, 0, 'migrated from old system', '2026-01-29 07:26:21'),
(970, '224-06342M', 15, 1188, 54, '0', '0', '96', NULL, 1, 0, 1, 0, 'migrated from old system', '2026-01-29 07:26:21'),
(971, '224-06342M', 15, 95, 54, '0', '0', '100', NULL, 1, 0, 1, 0, 'migrated from old system', '2026-01-29 07:26:21'),
(972, '224-06342M', 15, 1189, 55, '0', '0', '90', NULL, 1, 0, 1, 0, 'migrated from old system', '2026-01-29 07:26:21'),
(973, '224-06342M', 15, 1190, 55, '0', '0', '90', NULL, 1, 0, 1, 0, 'migrated from old system', '2026-01-29 07:26:21'),
(974, '224-06342M', 15, 1191, 55, '0', '0', '93', NULL, 1, 0, 1, 0, 'migrated from old system', '2026-01-29 07:26:21'),
(975, '224-06342M', 15, 831, 55, '0', '0', '100', NULL, 1, 0, 1, 0, 'migrated from old system', '2026-01-29 07:26:21'),
(976, '224-06342M', 15, 100, 55, '0', '0', '90', NULL, 1, 0, 1, 0, 'migrated from old system', '2026-01-29 07:26:21'),
(977, '224-06342M', 15, 331, 55, '0', '0', '100', NULL, 1, 0, 1, 0, 'migrated from old system', '2026-01-29 07:26:21'),
(978, '224-06342M', 15, 102, 55, '0', '0', '100', NULL, 1, 0, 1, 0, 'migrated from old system', '2026-01-29 07:26:21'),
(979, '224-06342M', 15, 198, 55, '0', '0', '87', NULL, 1, 0, 1, 0, 'migrated from old system', '2026-01-29 07:26:21'),
(980, '224-06342M', 15, 763, 55, '0', '0', '84', NULL, 1, 0, 1, 0, 'migrated from old system', '2026-01-29 07:26:21'),
(981, '224-06342M', 15, 764, 55, '0', '0', '78', NULL, 1, 0, 1, 0, 'migrated from old system', '2026-01-29 07:26:21'),
(982, '224-06342M', 15, 104, 55, '0', '0', '100', NULL, 1, 0, 1, 0, 'migrated from old system', '2026-01-29 07:26:21'),
(983, '224-06342M', 15, 772, 57, '0', '0', '96', NULL, 1, 0, 1, 0, 'migrated from old system', '2026-01-29 07:26:21'),
(984, '224-06342M', 15, 109, 57, '0', '0', '96', NULL, 1, 0, 1, 0, 'migrated from old system', '2026-01-29 07:26:21'),
(985, '224-06342M', 15, 1475, 57, '0', '0', '100', NULL, 1, 0, 1, 0, 'migrated from old system', '2026-01-29 07:26:21'),
(986, '224-06342M', 15, 1194, 57, '0', '0', '96', NULL, 1, 0, 1, 0, 'migrated from old system', '2026-01-29 07:26:21'),
(987, '224-06342M', 15, 1192, 57, '0', '0', '87', NULL, 1, 0, 1, 0, 'migrated from old system', '2026-01-29 07:26:21'),
(988, '224-06342M', 15, 117, 57, '0', '0', '96', NULL, 1, 0, 1, 0, 'migrated from old system', '2026-01-29 07:26:21'),
(989, '224-06342M', 15, 1472, 57, '0', '0', '96', NULL, 1, 0, 1, 0, 'migrated from old system', '2026-01-29 07:26:21'),
(990, '224-06342M', 15, 1193, 57, '0', '0', '96', NULL, 1, 0, 1, 0, 'migrated from old system', '2026-01-29 07:26:21'),
(991, '224-06342M', 15, 773, 57, '0', '0', '96', NULL, 1, 0, 1, 0, 'migrated from old system', '2026-01-29 07:26:21'),
(992, '224-06342M', 15, 1473, 57, '0', '0', '90', NULL, 1, 0, 1, 0, 'migrated from old system', '2026-01-29 07:26:21'),
(993, '224-06342M', 15, 1474, 57, '0', '0', '93', NULL, 1, 0, 1, 0, 'migrated from old system', '2026-01-29 07:26:21'),
(994, '224-06342M', 15, 1195, 58, '0', '0', '90', NULL, 1, 0, 1, 0, 'migrated from old system', '2026-01-29 07:26:21'),
(995, '224-06342M', 15, 1196, 58, '0', '0', '90', NULL, 1, 0, 1, 0, 'migrated from old system', '2026-01-29 07:26:21'),
(996, '224-06342M', 15, 116, 58, '0', '0', '93', NULL, 1, 0, 1, 0, 'migrated from old system', '2026-01-29 07:26:21'),
(997, '224-06342M', 15, 119, 58, '0', '0', '96', NULL, 1, 0, 1, 0, 'migrated from old system', '2026-01-29 07:26:21'),
(998, '224-06342M', 15, 1197, 58, '0', '0', '87', NULL, 1, 0, 1, 0, 'migrated from old system', '2026-01-29 07:26:21'),
(999, '224-06342M', 15, 1198, 58, '0', '0', '78', NULL, 1, 0, 1, 0, 'migrated from old system', '2026-01-29 07:26:21'),
(1000, '224-06342M', 15, 1199, 58, '0', '0', '100', NULL, 1, 0, 1, 0, 'migrated from old system', '2026-01-29 07:26:21'),
(1001, '224-06342M', 15, 1200, 58, '0', '0', '100', NULL, 1, 0, 1, 0, 'migrated from old system', '2026-01-29 07:26:21'),
(1002, '224-06342M', 15, 1201, 58, '0', '0', '87', NULL, 1, 0, 1, 0, 'migrated from old system', '2026-01-29 07:26:21'),
(1003, '224-06342M', 15, 1202, 58, '0', '0', '87', NULL, 1, 0, 1, 0, 'migrated from old system', '2026-01-29 07:26:21'),
(1004, '224-06342M', 15, 1203, 58, '0', '0', '96', NULL, 1, 0, 1, 0, 'migrated from old system', '2026-01-29 07:26:21'),
(1005, '224-06342M', 15, 1204, 58, '0', '0', '96', NULL, 1, 0, 1, 0, 'migrated from old system', '2026-01-29 07:26:21'),
(1006, '224-06342M', 15, 790, 60, '0', '0', '96', NULL, 1, 0, 1, 0, 'migrated from old system', '2026-01-29 07:26:21'),
(1007, '224-06342M', 15, 791, 60, '0', '0', '87', NULL, 1, 0, 1, 0, 'migrated from old system', '2026-01-29 07:26:21'),
(1008, '224-06342M', 15, 798, 60, '0', '0', '93', NULL, 1, 0, 1, 0, 'migrated from old system', '2026-01-29 07:26:21'),
(1009, '224-06342M', 15, 1205, 60, '0', '0', '100', NULL, 1, 0, 1, 0, 'migrated from old system', '2026-01-29 07:26:21'),
(1010, '224-06342M', 15, 1206, 60, '0', '0', '100', NULL, 1, 0, 1, 0, 'migrated from old system', '2026-01-29 07:26:21'),
(1011, '224-06342M', 15, 1207, 60, '0', '0', '96', NULL, 1, 0, 1, 0, 'migrated from old system', '2026-01-29 07:26:21'),
(1012, '224-06342M', 15, 1208, 60, '0', '0', '96', NULL, 1, 0, 1, 0, 'migrated from old system', '2026-01-29 07:26:21'),
(1013, '224-06342M', 15, 1209, 60, '0', '0', '100', NULL, 1, 0, 1, 0, 'migrated from old system', '2026-01-29 07:26:21'),
(1014, '224-06342M', 15, 1210, 60, '0', '0', '100', NULL, 1, 0, 1, 0, 'migrated from old system', '2026-01-29 07:26:21'),
(1015, '224-06342M', 15, 1211, 60, '0', '0', '100', NULL, 1, 0, 1, 0, 'migrated from old system', '2026-01-29 07:26:21'),
(1016, '224-06342M', 15, 1212, 60, '0', '0', '100', NULL, 1, 0, 1, 0, 'migrated from old system', '2026-01-29 07:26:22'),
(1017, '224-06342M', 15, 128, 66, '0', '0', '0', NULL, 0, 0, 1, 0, 'migrated from old system', '2026-01-29 07:26:22'),
(1018, '224-06342M', 15, 1217, 66, '0', '0', '0', NULL, 0, 0, 1, 0, 'migrated from old system', '2026-01-29 07:26:22'),
(1019, '224-06342M', 15, 1218, 66, '0', '0', '0', NULL, 0, 0, 1, 0, 'migrated from old system', '2026-01-29 07:26:22'),
(1020, '224-06342M', 15, 1219, 66, '0', '0', '0', NULL, 0, 0, 1, 0, 'migrated from old system', '2026-01-29 07:26:22'),
(1021, '224-06342M', 15, 1220, 66, '0', '0', '0', NULL, 0, 0, 1, 0, 'migrated from old system', '2026-01-29 07:26:22'),
(1022, '224-06342M', 15, 1221, 66, '0', '0', '0', NULL, 0, 0, 1, 0, 'migrated from old system', '2026-01-29 07:26:22'),
(1023, '224-06342M', 15, 1222, 66, '0', '0', '0', NULL, 0, 0, 1, 0, 'migrated from old system', '2026-01-29 07:26:22'),
(1024, '224-06342M', 15, 1223, 66, '0', '0', '0', NULL, 0, 0, 1, 0, 'migrated from old system', '2026-01-29 07:26:22'),
(1025, '224-06342M', 15, 1224, 66, '0', '0', '0', NULL, 0, 0, 1, 0, 'migrated from old system', '2026-01-29 07:26:22'),
(1026, '224-06342M', 15, 1225, 66, '0', '0', '0', NULL, 0, 0, 1, 0, 'migrated from old system', '2026-01-29 07:26:22'),
(1071, '202600044', 15, 977, 66, NULL, NULL, NULL, NULL, 0, 764, 1, 0, '', '2026-02-04 03:59:51'),
(1072, '202600044', 15, 1187, 66, NULL, NULL, NULL, NULL, 0, 764, 1, 0, '', '2026-02-04 03:59:51'),
(1073, '202600044', 15, 1188, 66, NULL, NULL, NULL, NULL, 0, 764, 1, 0, '', '2026-02-04 03:59:51'),
(1074, '202600044', 15, 746, 66, NULL, NULL, NULL, NULL, 0, 764, 1, 0, '', '2026-02-04 03:59:51'),
(1075, '202600044', 15, 747, 66, NULL, NULL, NULL, NULL, 0, 764, 1, 0, '', '2026-02-04 03:59:51'),
(1076, '202600044', 15, 95, 66, NULL, NULL, NULL, NULL, 0, 764, 1, 0, '', '2026-02-04 03:59:51'),
(1077, '202600044', 15, 115, 66, NULL, NULL, NULL, NULL, 0, 764, 1, 0, '', '2026-02-04 03:59:51'),
(1078, '202600044', 15, 90, 66, NULL, NULL, NULL, NULL, 0, 764, 1, 0, '', '2026-02-04 03:59:51'),
(1079, '202600044', 15, 883, 66, NULL, NULL, NULL, NULL, 0, 764, 1, 0, '', '2026-02-04 03:59:51'),
(1080, '202600044', 15, 957, 66, NULL, NULL, NULL, NULL, 0, 764, 1, 0, '', '2026-02-04 03:59:51'),
(1081, '202600044', 15, 129, 66, NULL, NULL, NULL, NULL, 0, 764, 1, 0, '', '2026-02-04 03:59:51'),
(1082, '202600045', 15, 747, 66, NULL, NULL, NULL, NULL, 0, 764, 1, 0, '', '2026-02-05 16:26:21'),
(1083, '202600045', 15, 746, 66, NULL, NULL, NULL, NULL, 0, 764, 1, 0, '', '2026-02-05 16:26:21'),
(1084, '202600045', 15, 90, 66, NULL, NULL, NULL, NULL, 0, 764, 1, 0, '', '2026-02-05 16:26:21'),
(1085, '202600045', 15, 115, 66, NULL, NULL, NULL, NULL, 0, 764, 1, 0, '', '2026-02-05 16:26:21'),
(1086, '202600045', 15, 957, 66, NULL, NULL, NULL, NULL, 0, 764, 1, 0, '', '2026-02-05 16:26:21'),
(1087, '202600045', 15, 883, 66, NULL, NULL, NULL, NULL, 0, 764, 1, 0, '', '2026-02-05 16:26:21'),
(1088, '202600045', 15, 129, 66, NULL, NULL, NULL, NULL, 0, 764, 1, 0, '', '2026-02-05 16:26:21'),
(1089, '202600045', 15, 977, 66, NULL, NULL, NULL, NULL, 0, 764, 1, 0, '', '2026-02-05 16:26:21'),
(1090, '202600045', 15, 1187, 66, NULL, NULL, NULL, NULL, 0, 764, 1, 0, '', '2026-02-05 16:26:21'),
(1091, '202600045', 15, 1188, 66, NULL, NULL, NULL, NULL, 0, 764, 1, 0, '', '2026-02-05 16:26:21'),
(1092, '202600045', 15, 95, 66, NULL, NULL, NULL, NULL, 0, 764, 1, 0, '', '2026-02-05 16:26:21');

-- --------------------------------------------------------

--
-- Table structure for table `evaluation_table`
--

CREATE TABLE `evaluation_table` (
  `id` int(11) NOT NULL,
  `school_year_id` int(11) NOT NULL DEFAULT 0,
  `question_id` int(11) NOT NULL DEFAULT 0,
  `created_at` timestamp NOT NULL DEFAULT current_timestamp()
) ENGINE=InnoDB DEFAULT CHARSET=utf8mb4 COLLATE=utf8mb4_general_ci;

--
-- Dumping data for table `evaluation_table`
--

INSERT INTO `evaluation_table` (`id`, `school_year_id`, `question_id`, `created_at`) VALUES
(1, 16, 7, '2025-10-12 08:27:08'),
(2, 16, 8, '2025-10-12 08:37:44'),
(3, 16, 9, '2025-10-12 11:25:59'),
(4, 3, 10, '2025-11-14 04:53:47'),
(5, 3, 11, '2025-11-14 05:29:34'),
(6, 3, 12, '2025-11-14 05:30:24'),
(7, 3, 13, '2025-11-14 05:30:38'),
(8, 3, 14, '2025-11-14 05:30:52');

-- --------------------------------------------------------

--
-- Table structure for table `fee_rules`
--

CREATE TABLE `fee_rules` (
  `fee_rule_id` int(11) NOT NULL,
  `fee_code` varchar(50) DEFAULT NULL,
  `description` varchar(100) DEFAULT NULL,
  `amount` decimal(10,2) DEFAULT NULL,
  `semester_id` int(11) DEFAULT NULL,
  `year_level_id` int(11) DEFAULT NULL,
  `dprtmnt_id` int(11) DEFAULT NULL,
  `program_id` int(11) DEFAULT NULL,
  `applies_to_all` tinyint(1) DEFAULT 0,
  `iscomputer_lab` tinyint(1) DEFAULT 0,
  `isnon_computer_lab` tinyint(1) DEFAULT 0,
  `is_nstp` tinyint(1) DEFAULT 0
) ENGINE=InnoDB DEFAULT CHARSET=utf8mb4 COLLATE=utf8mb4_general_ci;

--
-- Dumping data for table `fee_rules`
--

INSERT INTO `fee_rules` (`fee_rule_id`, `fee_code`, `description`, `amount`, `semester_id`, `year_level_id`, `dprtmnt_id`, `program_id`, `applies_to_all`, `iscomputer_lab`, `isnon_computer_lab`, `is_nstp`) VALUES
(1, 'COURSE_WITH_LAB_FEE', 'Course with Lab Fee', 499.00, NULL, NULL, NULL, NULL, 0, 1, 0, 0),
(2, 'COMPUTER_LABORATORY_FEE', 'Computer Fee', 500.00, NULL, NULL, NULL, NULL, 0, 0, 1, 0),
(3, 'NSTP_SPECIAL_FEE', 'NSTP Special Fee', 150.00, NULL, NULL, NULL, NULL, 0, 0, 0, 1),
(9, 'ID_FEE', 'ID FEE', 100.00, NULL, NULL, NULL, NULL, 0, 0, 0, 0),
(11, 'MISC_CCS_BSCS_Y1_S1', 'Miscellaneous Fee - BSCS Y1 S1', 0.00, 1, 1, 5, 14, 0, 0, 0, 0),
(13, 'IT_COURSE_WITH_LAB_FEE', 'WALA TO FEE', 500.00, 1, 1, 5, 15, 0, 0, 0, 0),
(14, 'dress fee', 'Dress Fee', 100.00, NULL, NULL, 1, 3, 0, 0, 0, 0);

-- --------------------------------------------------------

--
-- Table structure for table `matriculation`
--

CREATE TABLE `matriculation` (
  `id` int(11) NOT NULL,
  `campus_name` varchar(60) NOT NULL,
  `student_number` varchar(255) NOT NULL,
  `learner_reference_number` varchar(255) NOT NULL,
  `last_name` varchar(255) NOT NULL,
  `given_name` varchar(255) NOT NULL,
  `middle_initial` varchar(60) NOT NULL,
  `degree_program` varchar(255) NOT NULL,
  `year_level` varchar(255) NOT NULL,
  `sex` varchar(60) NOT NULL,
  `email_address` varchar(255) NOT NULL,
  `phone_number` varchar(255) NOT NULL,
  `laboratory_units` varchar(255) NOT NULL,
  `computer_units` varchar(255) NOT NULL,
  `academic_units_enrolled` varchar(255) NOT NULL,
  `academic_units_nstp_enrolled` varchar(255) NOT NULL,
  `tuition_fees` varchar(255) NOT NULL,
  `nstp_fees` varchar(255) NOT NULL,
  `athletic_fees` varchar(255) NOT NULL,
  `computer_fees` varchar(255) NOT NULL,
  `cultural_fees` varchar(255) NOT NULL,
  `development_fees` varchar(255) NOT NULL,
  `guidance_fees` varchar(255) NOT NULL,
  `laboratory_fees` varchar(255) NOT NULL,
  `library_fees` varchar(255) NOT NULL,
  `medical_and_dental_fees` varchar(255) NOT NULL,
  `registration_fees` varchar(255) NOT NULL,
  `school_id_fees` varchar(255) NOT NULL,
  `total_tosf` varchar(255) NOT NULL,
  `remark` varchar(255) NOT NULL,
  `active_school_year_id` int(11) NOT NULL,
  `payment` varchar(255) NOT NULL DEFAULT '0',
  `balance` varchar(255) NOT NULL DEFAULT '0'
) ENGINE=InnoDB DEFAULT CHARSET=utf8mb4 COLLATE=utf8mb4_general_ci;

--
-- Dumping data for table `matriculation`
--

INSERT INTO `matriculation` (`id`, `campus_name`, `student_number`, `learner_reference_number`, `last_name`, `given_name`, `middle_initial`, `degree_program`, `year_level`, `sex`, `email_address`, `phone_number`, `laboratory_units`, `computer_units`, `academic_units_enrolled`, `academic_units_nstp_enrolled`, `tuition_fees`, `nstp_fees`, `athletic_fees`, `computer_fees`, `cultural_fees`, `development_fees`, `guidance_fees`, `laboratory_fees`, `library_fees`, `medical_and_dental_fees`, `registration_fees`, `school_id_fees`, `total_tosf`, `remark`, `active_school_year_id`, `payment`, `balance`) VALUES
(1, 'Manila', '202500001', '123456789012', 'Montao', 'Mark Anthony', 'P', 'Bachelor of Science in Architecture', 'Fourth Year', 'Male', 'markmontano999@gmail.com', '09171234567999999', '2', '3', '20', '3', '2600', '1000', '50', '500', '50', '80', '30', '200', '100', '130', '2000', '100', '3590', '', 3, '0', '0'),
(2, 'Manila', '202500004', '136601120127', 'Ciruela', 'Genny', 'D', 'Bachelor of Science in Information Technology', 'First Year', 'Female', 'ciruelagenny@gmail.com', '9944869505', '2', '3', '28', '3', '0', '1000', '50', '500', '50', '80', '30', '0', '100', '130', '2000', '100', '990', '', 63, '0', '0'),
(4, 'Manila', '202600044', '123456789012', 'Mecasio', 'Arden', 'B', 'Bachelor of Science in Information Technology', 'First Year', 'Male', 'mecasio.a.bsinfotech@gmail.com', '639561692738', '2', '3', '28', '3', '2300', '150', '150', '500', '50', '80', '30', '550', '100', '130', '50', '300', '4090', '', 66, '0', '0'),
(5, 'Manila', '202600044', '123456789012', 'Mecasio', 'Arden', 'B', 'Bachelor of Science in Information Technology', 'First Year', 'Male', 'mecasio.a.bsinfotech@gmail.com', '639561692738', '2', '3', '28', '3', '2300', '150', '150', '500', '50', '80', '30', '550', '100', '130', '50', '300', '4090', '', 66, '0', '0');

-- --------------------------------------------------------

--
-- Table structure for table `medical_requirements`
--

CREATE TABLE `medical_requirements` (
  `id` int(11) NOT NULL,
  `person_id` int(11) NOT NULL,
  `student_number` varchar(50) DEFAULT NULL,
  `age_onset` varchar(50) DEFAULT NULL,
  `genital_enlargement` varchar(50) DEFAULT NULL,
  `pubic_hair` varchar(50) DEFAULT NULL,
  `height` varchar(50) DEFAULT NULL,
  `weight` varchar(50) DEFAULT NULL,
  `bmi` varchar(50) DEFAULT NULL,
  `interpretation` varchar(100) DEFAULT NULL,
  `heart_rate` varchar(50) DEFAULT NULL,
  `respiratory_rate` varchar(50) DEFAULT NULL,
  `o2_saturation` varchar(50) DEFAULT NULL,
  `blood_pressure` varchar(50) DEFAULT NULL,
  `vision_acuity` varchar(100) DEFAULT NULL,
  `general_survey` varchar(255) DEFAULT NULL,
  `skin` varchar(255) DEFAULT NULL,
  `eyes` varchar(255) DEFAULT NULL,
  `ent` varchar(255) DEFAULT NULL,
  `neck` varchar(255) DEFAULT NULL,
  `heart` varchar(255) DEFAULT NULL,
  `chest_lungs` varchar(255) DEFAULT NULL,
  `abdomen` varchar(255) DEFAULT NULL,
  `musculoskeletal` varchar(255) DEFAULT NULL,
  `breast_exam` varchar(255) DEFAULT NULL,
  `genitalia_smr` varchar(255) DEFAULT NULL,
  `penis` varchar(255) DEFAULT NULL,
  `dental_general_condition` varchar(100) DEFAULT NULL,
  `dental_good_hygiene` tinyint(1) DEFAULT 0,
  `dental_presence_of_calculus_plaque` tinyint(1) DEFAULT 0,
  `dental_gingivitis` tinyint(1) DEFAULT 0,
  `dental_denture_wearer_up` tinyint(1) DEFAULT 0,
  `dental_denture_wearer_down` tinyint(1) DEFAULT 0,
  `dental_with_braces_up` tinyint(1) DEFAULT 0,
  `dental_with_braces_down` tinyint(1) DEFAULT 0,
  `dental_with_oral_hygiene_reliner` tinyint(1) DEFAULT 0,
  `dental_diabetes` tinyint(1) DEFAULT 0,
  `dental_hypertension` tinyint(1) DEFAULT 0,
  `dental_allergies` tinyint(1) DEFAULT 0,
  `dental_heart_disease` tinyint(1) DEFAULT 0,
  `dental_epilepsy` tinyint(1) DEFAULT 0,
  `dental_mental_illness` tinyint(1) DEFAULT 0,
  `dental_clotting_disorder` tinyint(1) DEFAULT 0,
  `dental_upper_right` longtext CHARACTER SET utf8mb4 COLLATE utf8mb4_bin DEFAULT NULL,
  `dental_upper_left` longtext CHARACTER SET utf8mb4 COLLATE utf8mb4_bin DEFAULT NULL,
  `dental_lower_right` longtext CHARACTER SET utf8mb4 COLLATE utf8mb4_bin DEFAULT NULL,
  `dental_lower_left` longtext CHARACTER SET utf8mb4 COLLATE utf8mb4_bin DEFAULT NULL,
  `pne_mental_status_check` tinyint(1) DEFAULT 0,
  `pne_mental_status_text` varchar(255) DEFAULT NULL,
  `pne_sensory_check` tinyint(1) DEFAULT 0,
  `pne_sensory_text` varchar(255) DEFAULT NULL,
  `pne_cranial_nerve_check` tinyint(1) DEFAULT 0,
  `pne_cranial_nerve_text` varchar(255) DEFAULT NULL,
  `pne_cerebellar_check` tinyint(1) DEFAULT 0,
  `pne_cerebellar_text` varchar(255) DEFAULT NULL,
  `pne_motor_check` tinyint(1) DEFAULT 0,
  `pne_motor_text` varchar(255) DEFAULT NULL,
  `pne_reflexes_check` tinyint(1) DEFAULT 0,
  `pne_reflexes_text` varchar(255) DEFAULT NULL,
  `pne_findings_psychological` text DEFAULT NULL,
  `pne_recommendations` text DEFAULT NULL,
  `created_at` timestamp NOT NULL DEFAULT current_timestamp(),
  `updated_at` timestamp NOT NULL DEFAULT current_timestamp() ON UPDATE current_timestamp()
) ENGINE=InnoDB DEFAULT CHARSET=utf8mb4 COLLATE=utf8mb4_general_ci;

--
-- Dumping data for table `medical_requirements`
--

INSERT INTO `medical_requirements` (`id`, `person_id`, `student_number`, `age_onset`, `genital_enlargement`, `pubic_hair`, `height`, `weight`, `bmi`, `interpretation`, `heart_rate`, `respiratory_rate`, `o2_saturation`, `blood_pressure`, `vision_acuity`, `general_survey`, `skin`, `eyes`, `ent`, `neck`, `heart`, `chest_lungs`, `abdomen`, `musculoskeletal`, `breast_exam`, `genitalia_smr`, `penis`, `dental_general_condition`, `dental_good_hygiene`, `dental_presence_of_calculus_plaque`, `dental_gingivitis`, `dental_denture_wearer_up`, `dental_denture_wearer_down`, `dental_with_braces_up`, `dental_with_braces_down`, `dental_with_oral_hygiene_reliner`, `dental_diabetes`, `dental_hypertension`, `dental_allergies`, `dental_heart_disease`, `dental_epilepsy`, `dental_mental_illness`, `dental_clotting_disorder`, `dental_upper_right`, `dental_upper_left`, `dental_lower_right`, `dental_lower_left`, `pne_mental_status_check`, `pne_mental_status_text`, `pne_sensory_check`, `pne_sensory_text`, `pne_cranial_nerve_check`, `pne_cranial_nerve_text`, `pne_cerebellar_check`, `pne_cerebellar_text`, `pne_motor_check`, `pne_motor_text`, `pne_reflexes_check`, `pne_reflexes_text`, `pne_findings_psychological`, `pne_recommendations`, `created_at`, `updated_at`) VALUES
(3, 1, '202500001', '22', '25', '56', '', '', '', '', '', '', '', '', '', '', '', '', '', '', '', '', '', '', '', '', '', NULL, 1, 1, 0, 1, 0, 0, 0, 0, 0, 0, 0, 0, 0, 0, 0, '[\"\",\"\",\"\",\"\",\"\",\"\",\"\",\"\"]', '[\"\",\"\",\"\",\"\",\"\",\"\",\"\",\"\"]', '[\"\",\"\",\"\",\"\",\"\",\"\",\"\",\"\"]', '[\"\",\"\",\"\",\"\",\"\",\"\",\"\",\"\"]', 1, 'bad eyesight', 1, NULL, 1, NULL, 1, NULL, 1, NULL, 1, NULL, 'Ongoing', NULL, '2025-10-09 21:51:30', '2025-10-20 16:31:54'),
(5, 0, '202500002', '22', NULL, NULL, NULL, NULL, NULL, NULL, NULL, NULL, NULL, NULL, NULL, NULL, NULL, NULL, NULL, NULL, NULL, NULL, NULL, NULL, NULL, NULL, NULL, NULL, 1, 1, 1, 0, 0, 0, 0, 0, 0, 0, 0, 0, 0, 0, 0, NULL, NULL, NULL, NULL, 1, NULL, 1, NULL, 0, NULL, 0, NULL, 0, NULL, 0, NULL, NULL, NULL, '2025-10-14 09:34:07', '2025-10-14 09:34:07'),
(6, 0, '202500003', NULL, NULL, NULL, NULL, NULL, NULL, NULL, NULL, NULL, NULL, NULL, NULL, NULL, NULL, NULL, NULL, NULL, NULL, NULL, NULL, NULL, NULL, NULL, NULL, NULL, 0, 0, 0, 0, 0, 0, 0, 0, 0, 0, 0, 0, 0, 0, 0, NULL, NULL, NULL, NULL, 0, NULL, 0, NULL, 0, NULL, 0, NULL, 0, NULL, 0, NULL, NULL, NULL, '2025-10-15 09:34:12', '2025-10-15 09:34:12'),
(7, 0, '202500004', NULL, NULL, NULL, NULL, NULL, NULL, NULL, NULL, NULL, NULL, NULL, NULL, NULL, NULL, NULL, NULL, NULL, NULL, NULL, NULL, NULL, NULL, NULL, NULL, NULL, 0, 0, 0, 0, 0, 0, 0, 0, 0, 0, 0, 0, 0, 0, 0, NULL, NULL, NULL, NULL, 0, NULL, 0, NULL, 0, NULL, 0, NULL, 0, NULL, 0, NULL, NULL, NULL, '2025-10-15 09:34:16', '2025-10-15 09:34:16'),
(8, 0, '2025000001', NULL, NULL, NULL, NULL, NULL, NULL, NULL, NULL, NULL, NULL, NULL, NULL, NULL, NULL, NULL, NULL, NULL, NULL, NULL, NULL, NULL, NULL, NULL, NULL, NULL, 0, 0, 0, 0, 0, 0, 0, 0, 0, 0, 0, 0, 0, 0, 0, NULL, NULL, NULL, NULL, 0, NULL, 0, NULL, 0, NULL, 0, NULL, 0, NULL, 0, NULL, NULL, NULL, '2025-10-21 09:07:37', '2025-10-21 09:07:37'),
(9, 0, ' PHYSICAL AND NEUROLOGICAL EXAMINATION', NULL, NULL, NULL, NULL, NULL, NULL, NULL, NULL, NULL, NULL, NULL, NULL, NULL, NULL, NULL, NULL, NULL, NULL, NULL, NULL, NULL, NULL, NULL, NULL, NULL, 0, 0, 0, 0, 0, 0, 0, 0, 0, 0, 0, 0, 0, 0, 0, NULL, NULL, NULL, NULL, 0, NULL, 0, NULL, 0, NULL, 0, NULL, 0, NULL, 0, NULL, NULL, NULL, '2025-10-21 09:08:10', '2025-10-21 09:08:10');

-- --------------------------------------------------------

--
-- Table structure for table `page_access`
--

CREATE TABLE `page_access` (
  `id` int(11) NOT NULL,
  `page_privilege` tinyint(1) NOT NULL,
  `page_id` int(11) DEFAULT NULL,
  `user_id` varchar(255) DEFAULT NULL
) ENGINE=InnoDB DEFAULT CHARSET=utf8mb4 COLLATE=utf8mb4_general_ci;

--
-- Dumping data for table `page_access`
--

INSERT INTO `page_access` (`id`, `page_privilege`, `page_id`, `user_id`) VALUES
(40, 1, 10, '224-06342M'),
(42, 1, 12, '224-06342M'),
(43, 1, 13, '224-06342M'),
(45, 1, 15, '224-06342M'),
(46, 1, 16, '224-06342M'),
(47, 1, 17, '224-06342M'),
(48, 1, 18, '224-06342M'),
(49, 1, 19, '224-06342M'),
(50, 1, 20, '224-06342M'),
(51, 1, 21, '224-06342M'),
(52, 1, 22, '224-06342M'),
(53, 1, 23, '224-06342M'),
(54, 1, 24, '224-06342M'),
(55, 1, 25, '224-06342M'),
(56, 1, 26, '224-06342M'),
(57, 1, 27, '224-06342M'),
(58, 1, 29, '224-06342M'),
(59, 1, 28, '224-06342M'),
(60, 1, 30, '224-06342M'),
(61, 1, 31, '224-06342M'),
(62, 1, 32, '224-06342M'),
(63, 1, 33, '224-06342M'),
(64, 1, 34, '224-06342M'),
(65, 1, 35, '224-06342M'),
(66, 1, 36, '224-06342M'),
(68, 1, 72, '224-06342M'),
(69, 1, 73, '224-06342M'),
(70, 1, 70, '224-06342M'),
(72, 1, 68, '224-06342M'),
(73, 1, 69, '224-06342M'),
(74, 1, 66, '224-06342M'),
(75, 1, 67, '224-06342M'),
(78, 1, 62, '224-06342M'),
(79, 1, 63, '224-06342M'),
(80, 1, 60, '224-06342M'),
(81, 1, 61, '224-06342M'),
(82, 1, 58, '224-06342M'),
(83, 1, 59, '224-06342M'),
(85, 1, 57, '224-06342M'),
(86, 1, 54, '224-06342M'),
(89, 1, 53, '224-06342M'),
(90, 1, 50, '224-06342M'),
(92, 1, 48, '224-06342M'),
(93, 1, 49, '224-06342M'),
(94, 1, 46, '224-06342M'),
(95, 1, 47, '224-06342M'),
(97, 1, 44, '224-06342M'),
(98, 1, 45, '224-06342M'),
(99, 1, 42, '224-06342M'),
(100, 1, 43, '224-06342M'),
(101, 1, 41, '224-06342M'),
(103, 1, 96, '224-06342M'),
(106, 1, 99, '224-06342M'),
(107, 1, 100, '224-06342M'),
(108, 1, 101, '224-06342M'),
(109, 1, 86, '224-06342M'),
(110, 1, 87, '224-06342M'),
(111, 1, 88, '224-06342M'),
(112, 1, 89, '224-06342M'),
(114, 1, 90, '224-06342M'),
(115, 1, 91, '224-06342M'),
(118, 1, 94, '224-06342M'),
(119, 1, 85, '224-06342M'),
(120, 1, 82, '224-06342M'),
(121, 1, 83, '224-06342M'),
(122, 1, 84, '224-06342M'),
(123, 1, 95, '224-06342M'),
(124, 1, 80, '224-06342M'),
(125, 1, 78, '224-06342M'),
(126, 1, 79, '224-06342M'),
(129, 1, 74, '224-06342M'),
(130, 1, 75, '224-06342M'),
(131, 1, 81, '224-06342M'),
(133, 1, 40, '224-06342M'),
(146, 1, 93, '224-06342M'),
(158, 1, 52, '224-06342M'),
(160, 1, 65, '224-06342M'),
(161, 1, 93, '224-06342M'),
(162, 1, 9, '224-06342M'),
(170, 1, 11, '224-06342M'),
(171, 1, 64, '224-06342m'),
(172, 1, 51, '224-06342m'),
(173, 1, 37, '224-06342m'),
(175, 1, 76, '224-06342m'),
(177, 1, 77, '224-06342M'),
(178, 1, 77, '224-06342M'),
(179, 1, 71, '224-06342M'),
(180, 1, 55, '224-06342M'),
(181, 1, 56, '224-06342M'),
(182, 1, 38, '224-06342M'),
(183, 1, 39, '224-06342M'),
(185, 1, 14, '224-06342M'),
(186, 1, 98, '224-06342m'),
(202, 1, 6, '224-06342m'),
(205, 1, 2, '224-06342M'),
(206, 1, 1, '224-06342M'),
(207, 1, 3, '224-06342M'),
(208, 1, 4, '224-06342M'),
(209, 1, 5, '224-06342M'),
(211, 1, 8, '224-06342M'),
(212, 1, 7, '224-06342M'),
(216, 1, 97, '224-06342M'),
(217, 1, 92, '224-06342M'),
(218, 1, 92, '123456'),
(219, 1, 6, '123456'),
(220, 1, 44, '123456'),
(221, 1, 43, '123456'),
(222, 1, 46, '123456'),
(223, 1, 45, '123456'),
(224, 1, 47, '123456'),
(225, 1, 49, '123456'),
(226, 1, 37, '123456'),
(227, 1, 36, '123456'),
(228, 1, 60, '123456'),
(229, 1, 17, '123456'),
(230, 1, 10, '123456'),
(231, 1, 12, '123456'),
(232, 1, 43, '22222'),
(233, 1, 44, '22222'),
(234, 1, 45, '22222'),
(235, 1, 46, '22222'),
(236, 1, 47, '22222'),
(237, 1, 49, '22222'),
(238, 1, 36, '22222'),
(239, 1, 37, '22222'),
(240, 1, 17, '22222'),
(241, 1, 10, '22222'),
(242, 1, 12, '22222'),
(243, 1, 60, '22222'),
(244, 1, 92, '222'),
(245, 1, 93, '222'),
(246, 1, 94, '222'),
(247, 1, 95, '222'),
(248, 1, 96, '222'),
(249, 1, 97, '222'),
(250, 1, 98, '222'),
(251, 1, 6, '222'),
(252, 1, 7, '222'),
(253, 1, 8, '222'),
(254, 1, 9, '222'),
(255, 1, 10, '222'),
(256, 1, 11, '222'),
(257, 1, 12, '222'),
(258, 1, 92, '7809'),
(259, 1, 1, '7809'),
(260, 1, 2, '7809'),
(261, 1, 3, '7809'),
(262, 1, 4, '7809'),
(263, 1, 5, '7809'),
(264, 1, 6, '7809'),
(265, 1, 7, '7809'),
(266, 1, 8, '7809'),
(267, 1, 9, '7809'),
(268, 1, 11, '7809'),
(269, 1, 33, '7809'),
(270, 1, 48, '7809'),
(271, 1, 52, '7809'),
(272, 1, 61, '7809'),
(273, 1, 66, '7809'),
(274, 1, 71, '7809'),
(275, 1, 1, '666'),
(276, 1, 2, '666'),
(277, 1, 3, '666'),
(278, 1, 4, '666'),
(279, 1, 5, '666'),
(280, 1, 6, '666'),
(281, 1, 7, '666'),
(282, 1, 8, '666'),
(283, 1, 9, '666'),
(284, 1, 10, '666'),
(285, 1, 11, '666'),
(286, 1, 12, '666'),
(287, 1, 13, '666'),
(288, 1, 14, '666'),
(289, 1, 15, '666'),
(290, 1, 16, '666'),
(291, 1, 17, '666'),
(292, 1, 18, '666'),
(293, 1, 19, '666'),
(294, 1, 20, '666'),
(295, 1, 21, '666'),
(296, 1, 22, '666'),
(297, 1, 23, '666'),
(298, 1, 24, '666'),
(299, 1, 25, '666'),
(300, 1, 26, '666'),
(301, 1, 27, '666'),
(302, 1, 28, '666'),
(303, 1, 29, '666'),
(304, 1, 30, '666'),
(305, 1, 31, '666'),
(306, 1, 32, '666'),
(307, 1, 33, '666'),
(308, 1, 34, '666'),
(309, 1, 35, '666'),
(310, 1, 36, '666'),
(311, 1, 37, '666'),
(312, 1, 38, '666'),
(313, 1, 39, '666'),
(314, 1, 40, '666'),
(315, 1, 41, '666'),
(316, 1, 42, '666'),
(317, 1, 43, '666'),
(318, 1, 44, '666'),
(319, 1, 45, '666'),
(320, 1, 46, '666'),
(321, 1, 47, '666'),
(322, 1, 48, '666'),
(323, 1, 49, '666'),
(324, 1, 50, '666'),
(325, 1, 51, '666'),
(326, 1, 52, '666'),
(327, 1, 53, '666'),
(328, 1, 54, '666'),
(329, 1, 55, '666'),
(330, 1, 56, '666'),
(331, 1, 57, '666'),
(332, 1, 58, '666'),
(333, 1, 59, '666'),
(334, 1, 60, '666'),
(335, 1, 61, '666'),
(336, 1, 62, '666'),
(337, 1, 63, '666'),
(338, 1, 64, '666'),
(339, 1, 65, '666'),
(340, 1, 66, '666'),
(341, 1, 67, '666'),
(342, 1, 68, '666'),
(343, 1, 69, '666'),
(344, 1, 70, '666'),
(345, 1, 71, '666'),
(346, 1, 72, '666'),
(347, 1, 73, '666'),
(348, 1, 74, '666'),
(349, 1, 75, '666'),
(350, 1, 76, '666'),
(351, 1, 77, '666'),
(352, 1, 78, '666'),
(353, 1, 79, '666'),
(354, 1, 80, '666'),
(355, 1, 81, '666'),
(356, 1, 82, '666'),
(357, 1, 83, '666'),
(358, 1, 84, '666'),
(359, 1, 85, '666'),
(360, 1, 86, '666'),
(361, 1, 87, '666'),
(362, 1, 88, '666'),
(363, 1, 89, '666'),
(364, 1, 90, '666'),
(365, 1, 91, '666'),
(366, 1, 92, '666'),
(367, 1, 93, '666'),
(368, 1, 94, '666'),
(369, 1, 95, '666'),
(370, 1, 96, '666'),
(371, 1, 97, '666'),
(372, 1, 98, '666'),
(373, 1, 99, '666'),
(374, 1, 100, '666'),
(512, 1, 92, '555'),
(513, 1, 96, '555'),
(514, 1, 73, '555'),
(515, 1, 6, '555'),
(516, 1, 10, '555'),
(517, 1, 12, '555'),
(518, 1, 17, '555'),
(519, 1, 36, '555'),
(520, 1, 37, '555'),
(521, 1, 43, '555'),
(522, 1, 44, '555'),
(523, 1, 45, '555'),
(524, 1, 46, '555'),
(525, 1, 47, '555'),
(526, 1, 49, '555'),
(527, 1, 60, '555'),
(575, 1, 1, '7890456789'),
(576, 1, 2, '7890456789'),
(577, 1, 3, '7890456789'),
(578, 1, 4, '7890456789'),
(579, 1, 5, '7890456789'),
(580, 1, 6, '7890456789'),
(581, 1, 7, '7890456789'),
(582, 1, 8, '7890456789'),
(583, 1, 9, '7890456789'),
(584, 1, 10, '7890456789'),
(585, 1, 11, '7890456789'),
(586, 1, 12, '7890456789'),
(587, 1, 13, '7890456789'),
(588, 1, 14, '7890456789'),
(589, 1, 15, '7890456789'),
(590, 1, 16, '7890456789'),
(591, 1, 17, '7890456789'),
(592, 1, 18, '7890456789'),
(593, 1, 19, '7890456789'),
(594, 1, 20, '7890456789'),
(595, 1, 21, '7890456789'),
(596, 1, 22, '7890456789'),
(597, 1, 23, '7890456789'),
(598, 1, 24, '7890456789'),
(599, 1, 25, '7890456789'),
(600, 1, 26, '7890456789'),
(601, 1, 27, '7890456789'),
(602, 1, 28, '7890456789'),
(603, 1, 29, '7890456789'),
(604, 1, 30, '7890456789'),
(605, 1, 31, '7890456789'),
(606, 1, 32, '7890456789'),
(607, 1, 33, '7890456789'),
(608, 1, 34, '7890456789'),
(609, 1, 35, '7890456789'),
(610, 1, 36, '7890456789'),
(611, 1, 37, '7890456789'),
(612, 1, 38, '7890456789'),
(613, 1, 39, '7890456789'),
(614, 1, 40, '7890456789'),
(615, 1, 41, '7890456789'),
(616, 1, 42, '7890456789'),
(617, 1, 43, '7890456789'),
(618, 1, 44, '7890456789'),
(619, 1, 45, '7890456789'),
(620, 1, 46, '7890456789'),
(621, 1, 47, '7890456789'),
(622, 1, 48, '7890456789'),
(623, 1, 49, '7890456789'),
(624, 1, 50, '7890456789'),
(625, 1, 51, '7890456789'),
(626, 1, 52, '7890456789'),
(627, 1, 53, '7890456789'),
(628, 1, 54, '7890456789'),
(629, 1, 55, '7890456789'),
(630, 1, 56, '7890456789'),
(631, 1, 57, '7890456789'),
(632, 1, 58, '7890456789'),
(633, 1, 59, '7890456789'),
(634, 1, 60, '7890456789'),
(635, 1, 61, '7890456789'),
(636, 1, 62, '7890456789'),
(637, 1, 63, '7890456789'),
(638, 1, 64, '7890456789'),
(639, 1, 65, '7890456789'),
(640, 1, 66, '7890456789'),
(641, 1, 67, '7890456789'),
(642, 1, 68, '7890456789'),
(643, 1, 69, '7890456789'),
(644, 1, 70, '7890456789'),
(645, 1, 71, '7890456789'),
(646, 1, 72, '7890456789'),
(647, 1, 73, '7890456789'),
(648, 1, 74, '7890456789'),
(649, 1, 75, '7890456789'),
(650, 1, 76, '7890456789'),
(651, 1, 77, '7890456789'),
(652, 1, 78, '7890456789'),
(653, 1, 79, '7890456789'),
(654, 1, 80, '7890456789'),
(655, 1, 81, '7890456789'),
(656, 1, 82, '7890456789'),
(657, 1, 83, '7890456789'),
(658, 1, 84, '7890456789'),
(659, 1, 85, '7890456789'),
(660, 1, 86, '7890456789'),
(661, 1, 87, '7890456789'),
(662, 1, 88, '7890456789'),
(663, 1, 89, '7890456789'),
(664, 1, 90, '7890456789'),
(665, 1, 91, '7890456789'),
(666, 1, 92, '7890456789'),
(667, 1, 93, '7890456789'),
(668, 1, 94, '7890456789'),
(669, 1, 95, '7890456789'),
(670, 1, 96, '7890456789'),
(671, 1, 97, '7890456789'),
(672, 1, 98, '7890456789'),
(673, 1, 99, '7890456789'),
(674, 1, 100, '7890456789'),
(692, 1, 73, '241101'),
(722, 1, 93, '241101'),
(723, 1, 16, '241101'),
(724, 1, 18, '241101'),
(725, 1, 54, '241101'),
(726, 1, 64, '241101'),
(728, 1, 93, '241102'),
(729, 1, 16, '241102'),
(730, 1, 54, '241102'),
(731, 1, 55, '241102'),
(732, 1, 73, '241102'),
(733, 1, 96, '241102'),
(734, 1, 96, '241101'),
(735, 1, 35, '241101'),
(736, 1, 35, '241102'),
(737, 1, 63, '241102'),
(738, 1, 58, '241102'),
(740, 1, 95, '241102'),
(741, 1, 95, '241101'),
(742, 1, 63, '241101'),
(743, 1, 58, '241101'),
(744, 1, 94, '241101'),
(745, 1, 20, '241101'),
(746, 1, 94, '241102'),
(747, 1, 20, '241102'),
(748, 1, 57, '241101'),
(749, 1, 57, '241102'),
(750, 1, 1, '224000001'),
(751, 1, 2, '224000001'),
(752, 1, 3, '224000001'),
(753, 1, 4, '224000001'),
(754, 1, 5, '224000001'),
(755, 1, 6, '224000001'),
(756, 1, 7, '224000001'),
(757, 1, 8, '224000001'),
(758, 1, 9, '224000001'),
(759, 1, 10, '224000001'),
(760, 1, 11, '224000001'),
(761, 1, 12, '224000001'),
(762, 1, 13, '224000001'),
(763, 1, 14, '224000001'),
(764, 1, 15, '224000001'),
(765, 1, 16, '224000001'),
(766, 1, 17, '224000001'),
(767, 1, 18, '224000001'),
(768, 1, 19, '224000001'),
(769, 1, 20, '224000001'),
(770, 1, 21, '224000001'),
(771, 1, 22, '224000001'),
(772, 1, 23, '224000001'),
(773, 1, 24, '224000001'),
(774, 1, 25, '224000001'),
(775, 1, 26, '224000001'),
(776, 1, 27, '224000001'),
(777, 1, 28, '224000001'),
(778, 1, 29, '224000001'),
(779, 1, 30, '224000001'),
(780, 1, 31, '224000001'),
(781, 1, 32, '224000001'),
(782, 1, 33, '224000001'),
(783, 1, 34, '224000001'),
(784, 1, 35, '224000001'),
(785, 1, 36, '224000001'),
(786, 1, 37, '224000001'),
(787, 1, 38, '224000001'),
(788, 1, 39, '224000001'),
(789, 1, 40, '224000001'),
(790, 1, 41, '224000001'),
(791, 1, 42, '224000001'),
(792, 1, 43, '224000001'),
(793, 1, 44, '224000001'),
(794, 1, 45, '224000001'),
(795, 1, 46, '224000001'),
(796, 1, 47, '224000001'),
(797, 1, 48, '224000001'),
(798, 1, 49, '224000001'),
(799, 1, 50, '224000001'),
(800, 1, 51, '224000001'),
(801, 1, 52, '224000001'),
(802, 1, 53, '224000001'),
(803, 1, 54, '224000001'),
(804, 1, 55, '224000001'),
(805, 1, 56, '224000001'),
(806, 1, 57, '224000001'),
(807, 1, 58, '224000001'),
(808, 1, 59, '224000001'),
(809, 1, 60, '224000001'),
(811, 1, 62, '224000001'),
(812, 1, 63, '224000001'),
(813, 1, 64, '224000001'),
(814, 1, 65, '224000001'),
(815, 1, 66, '224000001'),
(816, 1, 67, '224000001'),
(817, 1, 68, '224000001'),
(818, 1, 69, '224000001'),
(819, 1, 70, '224000001'),
(820, 1, 71, '224000001'),
(821, 1, 72, '224000001'),
(822, 1, 73, '224000001'),
(823, 1, 74, '224000001'),
(824, 1, 75, '224000001'),
(825, 1, 76, '224000001'),
(826, 1, 77, '224000001'),
(827, 1, 78, '224000001'),
(828, 1, 79, '224000001'),
(829, 1, 80, '224000001'),
(830, 1, 81, '224000001'),
(831, 1, 82, '224000001'),
(832, 1, 83, '224000001'),
(833, 1, 84, '224000001'),
(834, 1, 85, '224000001'),
(835, 1, 86, '224000001'),
(836, 1, 87, '224000001'),
(837, 1, 88, '224000001'),
(838, 1, 89, '224000001'),
(839, 1, 90, '224000001'),
(840, 1, 91, '224000001'),
(841, 1, 92, '224000001'),
(842, 1, 93, '224000001'),
(843, 1, 94, '224000001'),
(844, 1, 95, '224000001'),
(845, 1, 96, '224000001'),
(846, 1, 97, '224000001'),
(847, 1, 98, '224000001'),
(848, 1, 99, '224000001'),
(849, 1, 100, '224000001'),
(850, 1, 1, '224000002'),
(851, 1, 2, '224000002'),
(852, 1, 3, '224000002'),
(853, 1, 4, '224000002'),
(854, 1, 5, '224000002'),
(855, 1, 6, '224000002'),
(856, 1, 7, '224000002'),
(857, 1, 8, '224000002'),
(858, 1, 9, '224000002'),
(859, 1, 10, '224000002'),
(860, 1, 11, '224000002'),
(861, 1, 12, '224000002'),
(862, 1, 13, '224000002'),
(863, 1, 14, '224000002'),
(864, 1, 15, '224000002'),
(865, 1, 16, '224000002'),
(866, 1, 17, '224000002'),
(867, 1, 18, '224000002'),
(868, 1, 19, '224000002'),
(869, 1, 20, '224000002'),
(870, 1, 21, '224000002'),
(871, 1, 22, '224000002'),
(872, 1, 23, '224000002'),
(873, 1, 24, '224000002'),
(874, 1, 25, '224000002'),
(875, 1, 26, '224000002'),
(876, 1, 27, '224000002'),
(877, 1, 28, '224000002'),
(878, 1, 29, '224000002'),
(879, 1, 30, '224000002'),
(880, 1, 31, '224000002'),
(881, 1, 32, '224000002'),
(882, 1, 33, '224000002'),
(883, 1, 34, '224000002'),
(884, 1, 35, '224000002'),
(885, 1, 36, '224000002'),
(886, 1, 37, '224000002'),
(887, 1, 38, '224000002'),
(888, 1, 39, '224000002'),
(889, 1, 40, '224000002'),
(890, 1, 41, '224000002'),
(891, 1, 42, '224000002'),
(892, 1, 43, '224000002'),
(893, 1, 44, '224000002'),
(894, 1, 45, '224000002'),
(895, 1, 46, '224000002'),
(896, 1, 47, '224000002'),
(897, 1, 48, '224000002'),
(898, 1, 49, '224000002'),
(899, 1, 50, '224000002'),
(900, 1, 51, '224000002'),
(901, 1, 52, '224000002'),
(902, 1, 53, '224000002'),
(903, 1, 54, '224000002'),
(904, 1, 55, '224000002'),
(905, 1, 56, '224000002'),
(906, 1, 57, '224000002'),
(907, 1, 58, '224000002'),
(908, 1, 59, '224000002'),
(909, 1, 60, '224000002'),
(910, 1, 61, '224000002'),
(911, 1, 62, '224000002'),
(912, 1, 63, '224000002'),
(913, 1, 64, '224000002'),
(914, 1, 65, '224000002'),
(915, 1, 66, '224000002'),
(916, 1, 67, '224000002'),
(917, 1, 68, '224000002'),
(918, 1, 69, '224000002'),
(919, 1, 70, '224000002'),
(920, 1, 71, '224000002'),
(921, 1, 72, '224000002'),
(922, 1, 73, '224000002'),
(923, 1, 74, '224000002'),
(924, 1, 75, '224000002'),
(925, 1, 76, '224000002'),
(926, 1, 77, '224000002'),
(927, 1, 78, '224000002'),
(928, 1, 79, '224000002'),
(929, 1, 80, '224000002'),
(930, 1, 81, '224000002'),
(931, 1, 82, '224000002'),
(932, 1, 83, '224000002'),
(933, 1, 84, '224000002'),
(934, 1, 85, '224000002'),
(935, 1, 86, '224000002'),
(936, 1, 87, '224000002'),
(937, 1, 88, '224000002'),
(938, 1, 89, '224000002'),
(939, 1, 90, '224000002'),
(940, 1, 91, '224000002'),
(941, 1, 92, '224000002'),
(942, 1, 93, '224000002'),
(943, 1, 94, '224000002'),
(944, 1, 95, '224000002'),
(945, 1, 96, '224000002'),
(946, 1, 97, '224000002'),
(947, 1, 98, '224000002'),
(948, 1, 99, '224000002'),
(949, 1, 100, '224000002'),
(950, 1, 1, '224000003'),
(951, 1, 2, '224000003'),
(952, 1, 3, '224000003'),
(953, 1, 4, '224000003'),
(954, 1, 5, '224000003'),
(955, 1, 6, '224000003'),
(956, 1, 7, '224000003'),
(957, 1, 8, '224000003'),
(958, 1, 9, '224000003'),
(959, 1, 10, '224000003'),
(960, 1, 11, '224000003'),
(961, 1, 12, '224000003'),
(962, 1, 13, '224000003'),
(963, 1, 14, '224000003'),
(964, 1, 15, '224000003'),
(965, 1, 16, '224000003'),
(966, 1, 17, '224000003'),
(967, 1, 18, '224000003'),
(968, 1, 19, '224000003'),
(969, 1, 20, '224000003'),
(970, 1, 21, '224000003'),
(971, 1, 22, '224000003'),
(972, 1, 23, '224000003'),
(973, 1, 24, '224000003'),
(974, 1, 25, '224000003'),
(975, 1, 26, '224000003'),
(976, 1, 27, '224000003'),
(977, 1, 28, '224000003'),
(978, 1, 29, '224000003'),
(979, 1, 30, '224000003'),
(980, 1, 31, '224000003'),
(981, 1, 32, '224000003'),
(982, 1, 33, '224000003'),
(983, 1, 34, '224000003'),
(984, 1, 35, '224000003'),
(985, 1, 36, '224000003'),
(986, 1, 37, '224000003'),
(987, 1, 38, '224000003'),
(988, 1, 39, '224000003'),
(989, 1, 40, '224000003'),
(990, 1, 41, '224000003'),
(991, 1, 42, '224000003'),
(992, 1, 43, '224000003'),
(993, 1, 44, '224000003'),
(994, 1, 45, '224000003'),
(995, 1, 46, '224000003'),
(996, 1, 47, '224000003'),
(997, 1, 48, '224000003'),
(998, 1, 49, '224000003'),
(999, 1, 50, '224000003'),
(1000, 1, 51, '224000003'),
(1001, 1, 52, '224000003'),
(1002, 1, 53, '224000003'),
(1003, 1, 54, '224000003'),
(1004, 1, 55, '224000003'),
(1005, 1, 56, '224000003'),
(1006, 1, 57, '224000003'),
(1007, 1, 58, '224000003'),
(1008, 1, 59, '224000003'),
(1009, 1, 60, '224000003'),
(1010, 1, 61, '224000003'),
(1011, 1, 62, '224000003'),
(1012, 1, 63, '224000003'),
(1013, 1, 64, '224000003'),
(1014, 1, 65, '224000003'),
(1015, 1, 66, '224000003'),
(1016, 1, 67, '224000003'),
(1017, 1, 68, '224000003'),
(1018, 1, 69, '224000003'),
(1019, 1, 70, '224000003'),
(1020, 1, 71, '224000003'),
(1021, 1, 72, '224000003'),
(1022, 1, 73, '224000003'),
(1023, 1, 74, '224000003'),
(1024, 1, 75, '224000003'),
(1025, 1, 76, '224000003'),
(1026, 1, 77, '224000003'),
(1027, 1, 78, '224000003'),
(1028, 1, 79, '224000003'),
(1029, 1, 80, '224000003'),
(1030, 1, 81, '224000003'),
(1031, 1, 82, '224000003'),
(1032, 1, 83, '224000003'),
(1033, 1, 84, '224000003'),
(1034, 1, 85, '224000003'),
(1035, 1, 86, '224000003'),
(1036, 1, 87, '224000003'),
(1037, 1, 88, '224000003'),
(1038, 1, 89, '224000003'),
(1039, 1, 90, '224000003'),
(1040, 1, 91, '224000003'),
(1041, 1, 92, '224000003'),
(1042, 1, 93, '224000003'),
(1043, 1, 94, '224000003'),
(1044, 1, 95, '224000003'),
(1045, 1, 96, '224000003'),
(1046, 1, 97, '224000003'),
(1047, 1, 98, '224000003'),
(1048, 1, 99, '224000003'),
(1049, 1, 100, '224000003'),
(1050, 1, 1, '224000004'),
(1051, 1, 2, '224000004'),
(1052, 1, 3, '224000004'),
(1053, 1, 4, '224000004'),
(1054, 1, 5, '224000004'),
(1055, 1, 6, '224000004'),
(1056, 1, 7, '224000004'),
(1057, 1, 8, '224000004'),
(1058, 1, 9, '224000004'),
(1059, 1, 10, '224000004'),
(1060, 1, 11, '224000004'),
(1061, 1, 12, '224000004'),
(1062, 1, 13, '224000004'),
(1063, 1, 14, '224000004'),
(1064, 1, 15, '224000004'),
(1065, 1, 16, '224000004'),
(1066, 1, 17, '224000004'),
(1067, 1, 18, '224000004'),
(1068, 1, 19, '224000004'),
(1069, 1, 20, '224000004'),
(1070, 1, 21, '224000004'),
(1071, 1, 22, '224000004'),
(1072, 1, 23, '224000004'),
(1073, 1, 24, '224000004'),
(1074, 1, 25, '224000004'),
(1075, 1, 26, '224000004'),
(1076, 1, 27, '224000004'),
(1077, 1, 28, '224000004'),
(1078, 1, 29, '224000004'),
(1079, 1, 30, '224000004'),
(1080, 1, 31, '224000004'),
(1081, 1, 32, '224000004'),
(1082, 1, 33, '224000004'),
(1083, 1, 34, '224000004'),
(1084, 1, 35, '224000004'),
(1085, 1, 36, '224000004'),
(1086, 1, 37, '224000004'),
(1087, 1, 38, '224000004'),
(1088, 1, 39, '224000004'),
(1089, 1, 40, '224000004'),
(1090, 1, 41, '224000004'),
(1091, 1, 42, '224000004'),
(1092, 1, 43, '224000004'),
(1093, 1, 44, '224000004'),
(1094, 1, 45, '224000004'),
(1095, 1, 46, '224000004'),
(1096, 1, 47, '224000004'),
(1097, 1, 48, '224000004'),
(1098, 1, 49, '224000004'),
(1099, 1, 50, '224000004'),
(1100, 1, 51, '224000004'),
(1101, 1, 52, '224000004'),
(1102, 1, 53, '224000004'),
(1103, 1, 54, '224000004'),
(1104, 1, 55, '224000004'),
(1105, 1, 56, '224000004'),
(1106, 1, 57, '224000004'),
(1107, 1, 58, '224000004'),
(1108, 1, 59, '224000004'),
(1109, 1, 60, '224000004'),
(1110, 1, 61, '224000004'),
(1111, 1, 62, '224000004'),
(1112, 1, 63, '224000004'),
(1113, 1, 64, '224000004'),
(1114, 1, 65, '224000004'),
(1115, 1, 66, '224000004'),
(1116, 1, 67, '224000004'),
(1117, 1, 68, '224000004'),
(1118, 1, 69, '224000004'),
(1119, 1, 70, '224000004'),
(1120, 1, 71, '224000004'),
(1121, 1, 72, '224000004'),
(1122, 1, 73, '224000004'),
(1123, 1, 74, '224000004'),
(1124, 1, 75, '224000004'),
(1125, 1, 76, '224000004'),
(1126, 1, 77, '224000004'),
(1127, 1, 78, '224000004'),
(1128, 1, 79, '224000004'),
(1129, 1, 80, '224000004'),
(1130, 1, 81, '224000004'),
(1131, 1, 82, '224000004'),
(1132, 1, 83, '224000004'),
(1133, 1, 84, '224000004'),
(1134, 1, 85, '224000004'),
(1135, 1, 86, '224000004'),
(1136, 1, 87, '224000004'),
(1137, 1, 88, '224000004'),
(1138, 1, 89, '224000004'),
(1139, 1, 90, '224000004'),
(1140, 1, 91, '224000004'),
(1141, 1, 92, '224000004'),
(1142, 1, 93, '224000004'),
(1143, 1, 94, '224000004'),
(1144, 1, 95, '224000004'),
(1145, 1, 96, '224000004'),
(1146, 1, 97, '224000004'),
(1147, 1, 98, '224000004'),
(1148, 1, 99, '224000004'),
(1149, 1, 100, '224000004'),
(1150, 1, 1, '224000005'),
(1151, 1, 2, '224000005'),
(1152, 1, 3, '224000005'),
(1153, 1, 4, '224000005'),
(1154, 1, 5, '224000005'),
(1155, 1, 6, '224000005'),
(1156, 1, 7, '224000005'),
(1157, 1, 8, '224000005'),
(1158, 1, 9, '224000005'),
(1159, 1, 10, '224000005'),
(1160, 1, 11, '224000005'),
(1161, 1, 12, '224000005'),
(1162, 1, 13, '224000005'),
(1163, 1, 14, '224000005'),
(1164, 1, 15, '224000005'),
(1165, 1, 16, '224000005'),
(1166, 1, 17, '224000005'),
(1167, 1, 18, '224000005'),
(1168, 1, 19, '224000005'),
(1169, 1, 20, '224000005'),
(1170, 1, 21, '224000005'),
(1171, 1, 22, '224000005'),
(1172, 1, 23, '224000005'),
(1173, 1, 24, '224000005'),
(1174, 1, 25, '224000005'),
(1175, 1, 26, '224000005'),
(1176, 1, 27, '224000005'),
(1177, 1, 28, '224000005'),
(1178, 1, 29, '224000005'),
(1179, 1, 30, '224000005'),
(1180, 1, 31, '224000005'),
(1181, 1, 32, '224000005'),
(1182, 1, 33, '224000005'),
(1183, 1, 34, '224000005'),
(1184, 1, 35, '224000005'),
(1185, 1, 36, '224000005'),
(1186, 1, 37, '224000005'),
(1187, 1, 38, '224000005'),
(1188, 1, 39, '224000005'),
(1189, 1, 40, '224000005'),
(1190, 1, 41, '224000005'),
(1191, 1, 42, '224000005'),
(1192, 1, 43, '224000005'),
(1193, 1, 44, '224000005'),
(1194, 1, 45, '224000005'),
(1195, 1, 46, '224000005'),
(1196, 1, 47, '224000005'),
(1197, 1, 48, '224000005'),
(1198, 1, 49, '224000005'),
(1199, 1, 50, '224000005'),
(1200, 1, 51, '224000005'),
(1201, 1, 52, '224000005'),
(1202, 1, 53, '224000005'),
(1203, 1, 54, '224000005'),
(1204, 1, 55, '224000005'),
(1205, 1, 56, '224000005'),
(1206, 1, 57, '224000005'),
(1207, 1, 58, '224000005'),
(1208, 1, 59, '224000005'),
(1209, 1, 60, '224000005'),
(1210, 1, 61, '224000005'),
(1211, 1, 62, '224000005'),
(1212, 1, 63, '224000005'),
(1213, 1, 64, '224000005'),
(1214, 1, 65, '224000005'),
(1215, 1, 66, '224000005'),
(1216, 1, 67, '224000005'),
(1217, 1, 68, '224000005'),
(1218, 1, 69, '224000005'),
(1219, 1, 70, '224000005'),
(1220, 1, 71, '224000005'),
(1221, 1, 72, '224000005'),
(1222, 1, 73, '224000005'),
(1223, 1, 74, '224000005'),
(1224, 1, 75, '224000005'),
(1225, 1, 76, '224000005'),
(1226, 1, 77, '224000005'),
(1227, 1, 78, '224000005'),
(1228, 1, 79, '224000005'),
(1229, 1, 80, '224000005'),
(1230, 1, 81, '224000005'),
(1231, 1, 82, '224000005'),
(1232, 1, 83, '224000005'),
(1233, 1, 84, '224000005'),
(1234, 1, 85, '224000005'),
(1235, 1, 86, '224000005'),
(1236, 1, 87, '224000005'),
(1237, 1, 88, '224000005'),
(1238, 1, 89, '224000005'),
(1239, 1, 90, '224000005'),
(1240, 1, 91, '224000005'),
(1241, 1, 92, '224000005'),
(1242, 1, 93, '224000005'),
(1243, 1, 94, '224000005'),
(1244, 1, 95, '224000005'),
(1245, 1, 96, '224000005'),
(1246, 1, 97, '224000005'),
(1247, 1, 98, '224000005'),
(1248, 1, 99, '224000005'),
(1249, 1, 100, '224000005'),
(1250, 1, 1, '224000006'),
(1251, 1, 2, '224000006'),
(1252, 1, 3, '224000006'),
(1253, 1, 4, '224000006'),
(1254, 1, 5, '224000006'),
(1255, 1, 6, '224000006'),
(1256, 1, 7, '224000006'),
(1257, 1, 8, '224000006'),
(1258, 1, 9, '224000006'),
(1259, 1, 10, '224000006'),
(1260, 1, 11, '224000006'),
(1261, 1, 12, '224000006'),
(1262, 1, 13, '224000006'),
(1263, 1, 14, '224000006'),
(1264, 1, 15, '224000006'),
(1265, 1, 16, '224000006'),
(1266, 1, 17, '224000006'),
(1267, 1, 18, '224000006'),
(1268, 1, 19, '224000006'),
(1269, 1, 20, '224000006'),
(1270, 1, 21, '224000006'),
(1271, 1, 22, '224000006'),
(1272, 1, 23, '224000006'),
(1273, 1, 24, '224000006'),
(1274, 1, 25, '224000006'),
(1275, 1, 26, '224000006'),
(1276, 1, 27, '224000006'),
(1277, 1, 28, '224000006'),
(1278, 1, 29, '224000006'),
(1279, 1, 30, '224000006'),
(1280, 1, 31, '224000006'),
(1281, 1, 32, '224000006'),
(1282, 1, 33, '224000006'),
(1283, 1, 34, '224000006'),
(1284, 1, 35, '224000006'),
(1285, 1, 36, '224000006'),
(1286, 1, 37, '224000006'),
(1287, 1, 38, '224000006'),
(1288, 1, 39, '224000006'),
(1289, 1, 40, '224000006'),
(1290, 1, 41, '224000006'),
(1291, 1, 42, '224000006'),
(1292, 1, 43, '224000006'),
(1293, 1, 44, '224000006'),
(1294, 1, 45, '224000006'),
(1295, 1, 46, '224000006'),
(1296, 1, 47, '224000006'),
(1297, 1, 48, '224000006'),
(1298, 1, 49, '224000006'),
(1299, 1, 50, '224000006'),
(1300, 1, 51, '224000006'),
(1301, 1, 52, '224000006'),
(1302, 1, 53, '224000006'),
(1303, 1, 54, '224000006'),
(1304, 1, 55, '224000006'),
(1305, 1, 56, '224000006'),
(1306, 1, 57, '224000006'),
(1307, 1, 58, '224000006'),
(1308, 1, 59, '224000006'),
(1309, 1, 60, '224000006'),
(1310, 1, 61, '224000006'),
(1311, 1, 62, '224000006'),
(1312, 1, 63, '224000006'),
(1313, 1, 64, '224000006'),
(1314, 1, 65, '224000006'),
(1315, 1, 66, '224000006'),
(1316, 1, 67, '224000006'),
(1317, 1, 68, '224000006'),
(1318, 1, 69, '224000006'),
(1319, 1, 70, '224000006'),
(1320, 1, 71, '224000006'),
(1321, 1, 72, '224000006'),
(1322, 1, 73, '224000006'),
(1323, 1, 74, '224000006'),
(1324, 1, 75, '224000006'),
(1325, 1, 76, '224000006'),
(1326, 1, 77, '224000006'),
(1327, 1, 78, '224000006'),
(1328, 1, 79, '224000006'),
(1329, 1, 80, '224000006'),
(1330, 1, 81, '224000006'),
(1331, 1, 82, '224000006'),
(1332, 1, 83, '224000006'),
(1333, 1, 84, '224000006'),
(1334, 1, 85, '224000006'),
(1335, 1, 86, '224000006'),
(1336, 1, 87, '224000006'),
(1337, 1, 88, '224000006'),
(1338, 1, 89, '224000006'),
(1339, 1, 90, '224000006'),
(1340, 1, 91, '224000006'),
(1341, 1, 92, '224000006'),
(1342, 1, 93, '224000006'),
(1343, 1, 94, '224000006'),
(1344, 1, 95, '224000006'),
(1345, 1, 96, '224000006'),
(1346, 1, 97, '224000006'),
(1347, 1, 98, '224000006'),
(1348, 1, 99, '224000006'),
(1349, 1, 100, '224000006'),
(1350, 1, 1, '12012025'),
(1351, 1, 2, '12012025'),
(1352, 1, 3, '12012025'),
(1353, 1, 4, '12012025'),
(1354, 1, 5, '12012025'),
(1355, 1, 6, '12012025'),
(1356, 1, 7, '12012025'),
(1357, 1, 8, '12012025'),
(1358, 1, 9, '12012025'),
(1359, 1, 10, '12012025'),
(1360, 1, 11, '12012025'),
(1361, 1, 12, '12012025'),
(1362, 1, 13, '12012025'),
(1363, 1, 14, '12012025'),
(1364, 1, 15, '12012025'),
(1365, 1, 16, '12012025'),
(1366, 1, 17, '12012025'),
(1367, 1, 18, '12012025'),
(1368, 1, 19, '12012025'),
(1369, 1, 20, '12012025'),
(1370, 1, 21, '12012025'),
(1371, 1, 22, '12012025'),
(1372, 1, 23, '12012025'),
(1373, 1, 24, '12012025'),
(1374, 1, 25, '12012025'),
(1375, 1, 26, '12012025'),
(1376, 1, 27, '12012025'),
(1377, 1, 28, '12012025'),
(1378, 1, 29, '12012025'),
(1379, 1, 30, '12012025'),
(1380, 1, 31, '12012025'),
(1381, 1, 32, '12012025'),
(1382, 1, 33, '12012025'),
(1383, 1, 34, '12012025'),
(1384, 1, 35, '12012025'),
(1385, 1, 36, '12012025'),
(1386, 1, 37, '12012025'),
(1387, 1, 38, '12012025'),
(1388, 1, 39, '12012025'),
(1389, 1, 40, '12012025'),
(1390, 1, 41, '12012025'),
(1391, 1, 42, '12012025'),
(1392, 1, 43, '12012025'),
(1393, 1, 44, '12012025'),
(1394, 1, 45, '12012025'),
(1395, 1, 46, '12012025'),
(1396, 1, 47, '12012025'),
(1397, 1, 48, '12012025'),
(1398, 1, 49, '12012025'),
(1399, 1, 50, '12012025'),
(1400, 1, 51, '12012025'),
(1401, 1, 52, '12012025'),
(1402, 1, 53, '12012025'),
(1403, 1, 54, '12012025'),
(1404, 1, 55, '12012025'),
(1405, 1, 56, '12012025'),
(1406, 1, 57, '12012025'),
(1407, 1, 58, '12012025'),
(1408, 1, 59, '12012025'),
(1409, 1, 60, '12012025'),
(1410, 1, 61, '12012025'),
(1411, 1, 62, '12012025'),
(1412, 1, 63, '12012025'),
(1413, 1, 64, '12012025'),
(1414, 1, 65, '12012025'),
(1415, 1, 66, '12012025'),
(1416, 1, 67, '12012025'),
(1417, 1, 68, '12012025'),
(1418, 1, 69, '12012025'),
(1419, 1, 70, '12012025'),
(1420, 1, 71, '12012025'),
(1421, 1, 72, '12012025'),
(1422, 1, 73, '12012025'),
(1423, 1, 74, '12012025'),
(1424, 1, 75, '12012025'),
(1425, 1, 76, '12012025'),
(1426, 1, 77, '12012025'),
(1427, 1, 78, '12012025'),
(1428, 1, 79, '12012025'),
(1429, 1, 80, '12012025'),
(1430, 1, 81, '12012025'),
(1431, 1, 82, '12012025'),
(1432, 1, 83, '12012025'),
(1433, 1, 84, '12012025'),
(1434, 1, 85, '12012025'),
(1435, 1, 86, '12012025'),
(1436, 1, 87, '12012025'),
(1437, 1, 88, '12012025'),
(1438, 1, 89, '12012025'),
(1439, 1, 90, '12012025'),
(1440, 1, 91, '12012025'),
(1441, 1, 92, '12012025'),
(1442, 1, 93, '12012025'),
(1443, 1, 94, '12012025'),
(1444, 1, 95, '12012025'),
(1445, 1, 96, '12012025'),
(1446, 1, 97, '12012025'),
(1447, 1, 98, '12012025'),
(1448, 1, 99, '12012025'),
(1449, 1, 100, '12012025'),
(1450, 1, 1, '224000007'),
(1451, 1, 2, '224000007'),
(1452, 1, 3, '224000007'),
(1453, 1, 4, '224000007'),
(1454, 1, 5, '224000007'),
(1455, 1, 6, '224000007'),
(1456, 1, 7, '224000007'),
(1457, 1, 8, '224000007'),
(1458, 1, 9, '224000007'),
(1459, 1, 10, '224000007'),
(1460, 1, 11, '224000007'),
(1461, 1, 12, '224000007'),
(1462, 1, 13, '224000007'),
(1463, 1, 14, '224000007'),
(1464, 1, 15, '224000007'),
(1465, 1, 16, '224000007'),
(1466, 1, 17, '224000007'),
(1467, 1, 18, '224000007'),
(1468, 1, 19, '224000007'),
(1469, 1, 20, '224000007'),
(1470, 1, 21, '224000007'),
(1471, 1, 22, '224000007'),
(1472, 1, 23, '224000007'),
(1473, 1, 24, '224000007'),
(1474, 1, 25, '224000007'),
(1475, 1, 26, '224000007'),
(1476, 1, 27, '224000007'),
(1477, 1, 28, '224000007'),
(1478, 1, 29, '224000007'),
(1479, 1, 30, '224000007'),
(1480, 1, 31, '224000007'),
(1481, 1, 32, '224000007'),
(1482, 1, 33, '224000007'),
(1483, 1, 34, '224000007'),
(1484, 1, 35, '224000007'),
(1485, 1, 36, '224000007'),
(1486, 1, 37, '224000007'),
(1487, 1, 38, '224000007'),
(1488, 1, 39, '224000007'),
(1489, 1, 40, '224000007'),
(1490, 1, 41, '224000007'),
(1491, 1, 42, '224000007'),
(1492, 1, 43, '224000007'),
(1493, 1, 44, '224000007'),
(1494, 1, 45, '224000007'),
(1495, 1, 46, '224000007'),
(1496, 1, 47, '224000007'),
(1497, 1, 48, '224000007'),
(1498, 1, 49, '224000007'),
(1499, 1, 50, '224000007'),
(1500, 1, 51, '224000007'),
(1501, 1, 52, '224000007'),
(1502, 1, 53, '224000007'),
(1503, 1, 54, '224000007'),
(1504, 1, 55, '224000007'),
(1505, 1, 56, '224000007'),
(1506, 1, 57, '224000007'),
(1507, 1, 58, '224000007'),
(1508, 1, 59, '224000007'),
(1509, 1, 60, '224000007'),
(1510, 1, 61, '224000007'),
(1511, 1, 62, '224000007'),
(1512, 1, 63, '224000007'),
(1513, 1, 64, '224000007'),
(1514, 1, 65, '224000007'),
(1515, 1, 66, '224000007'),
(1516, 1, 67, '224000007'),
(1517, 1, 68, '224000007'),
(1518, 1, 69, '224000007'),
(1519, 1, 70, '224000007'),
(1520, 1, 71, '224000007'),
(1521, 1, 72, '224000007'),
(1522, 1, 73, '224000007'),
(1523, 1, 74, '224000007'),
(1524, 1, 75, '224000007'),
(1525, 1, 76, '224000007'),
(1526, 1, 77, '224000007'),
(1527, 1, 78, '224000007'),
(1528, 1, 79, '224000007'),
(1529, 1, 80, '224000007'),
(1530, 1, 81, '224000007'),
(1531, 1, 82, '224000007'),
(1532, 1, 83, '224000007'),
(1533, 1, 84, '224000007'),
(1534, 1, 85, '224000007'),
(1535, 1, 86, '224000007'),
(1536, 1, 87, '224000007'),
(1537, 1, 88, '224000007'),
(1538, 1, 89, '224000007'),
(1539, 1, 90, '224000007'),
(1540, 1, 91, '224000007'),
(1541, 1, 92, '224000007'),
(1542, 1, 93, '224000007'),
(1543, 1, 94, '224000007'),
(1544, 1, 95, '224000007'),
(1545, 1, 96, '224000007'),
(1546, 1, 97, '224000007'),
(1547, 1, 98, '224000007'),
(1548, 1, 99, '224000007'),
(1549, 1, 100, '224000007'),
(1550, 1, 103, '224-06342M'),
(1551, 1, 106, '224000001'),
(1552, 1, 105, '224000001'),
(1553, 1, 104, '224000001'),
(1554, 1, 103, '224000001'),
(1555, 1, 102, '224000001'),
(1556, 1, 101, '224000001'),
(1557, 1, 106, '224000002'),
(1558, 1, 105, '224000002'),
(1559, 1, 104, '224000002'),
(1560, 1, 103, '224000002'),
(1561, 1, 102, '224000002'),
(1562, 1, 101, '224000002'),
(1563, 1, 106, '224000003'),
(1564, 1, 105, '224000003'),
(1565, 1, 104, '224000003'),
(1566, 1, 103, '224000003'),
(1567, 1, 102, '224000003'),
(1568, 1, 101, '224000003'),
(1569, 1, 106, '224000004'),
(1570, 1, 105, '224000004'),
(1571, 1, 104, '224000004'),
(1572, 1, 103, '224000004'),
(1573, 1, 102, '224000004'),
(1574, 1, 101, '224000004'),
(1575, 1, 106, '224000005'),
(1576, 1, 105, '224000005'),
(1577, 1, 104, '224000005'),
(1578, 1, 103, '224000005'),
(1579, 1, 102, '224000005'),
(1580, 1, 101, '224000005'),
(1581, 1, 101, '224000006'),
(1582, 1, 102, '224000006'),
(1583, 1, 103, '224000006'),
(1584, 1, 104, '224000006'),
(1585, 1, 105, '224000006'),
(1588, 1, 106, '22400001'),
(1589, 1, 106, '224000006'),
(1591, 1, 61, '224000001'),
(1592, 1, 106, '224-06342m'),
(1593, 1, 105, '224-06342m'),
(1594, 1, 104, '224-06342m'),
(1596, 1, 106, '224000007'),
(1597, 1, 105, '224000007'),
(1598, 1, 104, '224000007'),
(1599, 1, 103, '224000007'),
(1600, 1, 102, '224000007'),
(1601, 1, 101, '224000007'),
(1602, 1, 102, '224-06342M'),
(1603, 1, 1, '224-08543M'),
(1604, 1, 2, '224-08543M'),
(1605, 1, 3, '224-08543M'),
(1606, 1, 4, '224-08543M'),
(1607, 1, 5, '224-08543M'),
(1608, 1, 6, '224-08543M'),
(1609, 1, 7, '224-08543M'),
(1610, 1, 8, '224-08543M'),
(1611, 1, 9, '224-08543M'),
(1612, 1, 10, '224-08543M'),
(1613, 1, 11, '224-08543M'),
(1614, 1, 12, '224-08543M'),
(1615, 1, 13, '224-08543M'),
(1616, 1, 14, '224-08543M'),
(1617, 1, 15, '224-08543M'),
(1618, 1, 16, '224-08543M'),
(1619, 1, 17, '224-08543M'),
(1620, 1, 18, '224-08543M'),
(1621, 1, 19, '224-08543M'),
(1622, 1, 20, '224-08543M'),
(1623, 1, 21, '224-08543M'),
(1624, 1, 22, '224-08543M'),
(1625, 1, 23, '224-08543M'),
(1626, 1, 24, '224-08543M'),
(1627, 1, 25, '224-08543M'),
(1628, 1, 26, '224-08543M'),
(1629, 1, 27, '224-08543M'),
(1630, 1, 28, '224-08543M'),
(1631, 1, 29, '224-08543M'),
(1632, 1, 30, '224-08543M'),
(1633, 1, 31, '224-08543M'),
(1634, 1, 32, '224-08543M'),
(1635, 1, 33, '224-08543M'),
(1636, 1, 34, '224-08543M'),
(1637, 1, 35, '224-08543M'),
(1638, 1, 36, '224-08543M'),
(1639, 1, 37, '224-08543M'),
(1640, 1, 38, '224-08543M'),
(1641, 1, 39, '224-08543M'),
(1642, 1, 40, '224-08543M'),
(1643, 1, 41, '224-08543M'),
(1644, 1, 42, '224-08543M'),
(1645, 1, 43, '224-08543M'),
(1646, 1, 44, '224-08543M'),
(1647, 1, 45, '224-08543M'),
(1648, 1, 46, '224-08543M'),
(1649, 1, 47, '224-08543M'),
(1650, 1, 48, '224-08543M'),
(1651, 1, 49, '224-08543M'),
(1652, 1, 50, '224-08543M'),
(1653, 1, 51, '224-08543M'),
(1654, 1, 52, '224-08543M'),
(1655, 1, 53, '224-08543M'),
(1656, 1, 54, '224-08543M'),
(1657, 1, 55, '224-08543M'),
(1658, 1, 56, '224-08543M'),
(1659, 1, 57, '224-08543M'),
(1660, 1, 58, '224-08543M'),
(1661, 1, 59, '224-08543M'),
(1662, 1, 60, '224-08543M'),
(1663, 1, 61, '224-08543M'),
(1664, 1, 62, '224-08543M'),
(1665, 1, 63, '224-08543M'),
(1666, 1, 64, '224-08543M'),
(1667, 1, 65, '224-08543M'),
(1668, 1, 66, '224-08543M'),
(1669, 1, 67, '224-08543M'),
(1670, 1, 68, '224-08543M'),
(1671, 1, 69, '224-08543M'),
(1672, 1, 70, '224-08543M'),
(1673, 1, 71, '224-08543M'),
(1674, 1, 72, '224-08543M'),
(1675, 1, 73, '224-08543M'),
(1676, 1, 74, '224-08543M'),
(1677, 1, 75, '224-08543M'),
(1678, 1, 76, '224-08543M'),
(1679, 1, 77, '224-08543M'),
(1680, 1, 78, '224-08543M'),
(1681, 1, 79, '224-08543M'),
(1682, 1, 80, '224-08543M'),
(1683, 1, 81, '224-08543M'),
(1684, 1, 82, '224-08543M'),
(1685, 1, 83, '224-08543M'),
(1686, 1, 84, '224-08543M'),
(1687, 1, 85, '224-08543M'),
(1688, 1, 86, '224-08543M'),
(1689, 1, 87, '224-08543M'),
(1690, 1, 88, '224-08543M'),
(1691, 1, 89, '224-08543M'),
(1692, 1, 90, '224-08543M'),
(1693, 1, 91, '224-08543M'),
(1694, 1, 92, '224-08543M'),
(1695, 1, 93, '224-08543M'),
(1696, 1, 94, '224-08543M'),
(1697, 1, 95, '224-08543M'),
(1698, 1, 96, '224-08543M'),
(1699, 1, 97, '224-08543M'),
(1700, 1, 98, '224-08543M'),
(1701, 1, 99, '224-08543M'),
(1702, 1, 100, '224-08543M'),
(1703, 1, 106, '224-08543M'),
(1704, 1, 105, '224-08543M'),
(1705, 1, 104, '224-08543M'),
(1706, 1, 103, '224-08543M'),
(1707, 1, 102, '224-08543M'),
(1708, 1, 101, '224-08543M'),
(1709, 1, 80, '224-08543M'),
(1710, 1, 104, '224-08543M'),
(1711, 1, 38, '224-08543M'),
(1712, 1, 39, '224-08543M'),
(1713, 1, 40, '224-08543M'),
(1714, 1, 41, '224-08543M'),
(1715, 1, 42, '224-08543M'),
(1716, 1, 30, '224-08543M'),
(1717, 1, 56, '224-08543M'),
(1718, 1, 13, '224-08543M'),
(1719, 1, 50, '224-08543M'),
(1720, 1, 62, '224-08543M'),
(1721, 1, 96, '224-08543M'),
(1722, 1, 92, '224-08543M'),
(1723, 1, 59, '224-08543M'),
(1724, 1, 105, '224-08543M'),
(1725, 1, 15, '224-08543M'),
(1726, 1, 101, '224-08543M'),
(1727, 1, 80, '20251201'),
(1728, 1, 104, '20251201'),
(1729, 1, 38, '20251201'),
(1730, 1, 39, '20251201'),
(1731, 1, 40, '20251201'),
(1732, 1, 41, '20251201'),
(1733, 1, 42, '20251201'),
(1734, 1, 30, '20251201'),
(1735, 1, 56, '20251201'),
(1736, 1, 13, '20251201'),
(1737, 1, 50, '20251201'),
(1738, 1, 62, '20251201'),
(1739, 1, 96, '20251201'),
(1740, 1, 92, '20251201'),
(1741, 1, 59, '20251201'),
(1742, 1, 105, '20251201'),
(1743, 1, 15, '20251201'),
(1744, 1, 101, '20251201'),
(1745, 1, 106, '20251201'),
(1746, 1, 103, '20251201'),
(1747, 1, 102, '20251201'),
(1748, 1, 100, '20251201'),
(1749, 1, 99, '20251201'),
(1750, 1, 98, '20251201'),
(1751, 1, 85, '20251201'),
(1752, 1, 84, '20251201'),
(1753, 1, 97, '20251201'),
(1754, 1, 93, '20251201'),
(1755, 1, 94, '20251201'),
(1756, 1, 95, '20251201'),
(1757, 1, 81, '20251201'),
(1758, 1, 82, '20251201'),
(1759, 1, 83, '20251201'),
(1760, 1, 86, '20251201'),
(1761, 1, 87, '20251201'),
(1762, 1, 88, '20251201'),
(1763, 1, 89, '20251201'),
(1764, 1, 90, '20251201'),
(1765, 1, 91, '20251201'),
(1766, 1, 78, '20251201'),
(1767, 1, 79, '20251201'),
(1768, 1, 76, '20251201'),
(1769, 1, 77, '20251201'),
(1770, 1, 74, '20251201'),
(1771, 1, 75, '20251201'),
(1772, 1, 73, '20251201'),
(1773, 1, 72, '20251201'),
(1774, 1, 70, '20251201'),
(1775, 1, 71, '20251201'),
(1776, 1, 68, '20251201'),
(1777, 1, 69, '20251201'),
(1778, 1, 66, '20251201'),
(1779, 1, 67, '20251201'),
(1780, 1, 64, '20251201'),
(1781, 1, 65, '20251201'),
(1782, 1, 63, '20251201'),
(1783, 1, 60, '20251201'),
(1784, 1, 61, '20251201'),
(1785, 1, 58, '20251201'),
(1786, 1, 57, '20251201'),
(1787, 1, 54, '20251201'),
(1788, 1, 55, '20251201'),
(1789, 1, 52, '20251201'),
(1790, 1, 53, '20251201'),
(1791, 1, 51, '20251201'),
(1792, 1, 49, '20251201'),
(1793, 1, 47, '20251201'),
(1794, 1, 48, '20251201'),
(1795, 1, 45, '20251201'),
(1796, 1, 46, '20251201'),
(1797, 1, 43, '20251201'),
(1798, 1, 44, '20251201'),
(1799, 1, 37, '20251201'),
(1800, 1, 35, '20251201'),
(1801, 1, 36, '20251201'),
(1802, 1, 34, '20251201'),
(1803, 1, 33, '20251201'),
(1804, 1, 31, '20251201'),
(1805, 1, 32, '20251201'),
(1806, 1, 29, '20251201'),
(1807, 1, 27, '20251201'),
(1808, 1, 28, '20251201'),
(1809, 1, 26, '20251201'),
(1810, 1, 25, '20251201'),
(1811, 1, 24, '20251201'),
(1812, 1, 23, '20251201'),
(1813, 1, 22, '20251201'),
(1814, 1, 21, '20251201'),
(1815, 1, 20, '20251201'),
(1816, 1, 19, '20251201'),
(1817, 1, 18, '20251201'),
(1818, 1, 17, '20251201'),
(1819, 1, 16, '20251201'),
(1820, 1, 14, '20251201'),
(1821, 1, 12, '20251201'),
(1822, 1, 11, '20251201'),
(1823, 1, 10, '20251201'),
(1824, 1, 9, '20251201'),
(1825, 1, 8, '20251201'),
(1826, 1, 7, '20251201'),
(1827, 1, 6, '20251201'),
(1828, 1, 5, '20251201'),
(1829, 1, 4, '20251201'),
(1830, 1, 3, '20251201'),
(1831, 1, 1, '20251201'),
(1832, 1, 2, '20251201'),
(1833, 1, 1, '20251202'),
(1834, 1, 2, '20251202'),
(1835, 1, 3, '20251202'),
(1836, 1, 4, '20251202'),
(1837, 1, 5, '20251202'),
(1838, 1, 6, '20251202'),
(1839, 1, 7, '20251202'),
(1840, 1, 8, '20251202'),
(1841, 1, 9, '20251202'),
(1842, 1, 10, '20251202'),
(1843, 1, 11, '20251202'),
(1844, 1, 12, '20251202'),
(1845, 1, 13, '20251202'),
(1846, 1, 14, '20251202'),
(1847, 1, 15, '20251202'),
(1848, 1, 16, '20251202'),
(1849, 1, 17, '20251202'),
(1850, 1, 18, '20251202'),
(1851, 1, 19, '20251202'),
(1852, 1, 20, '20251202'),
(1853, 1, 21, '20251202'),
(1854, 1, 22, '20251202'),
(1855, 1, 23, '20251202'),
(1856, 1, 24, '20251202'),
(1857, 1, 25, '20251202'),
(1858, 1, 26, '20251202'),
(1859, 1, 27, '20251202'),
(1860, 1, 28, '20251202'),
(1861, 1, 29, '20251202'),
(1862, 1, 30, '20251202'),
(1863, 1, 31, '20251202'),
(1864, 1, 32, '20251202'),
(1865, 1, 33, '20251202'),
(1866, 1, 34, '20251202'),
(1867, 1, 35, '20251202'),
(1868, 1, 36, '20251202'),
(1869, 1, 37, '20251202'),
(1870, 1, 38, '20251202'),
(1871, 1, 39, '20251202'),
(1872, 1, 40, '20251202'),
(1873, 1, 41, '20251202'),
(1874, 1, 42, '20251202'),
(1875, 1, 43, '20251202'),
(1876, 1, 44, '20251202'),
(1877, 1, 45, '20251202'),
(1878, 1, 46, '20251202'),
(1879, 1, 47, '20251202'),
(1880, 1, 48, '20251202'),
(1881, 1, 49, '20251202'),
(1882, 1, 50, '20251202'),
(1883, 1, 51, '20251202'),
(1884, 1, 52, '20251202'),
(1885, 1, 53, '20251202'),
(1886, 1, 54, '20251202'),
(1887, 1, 55, '20251202'),
(1888, 1, 56, '20251202'),
(1889, 1, 57, '20251202'),
(1890, 1, 58, '20251202'),
(1891, 1, 59, '20251202'),
(1892, 1, 60, '20251202'),
(1893, 1, 61, '20251202'),
(1894, 1, 62, '20251202'),
(1895, 1, 63, '20251202'),
(1896, 1, 64, '20251202'),
(1897, 1, 65, '20251202'),
(1898, 1, 66, '20251202'),
(1899, 1, 67, '20251202'),
(1900, 1, 68, '20251202'),
(1901, 1, 69, '20251202'),
(1902, 1, 70, '20251202'),
(1903, 1, 71, '20251202'),
(1904, 1, 72, '20251202'),
(1905, 1, 73, '20251202'),
(1906, 1, 74, '20251202'),
(1907, 1, 75, '20251202'),
(1908, 1, 76, '20251202'),
(1909, 1, 77, '20251202'),
(1910, 1, 78, '20251202'),
(1911, 1, 79, '20251202'),
(1912, 1, 80, '20251202'),
(1913, 1, 81, '20251202'),
(1914, 1, 82, '20251202'),
(1915, 1, 83, '20251202'),
(1916, 1, 84, '20251202'),
(1917, 1, 85, '20251202'),
(1918, 1, 86, '20251202'),
(1919, 1, 87, '20251202'),
(1920, 1, 88, '20251202'),
(1921, 1, 89, '20251202'),
(1922, 1, 90, '20251202'),
(1923, 1, 91, '20251202'),
(1924, 1, 92, '20251202'),
(1925, 1, 93, '20251202'),
(1926, 1, 94, '20251202'),
(1927, 1, 95, '20251202'),
(1928, 1, 96, '20251202'),
(1929, 1, 97, '20251202'),
(1930, 1, 98, '20251202'),
(1931, 1, 99, '20251202'),
(1932, 1, 100, '20251202'),
(1933, 1, 106, '20251202'),
(1934, 1, 105, '20251202'),
(1935, 1, 104, '20251202'),
(1936, 1, 103, '20251202'),
(1937, 1, 102, '20251202'),
(1938, 1, 1, '20251203'),
(1939, 1, 2, '20251203'),
(1940, 1, 3, '20251203'),
(1941, 1, 4, '20251203'),
(1942, 1, 5, '20251203'),
(1943, 1, 6, '20251203'),
(1944, 1, 7, '20251203'),
(1945, 1, 8, '20251203'),
(1946, 1, 9, '20251203'),
(1947, 1, 10, '20251203'),
(1948, 1, 11, '20251203'),
(1949, 1, 12, '20251203'),
(1950, 1, 13, '20251203'),
(1951, 1, 14, '20251203'),
(1952, 1, 15, '20251203'),
(1953, 1, 16, '20251203'),
(1954, 1, 17, '20251203'),
(1955, 1, 18, '20251203'),
(1956, 1, 19, '20251203'),
(1957, 1, 20, '20251203'),
(1958, 1, 21, '20251203'),
(1959, 1, 22, '20251203'),
(1960, 1, 23, '20251203'),
(1961, 1, 24, '20251203'),
(1962, 1, 25, '20251203'),
(1963, 1, 26, '20251203'),
(1964, 1, 27, '20251203'),
(1965, 1, 28, '20251203'),
(1966, 1, 29, '20251203'),
(1967, 1, 30, '20251203'),
(1968, 1, 31, '20251203'),
(1969, 1, 32, '20251203'),
(1970, 1, 33, '20251203'),
(1971, 1, 34, '20251203'),
(1972, 1, 35, '20251203'),
(1973, 1, 36, '20251203'),
(1974, 1, 37, '20251203'),
(1975, 1, 38, '20251203'),
(1976, 1, 39, '20251203'),
(1977, 1, 40, '20251203'),
(1978, 1, 41, '20251203'),
(1979, 1, 42, '20251203'),
(1980, 1, 43, '20251203'),
(1981, 1, 44, '20251203'),
(1982, 1, 45, '20251203'),
(1983, 1, 46, '20251203'),
(1984, 1, 47, '20251203'),
(1985, 1, 48, '20251203'),
(1986, 1, 49, '20251203'),
(1987, 1, 50, '20251203'),
(1988, 1, 51, '20251203'),
(1989, 1, 52, '20251203'),
(1990, 1, 53, '20251203'),
(1991, 1, 54, '20251203'),
(1992, 1, 55, '20251203'),
(1993, 1, 56, '20251203'),
(1994, 1, 57, '20251203'),
(1995, 1, 58, '20251203'),
(1996, 1, 59, '20251203'),
(1997, 1, 60, '20251203'),
(1998, 1, 61, '20251203'),
(1999, 1, 62, '20251203'),
(2000, 1, 63, '20251203'),
(2001, 1, 64, '20251203'),
(2002, 1, 65, '20251203'),
(2003, 1, 66, '20251203'),
(2004, 1, 67, '20251203'),
(2005, 1, 68, '20251203'),
(2006, 1, 69, '20251203'),
(2007, 1, 70, '20251203'),
(2008, 1, 71, '20251203'),
(2009, 1, 72, '20251203'),
(2010, 1, 73, '20251203'),
(2011, 1, 74, '20251203'),
(2012, 1, 75, '20251203'),
(2013, 1, 76, '20251203'),
(2014, 1, 77, '20251203'),
(2015, 1, 78, '20251203'),
(2016, 1, 79, '20251203'),
(2017, 1, 80, '20251203'),
(2018, 1, 81, '20251203'),
(2019, 1, 82, '20251203'),
(2020, 1, 83, '20251203'),
(2021, 1, 84, '20251203'),
(2022, 1, 85, '20251203'),
(2023, 1, 86, '20251203'),
(2024, 1, 87, '20251203'),
(2025, 1, 88, '20251203'),
(2026, 1, 89, '20251203'),
(2027, 1, 90, '20251203'),
(2028, 1, 91, '20251203'),
(2029, 1, 92, '20251203'),
(2030, 1, 93, '20251203'),
(2031, 1, 94, '20251203'),
(2032, 1, 95, '20251203'),
(2033, 1, 96, '20251203'),
(2034, 1, 97, '20251203'),
(2035, 1, 98, '20251203'),
(2036, 1, 99, '20251203'),
(2037, 1, 100, '20251203'),
(2038, 1, 106, '20251203'),
(2039, 1, 105, '20251203'),
(2040, 1, 104, '20251203'),
(2041, 1, 103, '20251203'),
(2042, 1, 102, '20251203'),
(2043, 1, 101, '20251203'),
(2044, 1, 1, '224-08543M'),
(2045, 1, 2, '224-08543M'),
(2046, 1, 3, '224-08543M'),
(2047, 1, 4, '224-08543M'),
(2048, 1, 5, '224-08543M'),
(2049, 1, 6, '224-08543M'),
(2050, 1, 7, '224-08543M'),
(2051, 1, 8, '224-08543M'),
(2052, 1, 9, '224-08543M'),
(2053, 1, 10, '224-08543M'),
(2054, 1, 11, '224-08543M'),
(2055, 1, 12, '224-08543M'),
(2056, 1, 13, '224-08543M'),
(2057, 1, 14, '224-08543M'),
(2058, 1, 15, '224-08543M'),
(2059, 1, 16, '224-08543M'),
(2060, 1, 17, '224-08543M'),
(2061, 1, 18, '224-08543M'),
(2062, 1, 19, '224-08543M'),
(2063, 1, 20, '224-08543M'),
(2064, 1, 21, '224-08543M'),
(2065, 1, 22, '224-08543M'),
(2066, 1, 23, '224-08543M'),
(2067, 1, 24, '224-08543M'),
(2068, 1, 25, '224-08543M'),
(2069, 1, 26, '224-08543M'),
(2070, 1, 27, '224-08543M'),
(2071, 1, 28, '224-08543M'),
(2072, 1, 29, '224-08543M'),
(2073, 1, 30, '224-08543M'),
(2074, 1, 31, '224-08543M'),
(2075, 1, 32, '224-08543M'),
(2076, 1, 33, '224-08543M'),
(2077, 1, 34, '224-08543M'),
(2078, 1, 35, '224-08543M'),
(2079, 1, 36, '224-08543M'),
(2080, 1, 37, '224-08543M'),
(2081, 1, 38, '224-08543M'),
(2082, 1, 39, '224-08543M'),
(2083, 1, 40, '224-08543M'),
(2084, 1, 41, '224-08543M'),
(2085, 1, 42, '224-08543M'),
(2086, 1, 43, '224-08543M'),
(2087, 1, 44, '224-08543M'),
(2088, 1, 45, '224-08543M'),
(2089, 1, 46, '224-08543M'),
(2090, 1, 47, '224-08543M'),
(2091, 1, 48, '224-08543M'),
(2092, 1, 49, '224-08543M'),
(2093, 1, 50, '224-08543M'),
(2094, 1, 51, '224-08543M'),
(2095, 1, 52, '224-08543M'),
(2096, 1, 53, '224-08543M'),
(2097, 1, 54, '224-08543M'),
(2098, 1, 55, '224-08543M'),
(2099, 1, 56, '224-08543M'),
(2100, 1, 57, '224-08543M'),
(2101, 1, 58, '224-08543M'),
(2102, 1, 59, '224-08543M'),
(2103, 1, 60, '224-08543M'),
(2104, 1, 61, '224-08543M'),
(2105, 1, 62, '224-08543M'),
(2106, 1, 63, '224-08543M'),
(2107, 1, 64, '224-08543M'),
(2108, 1, 65, '224-08543M'),
(2109, 1, 66, '224-08543M'),
(2110, 1, 67, '224-08543M'),
(2111, 1, 68, '224-08543M'),
(2112, 1, 69, '224-08543M'),
(2113, 1, 70, '224-08543M'),
(2114, 1, 71, '224-08543M'),
(2115, 1, 72, '224-08543M'),
(2116, 1, 73, '224-08543M'),
(2117, 1, 74, '224-08543M'),
(2118, 1, 75, '224-08543M'),
(2119, 1, 76, '224-08543M'),
(2120, 1, 77, '224-08543M'),
(2121, 1, 78, '224-08543M'),
(2122, 1, 79, '224-08543M'),
(2123, 1, 80, '224-08543M'),
(2124, 1, 81, '224-08543M'),
(2125, 1, 82, '224-08543M'),
(2126, 1, 83, '224-08543M'),
(2127, 1, 84, '224-08543M'),
(2128, 1, 85, '224-08543M'),
(2129, 1, 86, '224-08543M'),
(2130, 1, 87, '224-08543M'),
(2131, 1, 88, '224-08543M'),
(2132, 1, 89, '224-08543M'),
(2133, 1, 90, '224-08543M'),
(2134, 1, 91, '224-08543M'),
(2135, 1, 92, '224-08543M'),
(2136, 1, 93, '224-08543M'),
(2137, 1, 94, '224-08543M'),
(2138, 1, 95, '224-08543M'),
(2139, 1, 96, '224-08543M'),
(2140, 1, 97, '224-08543M'),
(2141, 1, 98, '224-08543M'),
(2142, 1, 99, '224-08543M'),
(2143, 1, 100, '224-08543M'),
(2144, 1, 107, '224-08543M'),
(2145, 1, 1, '2025041201'),
(2146, 1, 2, '2025041201'),
(2147, 1, 3, '2025041201'),
(2148, 1, 4, '2025041201'),
(2149, 1, 5, '2025041201'),
(2150, 1, 6, '2025041201'),
(2151, 1, 7, '2025041201'),
(2152, 1, 8, '2025041201'),
(2153, 1, 9, '2025041201'),
(2154, 1, 10, '2025041201'),
(2155, 1, 11, '2025041201'),
(2156, 1, 12, '2025041201'),
(2157, 1, 13, '2025041201'),
(2158, 1, 14, '2025041201'),
(2159, 1, 15, '2025041201'),
(2160, 1, 16, '2025041201'),
(2161, 1, 17, '2025041201'),
(2162, 1, 18, '2025041201'),
(2163, 1, 19, '2025041201'),
(2164, 1, 20, '2025041201'),
(2165, 1, 21, '2025041201'),
(2166, 1, 22, '2025041201'),
(2167, 1, 23, '2025041201'),
(2168, 1, 24, '2025041201'),
(2169, 1, 25, '2025041201'),
(2170, 1, 26, '2025041201'),
(2171, 1, 27, '2025041201'),
(2172, 1, 28, '2025041201'),
(2173, 1, 29, '2025041201'),
(2174, 1, 30, '2025041201'),
(2175, 1, 31, '2025041201'),
(2176, 1, 32, '2025041201'),
(2177, 1, 33, '2025041201'),
(2178, 1, 34, '2025041201'),
(2179, 1, 35, '2025041201'),
(2180, 1, 36, '2025041201'),
(2181, 1, 37, '2025041201'),
(2182, 1, 38, '2025041201'),
(2183, 1, 39, '2025041201'),
(2184, 1, 40, '2025041201'),
(2185, 1, 41, '2025041201'),
(2186, 1, 42, '2025041201'),
(2187, 1, 43, '2025041201'),
(2188, 1, 44, '2025041201'),
(2189, 1, 45, '2025041201'),
(2190, 1, 46, '2025041201'),
(2191, 1, 47, '2025041201'),
(2192, 1, 48, '2025041201'),
(2193, 1, 49, '2025041201'),
(2194, 1, 50, '2025041201'),
(2195, 1, 51, '2025041201'),
(2196, 1, 52, '2025041201'),
(2197, 1, 53, '2025041201'),
(2198, 1, 54, '2025041201'),
(2199, 1, 55, '2025041201'),
(2200, 1, 56, '2025041201'),
(2201, 1, 57, '2025041201'),
(2202, 1, 58, '2025041201'),
(2203, 1, 59, '2025041201'),
(2204, 1, 60, '2025041201'),
(2205, 1, 61, '2025041201'),
(2206, 1, 62, '2025041201'),
(2207, 1, 63, '2025041201'),
(2208, 1, 64, '2025041201'),
(2209, 1, 65, '2025041201'),
(2210, 1, 66, '2025041201'),
(2211, 1, 67, '2025041201'),
(2212, 1, 68, '2025041201'),
(2213, 1, 69, '2025041201'),
(2214, 1, 70, '2025041201'),
(2215, 1, 71, '2025041201'),
(2216, 1, 72, '2025041201'),
(2217, 1, 73, '2025041201'),
(2218, 1, 74, '2025041201'),
(2219, 1, 75, '2025041201'),
(2220, 1, 76, '2025041201'),
(2221, 1, 77, '2025041201'),
(2222, 1, 78, '2025041201'),
(2223, 1, 79, '2025041201'),
(2224, 1, 80, '2025041201'),
(2225, 1, 81, '2025041201'),
(2226, 1, 82, '2025041201'),
(2227, 1, 83, '2025041201'),
(2228, 1, 84, '2025041201'),
(2229, 1, 85, '2025041201'),
(2230, 1, 86, '2025041201'),
(2231, 1, 87, '2025041201'),
(2232, 1, 88, '2025041201'),
(2233, 1, 89, '2025041201'),
(2234, 1, 90, '2025041201'),
(2235, 1, 91, '2025041201'),
(2236, 1, 92, '2025041201'),
(2237, 1, 93, '2025041201'),
(2238, 1, 94, '2025041201'),
(2239, 1, 95, '2025041201'),
(2240, 1, 96, '2025041201'),
(2241, 1, 97, '2025041201'),
(2242, 1, 98, '2025041201'),
(2243, 1, 99, '2025041201'),
(2244, 1, 100, '2025041201'),
(2265, 1, 102, '202402123'),
(2266, 1, 94, '202402123'),
(2267, 1, 96, '202402123'),
(2268, 1, 73, '202402123'),
(2269, 1, 6, '202402123'),
(2270, 1, 10, '202402123'),
(2271, 1, 12, '202402123'),
(2272, 1, 17, '202402123'),
(2273, 1, 36, '202402123'),
(2274, 1, 37, '202402123'),
(2275, 1, 43, '202402123'),
(2276, 1, 44, '202402123'),
(2277, 1, 45, '202402123'),
(2278, 1, 46, '202402123'),
(2279, 1, 47, '202402123'),
(2280, 1, 49, '202402123'),
(2281, 1, 60, '202402123'),
(2282, 1, 92, '202402123'),
(2283, 1, 108, '202402123'),
(2284, 1, 109, '224-06342M'),
(2285, 1, 108, '224-06342M'),
(2286, 1, 107, '224-06342M'),
(2289, 1, 110, '224-06342M'),
(2290, 1, 112, '224-06342M'),
(2291, 1, 111, '224-06342M'),
(2292, 1, 113, '224-06342M'),
(2293, 1, 114, '224-06342M'),
(2294, 1, 115, '224-06342M'),
(2296, 1, 116, '224-06342M'),
(2297, 1, 117, '224-06342M'),
(2298, 1, 116, '224-06342M'),
(2299, 1, 117, '224-06342M');

-- --------------------------------------------------------

--
-- Table structure for table `page_table`
--

CREATE TABLE `page_table` (
  `id` int(11) NOT NULL,
  `page_description` varchar(255) NOT NULL,
  `page_group` varchar(255) NOT NULL,
  `created_at` timestamp NOT NULL DEFAULT current_timestamp()
) ENGINE=InnoDB DEFAULT CHARSET=utf8mb4 COLLATE=utf8mb4_general_ci;

--
-- Dumping data for table `page_table`
--

INSERT INTO `page_table` (`id`, `page_description`, `page_group`, `created_at`) VALUES
(1, 'Admin Dashboard - Personal Information', 'registrar', '2025-10-22 22:27:49'),
(2, 'Admin Dashboard - Family Background', 'registrar', '2025-10-22 22:26:47'),
(3, 'Admin Dashboard - Educational Attainment', 'registrar', '2025-10-22 22:31:17'),
(4, 'Admin Dashboard - Health Medical ', 'registrar', '2025-10-22 22:36:22'),
(5, 'Admin Dashboard - Other Information', 'registrar', '2025-10-22 22:38:11'),
(6, 'Applicant List', 'registrar', '2025-10-22 22:40:12'),
(7, 'Applicant List Admin', 'registrar', '2025-10-22 22:40:24'),
(8, 'Applicant Scoring', 'registrar', '2025-10-22 22:40:47'),
(9, 'Assign Entrance Exam', 'registrar', '2025-10-22 22:40:59'),
(10, 'Assign Qualifying / Interview Exam', 'registrar', '2025-10-22 22:41:15'),
(11, 'Assign Schedule to Applicants', 'registrar', '2025-10-22 22:41:27'),
(12, 'Assign Schedule to Applicants Qualifying / Interviewer', 'registrar', '2025-10-22 22:41:56'),
(13, 'COR for registrar', 'registrar', '2025-10-22 22:42:09'),
(14, 'Change Year Grad Period', 'registrar', '2025-10-22 22:42:26'),
(15, 'Class Roster', 'registrar', '2025-10-22 22:42:40'),
(16, 'Course Panel', 'registrar', '2025-10-22 22:42:50'),
(17, 'Course Tagging', 'registrar', '2025-10-22 22:42:59'),
(18, 'Curriculum Panel', 'registrar', '2025-10-22 22:43:10'),
(19, 'Dental Assessment', 'registrar', '2025-10-22 22:43:23'),
(20, 'Department Section', 'registrar', '2025-10-22 22:43:40'),
(21, 'Department Registration', 'registrar', '2025-10-22 22:44:12'),
(22, 'Department Room', 'registrar', '2025-10-22 22:44:20'),
(23, 'Evaluation CRUD', 'registrar', '2025-10-22 22:44:34'),
(24, 'Medical Applicant List', 'registrar', '2025-10-22 22:45:07'),
(25, 'Medical Dashboard - Personal Information', 'registrar', '2025-10-22 22:45:19'),
(26, 'Medical Dashboard - Family Background', 'registrar', '2025-10-22 22:45:52'),
(27, 'Medical Dashboard - Educational Attainment', 'registrar', '2025-10-29 17:02:49'),
(28, 'Medical Dashboard - Health Medical Records', 'registrar', '2025-10-29 17:02:49'),
(29, 'Medical Dashboard - Other Information', 'registrar', '2025-10-29 17:03:31'),
(30, 'Medical Requirements', 'registrar\r\n', '2025-10-29 17:03:31'),
(31, 'Medical Requirements Form', 'registrar', '2025-10-29 17:06:17'),
(32, 'Physical Neuro Exam', 'registrar', '2025-10-29 17:06:17'),
(33, 'Proctor Applicant List', 'registrar', '2025-10-29 17:07:04'),
(34, 'Program Panel', 'registrar', '2025-10-29 17:07:52'),
(35, 'Program Tagging', 'registrar', '2025-10-30 02:41:57'),
(36, 'Qualifying / Interviewer Applicant List', 'registrar', '2025-10-30 02:41:57'),
(37, 'Qualifying / Interview Exam Score', 'registrar', '2025-10-30 02:45:06'),
(38, 'Readmission - Personal Information', 'registrar', '2025-10-30 02:45:06'),
(39, 'Readmission - Family Background', 'registrar', '2025-10-30 02:47:15'),
(40, 'Readmission - Educational Attainment', 'registrar', '2025-10-30 02:47:15'),
(41, 'Readmission - Health Medical Records', 'registrar', '2025-10-30 02:50:27'),
(42, 'Readmission - Other Information', 'registrar', '2025-10-30 02:50:27'),
(43, 'Registrar Dashboard - Personal Information', 'registrar', '2025-10-30 03:01:02'),
(44, 'Registrar Dashboard - Family Background', 'registrar', '2025-10-30 03:01:02'),
(45, 'Registrar Dashboard - Educational Attainment', 'registrar', '2025-10-30 03:04:20'),
(46, 'Registrar Dashboard - Health Medical Records', 'registrar', '2025-10-30 03:04:20'),
(47, 'Registrar Dashboard - Other Information', 'registrar', '2025-10-30 03:05:29'),
(48, 'Registrar Examination Profile', 'registrar', '2025-10-30 03:05:29'),
(49, 'Registrar Requirements', 'registrar', '2025-10-30 03:08:03'),
(50, 'Report of Grades', 'registrar', '2025-10-30 03:08:37'),
(51, 'Requirements Form', 'registrar', '2025-10-30 03:08:37'),
(52, 'Room Registration', 'registrar', '2025-10-30 03:09:37'),
(53, 'Schedule Checker', 'registrar', '2025-10-30 03:09:37'),
(54, 'School Year Activator Panel', 'registrar', '2025-10-30 03:11:09'),
(55, 'School Year Panel', 'registrar', '2025-10-30 03:11:09'),
(56, 'Search Certificate of Registration', 'registrar', '2025-10-30 03:12:02'),
(57, 'Section Panel', 'registrar', '2025-10-30 03:12:02'),
(58, 'Semester Panel', 'registrar', '2025-10-30 03:15:35'),
(59, 'Student Numbering', 'registrar', '2025-10-30 03:15:35'),
(60, 'Student Numbering For College', 'registrar', '2025-10-30 03:16:37'),
(61, 'Student Requirements', 'registrar', '2025-10-30 03:16:37'),
(62, 'Transcript of Records', 'registrar', '2025-10-30 03:17:11'),
(63, 'Year Level Panel', 'registrar', '2025-10-30 03:17:11'),
(64, 'Year Panel', 'registrar', '2025-10-30 03:17:59'),
(65, 'Year Update Panel', 'registrar', '2025-10-30 03:17:59'),
(66, 'Announcement', 'registrar', '2025-10-30 06:14:02'),
(67, 'Email Template Manager', 'registrar', '2025-10-30 06:14:02'),
(68, 'Notifications', 'registrar', '2025-10-30 06:18:19'),
(69, 'User Page Access / Page CRUD ', 'registrar', '2025-10-30 06:18:19'),
(70, 'Register Professor', 'registrar', '2025-10-30 06:29:24'),
(71, 'Register Registrar', 'registrar', '2025-10-30 06:29:24'),
(72, 'Register Student', 'registrar', '2025-10-30 06:49:59'),
(73, 'Registrar Reset Password', 'registrar', '2025-10-30 06:50:05'),
(74, 'Settings', 'registrar', '2025-10-30 06:50:08'),
(75, 'Super Admin Applicant - Personal Information', 'registrar', '2025-10-30 06:50:08'),
(76, 'Super Admin Applicant - Family Background', 'registrar', '2025-10-30 06:51:24'),
(77, 'Super Admin Applicant - Educational Attainment', 'registrar', '2025-10-30 06:51:24'),
(78, 'Super Admin Applicant - Health Medical Records', 'registrar', '2025-10-30 07:01:08'),
(79, 'Super Admin Applicant - Other Information', 'registrar', '2025-10-30 07:01:08'),
(80, 'Super Admin Applicant List', 'registrar', '2025-10-30 07:21:27'),
(81, 'Super Admin Applicant Reset Password', 'registrar', '2025-10-30 07:21:27'),
(82, 'Super Admin Faculty Reset Password', 'registrar', '2025-10-30 07:21:27'),
(83, 'Super Admin Registrar Reset Password', 'registrar', '2025-10-30 07:21:27'),
(84, 'Super Admin Requirements Uploader', 'registrar', '2025-11-12 05:46:53'),
(85, 'Super Admin Room Registration', 'registrar', '2025-11-12 06:23:52'),
(86, 'Super Admin Student - Personal Information', 'registrar', '2025-10-30 07:21:27'),
(87, 'Super Admin Student - Family Background', 'registrar', '2025-10-30 07:21:27'),
(88, 'Super Admin Student - Educational Attainment', 'registrar', '2025-10-30 07:21:27'),
(89, 'Super Admin Student - Health Medical Records', 'registrar', '2025-10-30 07:21:27'),
(90, 'Super Admin Student - Other Information', 'registrar', '2025-10-30 07:21:27'),
(91, 'Super Admin Student Reset Password', 'registrar', '2025-10-30 07:21:27'),
(92, 'Admission Management', 'registrar', '2025-10-30 07:28:46'),
(93, 'Course Management', 'registrar', '2025-10-30 07:28:46'),
(94, 'Department Management', 'registrar', '2025-10-30 07:28:46'),
(95, 'System Management', 'registrar', '2025-10-30 07:28:46'),
(96, 'Account Dashboard', 'registrar', '2025-10-30 07:28:46'),
(97, 'History Logs', 'registrar', '2025-10-30 08:01:18'),
(98, 'Announcement For Admission', 'registrar', '2025-11-13 18:47:26'),
(99, 'TOSF CRUD', 'registrar', '2025-11-16 05:14:07'),
(100, 'Program Evaluation', 'registrar', '2025-11-17 15:37:48'),
(101, 'Registrar Dashboard', 'registrar', '2025-11-26 15:28:55'),
(102, 'Enrollment Officer Dashboard', 'registrar', '2025-11-26 15:29:14'),
(103, 'Admission Officer Dashboard', 'registrar', '2025-11-26 15:29:38'),
(104, 'Student List', 'registrar', '2025-11-26 15:30:57'),
(105, 'Grading Evaluation For Registrar', 'registrar', '2025-11-26 15:45:04'),
(106, 'Submitted Documents', 'registrar', '2025-11-26 15:58:05'),
(107, 'Department Curriculum Panel', 'registrar', '2025-12-03 10:17:30'),
(108, 'College Schedule Plotting', 'registrar', '2026-01-06 11:28:48'),
(109, 'Super Admin Professor Education ', 'registrar', '2026-01-10 04:28:47'),
(110, 'Program Slot Limit', 'registrar', '2026-01-13 06:38:32'),
(111, 'Program Tagging Payment', 'registrar', '2026-01-22 00:10:28'),
(112, 'Course Panel Prerequisite', 'registrar', '2026-01-22 00:10:46'),
(113, 'Program Unit', 'registrar', '2026-01-23 07:41:04'),
(114, 'Migration Data Panel', 'registrar', '2026-01-29 06:44:12'),
(115, 'Verify Document Schedule', 'registrar', '2026-02-05 17:50:16'),
(116, 'Payment Exporting Module', 'registrar', '2026-02-05 18:12:16'),
(117, 'COR Exporting Module', 'registrar', '2026-02-05 18:13:44');

-- --------------------------------------------------------

--
-- Table structure for table `period_status`
--

CREATE TABLE `period_status` (
  `id` int(11) NOT NULL,
  `description` varchar(255) NOT NULL,
  `status` int(11) NOT NULL DEFAULT 0
) ENGINE=InnoDB DEFAULT CHARSET=utf8mb4 COLLATE=utf8mb4_general_ci;

--
-- Dumping data for table `period_status`
--

INSERT INTO `period_status` (`id`, `description`, `status`) VALUES
(1, 'Midterm', 0),
(2, 'Finals', 0),
(3, 'Final Grading Period', 1);

-- --------------------------------------------------------

--
-- Table structure for table `person_prof_table`
--

CREATE TABLE `person_prof_table` (
  `person_id` int(11) NOT NULL,
  `bachelor` varchar(255) DEFAULT NULL,
  `master` varchar(255) DEFAULT NULL,
  `doctor` varchar(255) DEFAULT NULL
) ENGINE=InnoDB DEFAULT CHARSET=utf8mb4 COLLATE=utf8mb4_general_ci;

--
-- Dumping data for table `person_prof_table`
--

INSERT INTO `person_prof_table` (`person_id`, `bachelor`, `master`, `doctor`) VALUES
(1, NULL, 'Master of Education', NULL);

-- --------------------------------------------------------

--
-- Table structure for table `person_status_table`
--

CREATE TABLE `person_status_table` (
  `id` int(11) NOT NULL,
  `person_id` int(11) DEFAULT NULL,
  `exam_status` int(11) DEFAULT NULL,
  `requirements` int(11) DEFAULT NULL,
  `residency` int(11) DEFAULT NULL,
  `student_registration_status` int(11) DEFAULT NULL,
  `exam_result` int(11) DEFAULT NULL,
  `hs_ave` float DEFAULT NULL
) ENGINE=InnoDB DEFAULT CHARSET=utf8mb4 COLLATE=utf8mb4_general_ci;

--
-- Dumping data for table `person_status_table`
--

INSERT INTO `person_status_table` (`id`, `person_id`, `exam_status`, `requirements`, `residency`, `student_registration_status`, `exam_result`, `hs_ave`) VALUES
(1, 1, 0, 0, 0, 1, 0, 0),
(2, 4, 0, 0, 0, 1, 0, 0),
(3, 14, 0, 0, 0, 1, 0, 0),
(4, 21, 0, 0, 0, 1, 0, 0),
(5, 11, 0, 0, 0, 1, 0, 0),
(6, 24, 0, 0, 0, 1, 0, 0),
(7, 24, 0, 0, 0, 1, 0, 0),
(8, 15, 0, 0, 0, 1, 0, 0),
(9, 18, 0, 0, 0, 1, 0, 0),
(10, 20, 0, 0, 0, 1, 0, 0),
(11, 2, 0, 0, 0, 1, 0, 0),
(12, 10, 0, 0, 0, 1, 0, 0),
(13, 8, 0, 0, 0, 1, 0, 0),
(14, 19, 0, 0, 0, 1, 0, 0),
(15, 13, 0, 0, 0, 1, 0, 0),
(16, 12, 0, 0, 0, 1, 0, 0),
(17, 3, 0, 0, 0, 1, 0, 0),
(18, 17, 0, 0, 0, 1, 0, 0),
(19, 7, 0, 0, 0, 1, 0, 0),
(20, 9, 0, 0, 0, 1, 0, 0),
(21, 22, 0, 0, 0, 1, 0, 0),
(22, 16, 0, 0, 0, 1, 0, 0),
(23, 5, 0, 0, 0, 1, 0, 0),
(29, 27, 0, 0, 0, 1, 0, 0),
(30, 25, 0, 0, 0, 1, 0, 0),
(31, 26, 0, 0, 0, 1, 0, 0),
(32, 38, 0, 0, 0, 1, 0, 0),
(33, 44, 0, 0, 0, 1, 0, 0),
(34, 45, 0, 0, 0, 1, 0, 0);

-- --------------------------------------------------------

--
-- Table structure for table `person_table`
--

CREATE TABLE `person_table` (
  `person_id` int(11) NOT NULL,
  `student_number` varchar(255) DEFAULT NULL,
  `profile_img` varchar(255) DEFAULT NULL,
  `campus` int(11) DEFAULT NULL,
  `academicProgram` varchar(100) DEFAULT NULL,
  `classifiedAs` varchar(50) DEFAULT NULL,
  `applyingAs` varchar(100) DEFAULT NULL,
  `program` varchar(100) DEFAULT NULL,
  `program2` varchar(100) DEFAULT NULL,
  `program3` varchar(100) DEFAULT NULL,
  `yearLevel` varchar(30) DEFAULT NULL,
  `last_name` varchar(100) DEFAULT NULL,
  `first_name` varchar(100) DEFAULT NULL,
  `middle_name` varchar(100) DEFAULT NULL,
  `extension` varchar(10) DEFAULT NULL,
  `nickname` varchar(50) DEFAULT NULL,
  `height` varchar(10) DEFAULT NULL,
  `weight` varchar(10) DEFAULT NULL,
  `lrnNumber` varchar(20) DEFAULT NULL,
  `nolrnNumber` int(11) DEFAULT NULL,
  `gender` int(11) DEFAULT NULL,
  `pwdMember` int(11) DEFAULT NULL,
  `pwdType` varchar(50) DEFAULT NULL,
  `pwdId` varchar(50) DEFAULT NULL,
  `birthOfDate` varchar(50) DEFAULT NULL,
  `age` int(11) DEFAULT NULL,
  `birthPlace` varchar(255) DEFAULT NULL,
  `languageDialectSpoken` varchar(255) DEFAULT NULL,
  `citizenship` varchar(50) DEFAULT NULL,
  `religion` varchar(50) DEFAULT NULL,
  `civilStatus` varchar(50) DEFAULT NULL,
  `tribeEthnicGroup` varchar(50) DEFAULT NULL,
  `cellphoneNumber` varchar(20) DEFAULT NULL,
  `emailAddress` varchar(100) DEFAULT NULL,
  `presentStreet` varchar(255) DEFAULT NULL,
  `presentBarangay` varchar(100) DEFAULT NULL,
  `presentZipCode` varchar(10) DEFAULT NULL,
  `presentRegion` varchar(100) DEFAULT NULL,
  `presentProvince` varchar(100) DEFAULT NULL,
  `presentMunicipality` varchar(100) DEFAULT NULL,
  `presentDswdHouseholdNumber` varchar(50) DEFAULT NULL,
  `sameAsPresentAddress` int(11) DEFAULT NULL,
  `permanentStreet` varchar(255) DEFAULT NULL,
  `permanentBarangay` varchar(100) DEFAULT NULL,
  `permanentZipCode` varchar(10) DEFAULT NULL,
  `permanentRegion` varchar(75) DEFAULT NULL,
  `permanentProvince` varchar(75) DEFAULT NULL,
  `permanentMunicipality` varchar(75) DEFAULT NULL,
  `permanentDswdHouseholdNumber` varchar(50) DEFAULT NULL,
  `solo_parent` int(11) DEFAULT NULL,
  `father_deceased` int(11) DEFAULT NULL,
  `father_family_name` varchar(100) DEFAULT NULL,
  `father_given_name` varchar(100) DEFAULT NULL,
  `father_middle_name` varchar(100) DEFAULT NULL,
  `father_ext` varchar(10) DEFAULT NULL,
  `father_nickname` varchar(50) DEFAULT NULL,
  `father_education` int(11) NOT NULL,
  `father_education_level` varchar(100) DEFAULT NULL,
  `father_last_school` varchar(100) DEFAULT NULL,
  `father_course` varchar(100) DEFAULT NULL,
  `father_year_graduated` varchar(10) DEFAULT NULL,
  `father_school_address` varchar(255) DEFAULT NULL,
  `father_contact` varchar(20) DEFAULT NULL,
  `father_occupation` varchar(100) DEFAULT NULL,
  `father_employer` varchar(100) DEFAULT NULL,
  `father_income` varchar(20) DEFAULT NULL,
  `father_email` varchar(100) DEFAULT NULL,
  `mother_deceased` int(11) DEFAULT NULL,
  `mother_family_name` varchar(100) DEFAULT NULL,
  `mother_given_name` varchar(100) DEFAULT NULL,
  `mother_middle_name` varchar(100) DEFAULT NULL,
  `mother_ext` varchar(10) DEFAULT NULL,
  `mother_nickname` varchar(50) DEFAULT NULL,
  `mother_education` int(11) NOT NULL,
  `mother_education_level` varchar(100) DEFAULT NULL,
  `mother_last_school` varchar(100) DEFAULT NULL,
  `mother_course` varchar(100) DEFAULT NULL,
  `mother_year_graduated` varchar(10) DEFAULT NULL,
  `mother_school_address` varchar(255) DEFAULT NULL,
  `mother_contact` varchar(20) DEFAULT NULL,
  `mother_occupation` varchar(100) DEFAULT NULL,
  `mother_employer` varchar(100) DEFAULT NULL,
  `mother_income` varchar(20) DEFAULT NULL,
  `mother_email` varchar(100) DEFAULT NULL,
  `guardian` varchar(100) DEFAULT NULL,
  `guardian_family_name` varchar(100) DEFAULT NULL,
  `guardian_given_name` varchar(100) DEFAULT NULL,
  `guardian_middle_name` varchar(100) DEFAULT NULL,
  `guardian_ext` varchar(20) DEFAULT NULL,
  `guardian_nickname` varchar(50) DEFAULT NULL,
  `guardian_address` varchar(255) DEFAULT NULL,
  `guardian_contact` varchar(20) DEFAULT NULL,
  `guardian_email` varchar(100) DEFAULT NULL,
  `annual_income` varchar(50) DEFAULT NULL,
  `schoolLevel` varchar(50) DEFAULT NULL,
  `schoolLastAttended` varchar(100) DEFAULT NULL,
  `schoolAddress` varchar(255) DEFAULT NULL,
  `courseProgram` varchar(100) DEFAULT NULL,
  `honor` varchar(100) DEFAULT NULL,
  `generalAverage` decimal(5,2) DEFAULT NULL,
  `yearGraduated` int(11) DEFAULT NULL,
  `schoolLevel1` varchar(50) DEFAULT NULL,
  `schoolLastAttended1` varchar(100) DEFAULT NULL,
  `schoolAddress1` varchar(255) DEFAULT NULL,
  `courseProgram1` varchar(100) DEFAULT NULL,
  `honor1` varchar(100) DEFAULT NULL,
  `generalAverage1` decimal(5,2) DEFAULT NULL,
  `yearGraduated1` int(11) DEFAULT NULL,
  `strand` varchar(100) DEFAULT NULL,
  `cough` int(11) DEFAULT NULL,
  `colds` int(11) DEFAULT NULL,
  `fever` int(11) DEFAULT NULL,
  `asthma` int(11) DEFAULT NULL,
  `faintingSpells` int(11) DEFAULT NULL,
  `heartDisease` int(11) DEFAULT NULL,
  `tuberculosis` int(11) DEFAULT NULL,
  `frequentHeadaches` int(11) DEFAULT NULL,
  `hernia` int(11) DEFAULT NULL,
  `chronicCough` int(11) DEFAULT NULL,
  `headNeckInjury` int(11) DEFAULT NULL,
  `hiv` int(11) DEFAULT NULL,
  `highBloodPressure` int(11) DEFAULT NULL,
  `diabetesMellitus` int(11) DEFAULT NULL,
  `allergies` int(11) DEFAULT NULL,
  `cancer` int(11) DEFAULT NULL,
  `smokingCigarette` int(11) DEFAULT NULL,
  `alcoholDrinking` int(11) DEFAULT NULL,
  `hospitalized` int(11) DEFAULT NULL,
  `hospitalizationDetails` varchar(255) DEFAULT NULL,
  `medications` varchar(255) DEFAULT NULL,
  `hadCovid` int(11) DEFAULT NULL,
  `covidDate` varchar(50) DEFAULT NULL,
  `vaccine1Brand` varchar(50) DEFAULT NULL,
  `vaccine1Date` varchar(50) DEFAULT NULL,
  `vaccine2Brand` varchar(50) DEFAULT NULL,
  `vaccine2Date` varchar(50) DEFAULT NULL,
  `booster1Brand` varchar(50) DEFAULT NULL,
  `booster1Date` varchar(50) DEFAULT NULL,
  `booster2Brand` varchar(50) DEFAULT NULL,
  `booster2Date` varchar(50) DEFAULT NULL,
  `chestXray` varchar(100) DEFAULT NULL,
  `cbc` varchar(100) DEFAULT NULL,
  `urinalysis` varchar(100) DEFAULT NULL,
  `otherworkups` varchar(255) DEFAULT NULL,
  `symptomsToday` int(11) DEFAULT NULL,
  `remarks` varchar(255) DEFAULT NULL,
  `termsOfAgreement` int(11) DEFAULT NULL,
  `created_at` date NOT NULL DEFAULT curdate(),
  `current_step` int(11) DEFAULT 1
) ENGINE=MyISAM DEFAULT CHARSET=utf8mb4 COLLATE=utf8mb4_general_ci ROW_FORMAT=COMPRESSED;

--
-- Dumping data for table `person_table`
--

INSERT INTO `person_table` (`person_id`, `student_number`, `profile_img`, `campus`, `academicProgram`, `classifiedAs`, `applyingAs`, `program`, `program2`, `program3`, `yearLevel`, `last_name`, `first_name`, `middle_name`, `extension`, `nickname`, `height`, `weight`, `lrnNumber`, `nolrnNumber`, `gender`, `pwdMember`, `pwdType`, `pwdId`, `birthOfDate`, `age`, `birthPlace`, `languageDialectSpoken`, `citizenship`, `religion`, `civilStatus`, `tribeEthnicGroup`, `cellphoneNumber`, `emailAddress`, `presentStreet`, `presentBarangay`, `presentZipCode`, `presentRegion`, `presentProvince`, `presentMunicipality`, `presentDswdHouseholdNumber`, `sameAsPresentAddress`, `permanentStreet`, `permanentBarangay`, `permanentZipCode`, `permanentRegion`, `permanentProvince`, `permanentMunicipality`, `permanentDswdHouseholdNumber`, `solo_parent`, `father_deceased`, `father_family_name`, `father_given_name`, `father_middle_name`, `father_ext`, `father_nickname`, `father_education`, `father_education_level`, `father_last_school`, `father_course`, `father_year_graduated`, `father_school_address`, `father_contact`, `father_occupation`, `father_employer`, `father_income`, `father_email`, `mother_deceased`, `mother_family_name`, `mother_given_name`, `mother_middle_name`, `mother_ext`, `mother_nickname`, `mother_education`, `mother_education_level`, `mother_last_school`, `mother_course`, `mother_year_graduated`, `mother_school_address`, `mother_contact`, `mother_occupation`, `mother_employer`, `mother_income`, `mother_email`, `guardian`, `guardian_family_name`, `guardian_given_name`, `guardian_middle_name`, `guardian_ext`, `guardian_nickname`, `guardian_address`, `guardian_contact`, `guardian_email`, `annual_income`, `schoolLevel`, `schoolLastAttended`, `schoolAddress`, `courseProgram`, `honor`, `generalAverage`, `yearGraduated`, `schoolLevel1`, `schoolLastAttended1`, `schoolAddress1`, `courseProgram1`, `honor1`, `generalAverage1`, `yearGraduated1`, `strand`, `cough`, `colds`, `fever`, `asthma`, `faintingSpells`, `heartDisease`, `tuberculosis`, `frequentHeadaches`, `hernia`, `chronicCough`, `headNeckInjury`, `hiv`, `highBloodPressure`, `diabetesMellitus`, `allergies`, `cancer`, `smokingCigarette`, `alcoholDrinking`, `hospitalized`, `hospitalizationDetails`, `medications`, `hadCovid`, `covidDate`, `vaccine1Brand`, `vaccine1Date`, `vaccine2Brand`, `vaccine2Date`, `booster1Brand`, `booster1Date`, `booster2Brand`, `booster2Date`, `chestXray`, `cbc`, `urinalysis`, `otherworkups`, `symptomsToday`, `remarks`, `termsOfAgreement`, `created_at`, `current_step`) VALUES
(1, '202500001', '2025100001_1by1_2026.jpg', NULL, NULL, NULL, NULL, NULL, NULL, NULL, NULL, NULL, NULL, NULL, NULL, NULL, NULL, NULL, NULL, NULL, NULL, NULL, NULL, NULL, NULL, NULL, NULL, NULL, NULL, NULL, NULL, NULL, NULL, NULL, NULL, NULL, NULL, NULL, NULL, NULL, NULL, NULL, NULL, NULL, NULL, NULL, NULL, NULL, NULL, NULL, NULL, NULL, NULL, NULL, NULL, NULL, 0, NULL, NULL, NULL, NULL, NULL, NULL, NULL, NULL, NULL, NULL, NULL, NULL, NULL, NULL, NULL, NULL, 0, NULL, NULL, NULL, NULL, NULL, NULL, NULL, NULL, NULL, NULL, NULL, NULL, NULL, NULL, NULL, NULL, NULL, NULL, NULL, NULL, NULL, NULL, NULL, NULL, NULL, NULL, NULL, NULL, NULL, NULL, NULL, NULL, NULL, NULL, NULL, NULL, NULL, NULL, NULL, NULL, NULL, NULL, NULL, NULL, NULL, NULL, NULL, NULL, NULL, NULL, NULL, NULL, NULL, NULL, NULL, NULL, NULL, NULL, NULL, NULL, NULL, NULL, NULL, NULL, NULL, NULL, NULL, NULL, NULL, NULL, NULL, NULL, NULL, '0000-00-00', 1),
(4, NULL, '2025100004_1by1_2025.jpg', 1, 'Graduate', 'Freshman (First Year)', 'Senior High School Graduate', '15', NULL, NULL, 'First Year', 'Ciruela', 'Genny', 'Dedal', NULL, 'None', '154', '49', '136601120127', NULL, 1, NULL, NULL, NULL, '2003-11-21', 22, 'Pasay', 'Tagalog, English', 'FILIPINO', 'Catholic', 'Single', 'None', '9944869505', 'ciruelagenny@gmail.com', 'Cecil Street', 'Barangay 182', '1300', 'National Capital Region (NCR)', 'Metro Manila, First District', 'Sampaloc', 'None', 1, 'Cecil Street', 'Barangay 182', '1300', 'National Capital Region (NCR)', 'Metro Manila, Fourth District', 'Pasay City', 'None', NULL, NULL, 'Ciruela', 'Gaudioso', 'Kahiyang', NULL, 'Joel', 0, 'Elemnetary graduate', 'Bohol elementary School', 'None', '1990', 'Dauis bohol', '9208119257', 'Retired', 'N/A', '20000', 'none@gmail.com', NULL, 'Dedal', 'Geneva', 'Kahiyang', NULL, 'None', 1, NULL, NULL, NULL, NULL, NULL, '09392265667', 'Tanod', 'Barangay', '890', 'None@gmail.com', 'Brother/Sister', 'Ciruela', 'Grace', 'Dedal', NULL, 'None', 'None', '9201192578', 'grace7Ciruela@gmail.com', '80,000 and below', 'High School/Junior High School', 'Pasay City East High School', 'Gumamel 87 Pasay City', 'None', 'With Honors', 90.00, 2016, 'Senior High School', 'Arellano University', 'Jose Abad Pasay City', 'STEM', 'With highest honor', 95.00, 2022, 'Science, Technology, Engineering, and Mathematics (STEM)', NULL, NULL, NULL, 0, 0, 0, 0, 0, 0, 0, 0, 0, 0, 0, 0, 0, 0, 0, 0, NULL, 'None', 0, NULL, 'Pfizer', '2020-11-21', 'Pfizer', '2020-12-21', 'Moderna', '2021-01-21', 'Pfizer', '2022-02-21', 'Normal', 'Normal', 'Normal', NULL, 0, 'Healthy', 1, '2025-12-02', 1),
(14, NULL, '2025100014_1by1_2025.png', 1, 'Undergraduate', 'Freshman (First Year)', 'Senior High School Graduate', '15', NULL, NULL, 'First Year', 'Palma', 'Drake', 'Sebastian', NULL, 'Drake', '165', '75', 'No LRN Number', NULL, 0, NULL, NULL, NULL, '2004-06-13', 21, 'Sampaloc, Manila', 'Tagalog, English', 'FILIPINO', 'Catholic', 'Single', 'None', '9198246351', 'ccssggovernor@gmail.com', '117 Cayco St. Sampaloc Manila', 'Bataan', '1012', 'National Capital Region (NCR)', 'Metro Manila, First District', 'Sampaloc', 'N/A', 1, '117 Cayco St. Sampaloc Manila', 'Bataan', '1012', 'National Capital Region (NCR)', 'Metro Manila, First District', 'Sampaloc', 'N/A', NULL, 1, NULL, NULL, NULL, NULL, NULL, 0, NULL, NULL, NULL, NULL, NULL, NULL, NULL, NULL, NULL, NULL, 1, NULL, NULL, NULL, NULL, NULL, 0, NULL, NULL, NULL, NULL, NULL, NULL, NULL, NULL, NULL, 'aileen_ilu@yahoo.com', 'Others', 'Perez', 'Alys', 'Zyril', NULL, 'Alys', '117 Cayco St. Sampaloc Manila', '9221168711', 'perez.a.zy@gmail.com', '80,000 and below', 'High School/Junior High School', 'Ramon Magsaysay High School', 'Espana Manila', 'N/A', NULL, 95.00, 2020, 'Senior High School', 'UDM', 'Manila', NULL, NULL, 93.00, NULL, NULL, NULL, NULL, NULL, 0, 0, 0, 0, 0, 0, 0, 0, 0, 0, 0, 0, 0, 0, 0, 0, NULL, NULL, NULL, NULL, NULL, NULL, NULL, NULL, NULL, NULL, NULL, NULL, NULL, NULL, NULL, NULL, 0, NULL, 1, '2025-12-02', 1),
(21, NULL, '2025100021_1by1_2025.jpg', 1, 'Undergraduate', 'Freshman (First Year)', 'Senior High School Graduating Student', '14', NULL, NULL, 'First Year', 'Dasha', 'taran', 'Smith', NULL, NULL, '160', '40', '136601123442', NULL, 1, NULL, NULL, NULL, '2002-11-11', 23, 'Obando bulacan', 'korean, tagalog', 'FILIPINO', 'Pagano', 'Single', 'None', '639944869505', 'kuromipurpletaro@gmail.com', 'Cecil Street', 'New Zaiga', '1300', 'National Capital Region (NCR)', 'Metro Manila, Second District', 'City Of Mandaluyong', 'None', 1, 'Cecil Street', 'New Zaiga', '1300', 'National Capital Region (NCR)', 'Metro Manila, Second District', 'City Of Mandaluyong', 'None', NULL, 1, NULL, NULL, NULL, NULL, NULL, 0, NULL, NULL, NULL, NULL, NULL, NULL, NULL, NULL, NULL, NULL, 1, NULL, NULL, NULL, NULL, NULL, 0, NULL, NULL, NULL, NULL, NULL, NULL, NULL, NULL, NULL, NULL, 'Father', 'Ciruela', 'Genny', 'Dedal', 'Jr.', NULL, 'Cecil Street', '09192233445', 'ciruelagenny@gmail.com', '80,000 and below', 'ALS', 'Rizal High School', 'Pasay City', 'Tesda', 'None', 88.00, 2016, 'Senior High School', 'Arellano University', 'Jose Abad Pasay City', 'STEM', 'With highest honor', 99.00, 2022, 'Design and Arts Track', NULL, NULL, NULL, NULL, NULL, NULL, NULL, NULL, NULL, NULL, NULL, NULL, NULL, NULL, NULL, NULL, NULL, NULL, NULL, NULL, NULL, NULL, NULL, NULL, NULL, NULL, NULL, NULL, NULL, NULL, NULL, NULL, NULL, NULL, NULL, NULL, NULL, 1, '2025-12-02', 1),
(11, NULL, '2025100011_1by1_2025.jpg', 1, 'Undergraduate', 'Freshman (First Year)', 'Senior High School Graduate', '14', NULL, NULL, 'First Year', 'Colorado', 'Izabella', NULL, NULL, NULL, '170', '50', 'No LRN Number', NULL, 1, NULL, NULL, NULL, '2003-04-23', 22, 'Quezon City', 'Filipino', 'FILIPINO', 'Iglesia Ni Cristo', 'Single', 'Ilonggo', '9081144568', 'lendhy49@gmail.com', '59 Kabalitang Street', 'Krus Na Ligas', '1101', 'National Capital Region (NCR)', 'Metro Manila, Second District', 'Quezon City', 'N/A', 1, '59 Kabalitang Street', 'Krus Na Ligas', '1101', 'National Capital Region (NCR)', 'Metro Manila, Second District', 'Quezon City', 'N/A', 1, 0, NULL, NULL, NULL, NULL, NULL, 0, NULL, NULL, NULL, NULL, NULL, NULL, NULL, NULL, NULL, NULL, 1, NULL, NULL, NULL, NULL, NULL, 0, NULL, NULL, NULL, NULL, NULL, NULL, NULL, NULL, NULL, NULL, 'Father', 'Colorado', 'Marcus', 'Balana', NULL, NULL, '59 Kabalitang Street, Krus Na Lig, Quezon City', '9081144568', NULL, '80,000 and below', 'High School/Junior High School', 'Quirino High School', '128 Molave, Project 3, Quezon City, 1102 Kalakhang Maynila', NULL, 'N/A', 85.00, 2019, 'Senior High School', 'Quirino High School', '128 Molave, Project 3, Quezon City, 1102 Kalakhang Maynila', 'ICT', 'N/A', 86.00, 2023, 'Information and Communications Technology (ICT)', NULL, 1, NULL, 1, 0, 0, 0, 0, 0, 0, 0, 0, 0, 0, 1, 0, 0, 0, 0, NULL, NULL, 0, NULL, 'Moderna', '2022-07-05', 'Moderna', '2022-08-05', 'Moderna', '2022-09-05', 'Moderna', '2025-10-05', NULL, NULL, NULL, NULL, 1, NULL, 1, '2025-12-02', 1),
(24, NULL, '2025100024_1by1_2025.jpg', 1, 'Graduate', 'Freshman (First Year)', 'Senior High School Graduate', '14', NULL, NULL, 'First Year', 'Manuel', 'Carl', 'Silvia', 'II', 'None', '170', '60', '13660112889', NULL, 0, NULL, NULL, NULL, '2003-11-21', 22, 'Hospital De Manila', 'korean, tagalog', 'CYPRIOT', 'Iglesia Ni Cristo', 'Single', 'None', '9920167891', 'jaiamoto0@gmail.com', 'Cecil Street', 'Hagdang Bato Libis', '1300', 'National Capital Region (NCR)', 'Metro Manila, Second District', 'City Of Mandaluyong', 'None', 1, 'Cecil Street', 'Hagdang Bato Libis', '1300', 'National Capital Region (NCR)', 'Metro Manila, Second District', 'City Of Mandaluyong', 'None', NULL, 1, NULL, NULL, NULL, NULL, NULL, 0, NULL, NULL, NULL, NULL, NULL, NULL, NULL, NULL, NULL, NULL, 1, NULL, NULL, NULL, NULL, NULL, 0, NULL, NULL, NULL, NULL, NULL, NULL, NULL, NULL, NULL, NULL, 'Others', 'Philip', 'Jordan', 'Max', 'Jr.', 'None', 'Cecil Street', '9201192578', NULL, '80,000 and below', 'High School/Junior High School', 'Pasay City East High School', 'Pasay City', 'STEM', 'With Honors', 91.00, 2022, 'Senior High School', 'Arellano University', 'Mendiola', 'STEM', 'With highest honor', 99.00, 2022, 'Science, Technology, Engineering, and Mathematics (STEM)', NULL, NULL, NULL, 0, 0, 0, 0, 0, 0, 0, 0, 0, 0, 0, 0, 0, 0, 0, NULL, NULL, NULL, 0, NULL, NULL, NULL, NULL, NULL, NULL, NULL, NULL, NULL, NULL, NULL, NULL, NULL, NULL, NULL, 1, '2025-12-02', 1),
(15, NULL, '2025100015_1by1_2025.jpg', 1, 'Graduate', 'Freshman (First Year)', 'Senior High School Graduate', '14', NULL, NULL, 'First Year', 'Miller', 'Joji', 'George', NULL, 'Jo', '171', '70', '1234567894', NULL, 0, NULL, NULL, NULL, '2003-11-21', 22, 'Leyte', 'Tagalog, English, Japanese', 'JAPANESE', 'Catholic', 'Single', 'None', '639944869505', 'stardust4evahh@gmail.com', 'Cecil Street', 'Tibagan', '1300', 'National Capital Region (NCR)', 'Metro Manila, Second District', 'City Of San Juan', 'None', 1, 'Cecil Street', 'Tibagan', '1300', 'National Capital Region (NCR)', 'Metro Manila, Second District', 'City Of San Juan', 'None', 0, 1, NULL, NULL, NULL, NULL, NULL, 0, NULL, NULL, NULL, NULL, NULL, NULL, NULL, NULL, NULL, NULL, 1, NULL, NULL, NULL, NULL, NULL, 0, NULL, NULL, NULL, NULL, NULL, NULL, NULL, NULL, NULL, 'ciruelagenny@gmail.com', 'Cousin', 'Ciruela', 'Genny', 'Dedal', NULL, NULL, 'Cecil Street', '09192233445', 'jijo@gmail.com', '80,000 and below', 'High School/Junior High School', 'Pasay City East High School', 'Pasay City', 'None', 'With Honors', 95.00, 2016, 'Senior High School', 'Arellano University', 'Jose Abad Pasay City', 'STEM', 'With highest honor', 99.00, 2022, 'Science, Technology, Engineering, and Mathematics (STEM)', NULL, NULL, NULL, 0, 0, 0, 0, 0, 0, 0, 0, 0, 0, 0, 0, 0, 0, 0, 0, NULL, 'Biogesic', NULL, NULL, NULL, NULL, NULL, NULL, NULL, NULL, NULL, NULL, NULL, NULL, NULL, NULL, NULL, NULL, 1, '2025-12-02', 1),
(18, NULL, '2025100018_1by1_2025.png', 1, 'Undergraduate', 'Freshman (First Year)', 'Senior High School Graduate', '14', NULL, NULL, 'First Year', 'Malto', 'Renato', 'Calayag', 'Jr.', 'Arjay', '160', '75', 'No LRN Number', NULL, 0, NULL, NULL, NULL, '2002-01-29', 23, 'Manila, Philippines', 'Tagalog, English', 'FILIPINO', 'Catholic', 'Single', 'None', '9475425345', 'rjyclyg0129@gmail.com', '1879 F. Varona St. Tondo Manila', 'Barangay 95', '1012', 'National Capital Region (NCR)', 'Metro Manila, First District', 'Tondo I / Ii', 'N/A', 1, '1879 F. Varona St. Tondo Manila', 'Barangay 95', '1012', 'National Capital Region (NCR)', 'Metro Manila, First District', 'Tondo I / Ii', 'N/A', NULL, 1, NULL, NULL, NULL, NULL, NULL, 0, NULL, NULL, NULL, NULL, NULL, NULL, NULL, NULL, NULL, NULL, NULL, 'Calayag', 'Conchita', NULL, NULL, 'Anna', 1, NULL, NULL, NULL, NULL, NULL, '9221711168', 'House Wife', 'N/A', '5000', 'conch_calayag@gmail.com', 'Mother', 'Calayag', 'Conchita', NULL, NULL, 'Anna', '1879 F. Varona St. Tondo Manila', '9221711168', 'conch_calayag@gmail.com', '80,000 and below', 'High School/Junior High School', 'Ramon Magsaysay High School', 'Espana Manila', 'N/A', 'With Honors', 89.00, 2017, 'Senior High School', 'LCCM', 'Mendiola St. Manila', 'GAS', 'Wtih Honors', 90.00, 2020, 'General Academic (GAS)', NULL, NULL, NULL, 0, 0, 0, 0, 0, 0, 0, 0, 0, 0, 0, 0, 0, 0, 0, 0, NULL, NULL, NULL, NULL, NULL, NULL, NULL, NULL, NULL, NULL, NULL, NULL, NULL, NULL, NULL, NULL, 0, NULL, 1, '2025-12-02', 1),
(20, NULL, '2025100020_1by1_2025.jpg', 1, 'Undergraduate', 'Freshman (First Year)', 'Senior High School Graduate', '14', NULL, NULL, 'First Year', 'Potter', 'Harry ', NULL, NULL, NULL, '180', '48', 'No LRN Number', NULL, 0, NULL, NULL, NULL, '2002-09-11', 23, 'London', 'English', 'FILIPINO', 'Born Again', 'Single', 'None', '9081144568', 'sumalabe.lendhy@gmail.com', '4 Privet Drive', 'U.P. Campus', '1101', 'National Capital Region (NCR)', 'Metro Manila, Second District', 'Quezon City', 'N/A', 1, '4 Privet Drive', 'U.P. Campus', '1101', 'National Capital Region (NCR)', 'Metro Manila, Second District', 'Quezon City', 'N/A', 1, 1, NULL, NULL, NULL, NULL, NULL, 0, NULL, NULL, NULL, NULL, NULL, NULL, NULL, NULL, NULL, NULL, 1, NULL, NULL, NULL, NULL, NULL, 0, NULL, NULL, NULL, NULL, NULL, NULL, NULL, NULL, NULL, NULL, 'Others', 'Snape', 'Severus', NULL, NULL, NULL, '4 Privet Drive', '9081144568', NULL, '80,000 and below', 'High School/Junior High School', 'Ramon Magsaysay Cubao High School', '31 Ermin Garcia St., corner Epifanio de los Santos Avenue, Cubao, Quezon City, Metro Manila', NULL, 'N/A', 88.00, 2020, 'Senior High School', 'Ramon Magsaysay Cubao High School', '31 Ermin Garcia St., corner Epifanio de los Santos Avenue, Cubao, Quezon City, Metro Manila', 'GAS', 'With Honors', 93.00, 2022, 'General Academic (GAS)', 1, NULL, NULL, 1, 0, 0, 0, 1, 0, 0, 0, 0, 0, 0, 1, 0, 0, 0, 0, NULL, NULL, 0, NULL, 'Pfizer', '2022-07-12', 'Pfizer', '2022-08-12', 'Pfizer', '2022-09-12', 'Pfizer', '2022-10-12', NULL, NULL, NULL, NULL, 1, NULL, 1, '2025-12-02', 1),
(2, NULL, '2025100002_1by1_2026.jpeg', 1, 'Undergraduate', 'Freshman (First Year)', 'Senior High School Graduating Student', '15', NULL, NULL, 'First Year', 'Arcao', 'Elhize ', 'Elineth', NULL, 'Em', '165', '53', '136448120214', NULL, 1, 0, NULL, NULL, '2004-05-02', 21, 'Manila City', 'Tagalog, English', 'FILIPINO', 'Buddist', 'Single', 'None', '9946377970', 'elhizeelinetharcano@gmail.com', '5421 Maui Oasis', 'Alupay', '1016', 'National Capital Region (NCR)', 'Metro Manila, First District', 'Sampaloc', 'N/A', 1, '5421 Maui Oasis', 'Alupay', '1016', 'National Capital Region (NCR)', 'Metro Manila, First District', 'Sampaloc', 'N/A', 1, 1, NULL, NULL, NULL, NULL, NULL, 0, NULL, NULL, NULL, NULL, NULL, NULL, NULL, NULL, NULL, NULL, 0, 'Arcao', 'Jonalane', 'Descuatan', NULL, 'Jona', 0, 'HIgh School Graduate ', '1st Yr College', 'BSBM', '1999', 'TIP Quiapo Manila', '09946377970', 'Housewife', 'N/A', '100000', 'jonalane@gmail.com', 'Mother', 'Arcao', 'Jonalane', 'Descuatan', NULL, 'Jona', '5421 Maui Oasis, Anonas St., Sampaloc, Manila', '09943677970', 'jonalane@gmail.com', '80,000 to 135,000', 'High School/Junior High School', '2020', 'W. Paz St., Sta. Elena, Marikina City', NULL, 'with Honor', 95.00, 2020, 'Senior High School', '2022', 'W. Paz St., Sta. Elena, Marikina City', 'STEM', 'with Honor', 95.00, 2022, 'Science, Technology, Engineering, and Mathematics (STEM)', NULL, NULL, NULL, 0, 0, 0, 0, 0, 0, 0, 0, 0, 0, 0, 0, 0, 0, 0, 0, NULL, NULL, NULL, NULL, 'pfizer', '2021-03-02', 'pfizer', '0002-06-02', NULL, NULL, NULL, NULL, 'Normal', 'Normal', 'Normal', 'Normal', 0, NULL, 1, '2025-12-02', 1),
(10, NULL, '2025100010_1by1_2025.png', 1, 'Undergraduate', 'Freshman (First Year)', 'Senior High School Graduating Student', '15', NULL, NULL, 'First Year', 'Valentine', 'Elise', NULL, NULL, 'Elii', '154', '56', 'No LRN Number', NULL, 1, NULL, NULL, NULL, '2003-01-29', 22, 'Manila, Philippines', 'Tagalog, English', 'FILIPINO', 'Catholic', 'Single', 'None', '9198246351', 'aira.lorainne07@gmail.com', '736 Penalosa Street', 'Barangay 60', '1012', 'National Capital Region (NCR)', 'Metro Manila, First District', 'Tondo I / Ii', 'N/A', 1, '736 Penalosa Street', 'Barangay 60', '1012', 'National Capital Region (NCR)', 'Metro Manila, First District', 'Tondo I / Ii', 'N/A', NULL, NULL, 'Torres', 'Ronaldo', 'Lazatin', NULL, 'Onne', 0, 'College Graduate', 'UDM', 'Engineering', '1999', 'Manila City', '9083973991', 'House Husband', 'N/A', '10000', 'torresonne@yahoo.com', 1, NULL, NULL, NULL, NULL, NULL, 0, NULL, NULL, NULL, NULL, NULL, NULL, NULL, NULL, NULL, 'aileen_ilu@yahoo.com', 'Father', 'Torres', 'Ronaldo', 'Lazatin', NULL, 'Onne', '116 Limay St. Hermosa Tondo Manila', '9083973991', 'torresonne@yahoo.com', '80,000 and below', 'High School/Junior High School', 'Ramon Magsaysay High School', 'Espana Manila', 'N/A', 'With Honors', 93.00, 2018, 'Senior High School', 'LCCM', 'Mendiola St. Manila', 'STEM', 'Wtih Honors', 90.00, 2021, 'Science, Technology, Engineering, and Mathematics (STEM)', NULL, NULL, NULL, 0, 0, 0, 0, 0, 0, 0, 0, 0, 0, 0, 0, 0, 0, 0, 0, NULL, NULL, NULL, NULL, 'pfizer', '2021-03-16', 'pfizer', '2021-04-08', NULL, NULL, NULL, NULL, NULL, NULL, NULL, NULL, 0, NULL, 1, '2025-12-02', 1),
(8, NULL, '2025100008_1by1_2025.jpg', 1, 'Graduate', 'Freshman (First Year)', 'Senior High School Graduate', '15', NULL, NULL, 'First Year', 'Wright', 'Jim', 'John', 'Jr.', NULL, '152', '45', 'No LRN Number', NULL, 0, NULL, NULL, NULL, '2003-11-21', 22, 'Hospital De Manila', 'Tagalog, English', 'FILIPINO', 'Catholic', 'Single', 'None', '639944869505', 'genny.ciruela@gmail.com', 'Cecil Street', 'Barangay 383', '1300', 'National Capital Region (NCR)', 'Metro Manila, First District', 'Quiapo', 'None', 1, 'Cecil Street', 'Barangay 383', '1300', 'National Capital Region (NCR)', 'Metro Manila, First District', 'Quiapo', 'None', NULL, 1, NULL, NULL, NULL, NULL, NULL, 0, NULL, NULL, NULL, NULL, NULL, NULL, NULL, NULL, NULL, NULL, 1, NULL, NULL, NULL, NULL, NULL, 0, NULL, NULL, NULL, NULL, NULL, NULL, NULL, NULL, NULL, 'ciruelagenny@gmail.com', 'Mother', 'Ciruela', 'Genny', 'Dedal', 'Jr.', 'None', 'Cecil Street', '09192233445', 'ciruelagenny@gmail.com', '80,000 and below', 'High School/Junior High School', 'Pasay City East High School', 'Gumamel 87 Pasay City', 'None', 'With Honors', 92.50, 2022, 'Senior High School', 'Arellano University', 'Mendiola', 'STEM', 'With highest honor', 99.00, 2022, 'Science, Technology, Engineering, and Mathematics (STEM)', NULL, NULL, NULL, 0, 0, 0, 0, 0, 0, 0, 0, 0, 0, 0, 0, 0, 0, 0, 0, NULL, 'none', 0, NULL, NULL, NULL, NULL, NULL, NULL, NULL, NULL, NULL, 'Normal', 'Normal', 'Normal', 'Normal', 0, 'none', 1, '2025-12-02', 1),
(19, NULL, '2025100019_1by1_2025.jpg', 1, 'Undergraduate', 'Freshman (First Year)', 'Senior High School Graduating Student', '14', NULL, NULL, 'First Year', 'Delacruz', 'Denzel', 'Bruce', NULL, 'B', '158', '75', 'No LRN Number', NULL, 0, NULL, NULL, NULL, '2005-08-07', 20, 'Manila, Philippines', 'Tagalog, English', 'FILIPINO', 'Catholic', 'Single', 'None', '9198256351', 'ccs.studentgovernment23@gmail.com', '19 G Dona Yayang Street ', 'Bagong Silang', '1012', 'National Capital Region (NCR)', 'Metro Manila, First District', 'San Miguel', 'N/A', 1, '19 G Dona Yayang Street ', 'Bagong Silang', '1012', 'National Capital Region (NCR)', 'Metro Manila, First District', 'San Miguel', 'N/A', NULL, 1, NULL, NULL, NULL, NULL, NULL, 0, NULL, NULL, NULL, NULL, NULL, NULL, NULL, NULL, NULL, NULL, 1, NULL, NULL, NULL, NULL, NULL, 0, NULL, NULL, NULL, NULL, NULL, NULL, NULL, NULL, NULL, NULL, 'Uncle', 'Mecasio', 'Ardo', NULL, NULL, 'Adi', '19 G Dona Yayang Street ', '9198226242', 'mec.ardo@gmail.com', '80,000 and below', 'High School/Junior High School', 'Ramon Magsaysay High School', 'Espana Manila', NULL, 'With Honors', 91.00, 2020, 'Senior High School', 'PLM', 'Intramuros, Manil', 'HUMSS', 'Wtih Honors', 92.00, 2022, 'Humanities and Social Sciences (HUMSS)', NULL, NULL, NULL, 0, 0, 0, 0, 0, 0, 0, 0, 0, 0, 0, 0, NULL, NULL, NULL, 0, NULL, NULL, NULL, NULL, NULL, NULL, NULL, NULL, NULL, NULL, NULL, NULL, NULL, NULL, NULL, NULL, NULL, NULL, 1, '2025-12-02', 1),
(13, NULL, '2025100013_1by1_2025.jpg', 1, 'Undergraduate', 'Freshman (First Year)', 'Senior High School Graduate', '15', NULL, NULL, 'First Year', 'Lastimosa', 'Athisa', 'Manalo', NULL, 'Ma. Athisa', '170', '55', 'No LRN Number', NULL, 1, NULL, NULL, NULL, '2004-05-06', 21, 'Manila, Philippines', 'Tagalog, English', 'FILIPINO', 'Catholic', 'Single', 'None', '639946377970', 'ccssg.treasurer25@gmail.com', '113 A. Mabini St.', 'San Roque', '1801', 'National Capital Region (NCR)', 'Metro Manila, Second District', 'City Of Marikina', 'N/A', 1, '113 A. Mabini St.', 'San Roque', '1801', 'National Capital Region (NCR)', 'Metro Manila, Second District', 'City Of Marikina', 'N/A', 1, 1, NULL, NULL, NULL, NULL, NULL, 0, NULL, NULL, NULL, NULL, NULL, NULL, NULL, NULL, NULL, NULL, 0, 'Grey', 'Catriona', 'Magnayon', NULL, 'cat', 0, 'HIgh School Graduate ', '1st Yr College', 'BSBM', '1999', 'W.paz St., Sta. Elena, Marikina', '09946377970', 'Accountant', 'Landbank', '100000', 'athisa@gmail.com', 'Mother', 'Grey', 'Catriona', 'Magnayon', NULL, 'cat', 'athisa@gmail.com', '09943677970', 'athisa@gmail.com', '80,000 to 135,000', 'High School/Junior High School', '2020', 'W. Paz St., Sta. Elena, Marikina City', NULL, 'with Honor', 95.00, 2020, 'Senior High School', '2022', 'W. Paz St., Sta. Elena, Marikina City', 'STEM', 'with Honor', 95.00, 2022, 'Science, Technology, Engineering, and Mathematics (STEM)', NULL, NULL, NULL, 0, 0, 0, 0, 0, 0, 0, 0, 0, 0, 0, 0, 0, 0, 0, 0, NULL, NULL, NULL, NULL, NULL, NULL, NULL, NULL, NULL, NULL, NULL, NULL, NULL, NULL, NULL, NULL, NULL, NULL, 1, '2025-12-02', 1),
(12, NULL, '2025100012_1by1_2025.jpg', 1, 'Graduate', 'Freshman (First Year)', 'Senior High School Graduate', '15', NULL, NULL, 'First Year', 'Wortzbach', 'Catriona', 'Blue', NULL, 'Cat', '200', '45', 'No LRN Number', NULL, 1, 1, 'Low-vision', 'PWD12345', '2003-11-21', 22, 'Manila, Philippines', 'Tagalog, English', 'BRITISH', 'Catholic', 'Single', 'None', '639944869505', 'delacruz.lc.bsinfotech@gmail.com', 'Cecil Street', 'Barangay 654', '1300', 'National Capital Region (NCR)', 'Metro Manila, First District', 'Intramuros', 'None', 1, 'Cecil Street', 'Barangay 654', '1300', 'National Capital Region (NCR)', 'Metro Manila, First District', 'Intramuros', 'None', NULL, 1, NULL, NULL, NULL, NULL, NULL, 0, NULL, NULL, NULL, NULL, NULL, NULL, NULL, NULL, NULL, NULL, NULL, 'Ciruela', 'Genny', 'Dedal', NULL, NULL, 0, 'College Graduate', 'PUP', 'Business Admin', '1992', 'Cecil Street', '09221234567', 'Accountant', 'XYZ Corp', '45000', 'ciruelagenny@gmail.com', 'Mother', 'Ciruela', 'Genny', 'Dedal', NULL, NULL, 'Cecil Street', '09192233445', 'ciruelagenny@gmail.com', '80,000 and below', 'High School/Junior High School', 'Rizal High School', 'Pasig City', 'None', 'None', 88.00, 2022, 'Senior High School', 'Arellano University', 'Jose Abad Pasay City', 'STEM', 'With highest honor', 99.00, 2022, 'Information and Communications Technology (ICT)', NULL, NULL, NULL, 0, 0, 0, 0, 0, 0, 0, 0, 0, 0, 0, 0, 0, 0, 0, 0, NULL, 'None', 0, NULL, NULL, NULL, NULL, NULL, NULL, NULL, NULL, NULL, 'Normal', 'Normal', 'Normal', 'Normal', 0, NULL, 1, '2025-12-02', 1),
(3, NULL, '2025100003_1by1_2025.jpg', 1, 'Undergraduate', 'Freshman (First Year)', 'Senior High School Graduate', '14', NULL, NULL, 'First Year', 'Sumalabe', 'Lendhy Andrey', 'Deuna', NULL, 'Dhy', '151', '59', '482916150015', NULL, 1, NULL, NULL, NULL, '2004-04-12', 21, 'Manila', 'Filipino, English', 'FILIPINO', 'Catholic', 'Single', 'None', '9457412672', 'sumalabe.lendhyandrey.deuna@gmail.com', '48-1 Lt. J. Francisco St. Brgy. Krus Na Ligas', 'Krus Na Ligas', '1101', 'National Capital Region (NCR)', 'Metro Manila, Second District', 'Quezon City', 'N/A', 1, '48-1 Lt. J. Francisco St. Brgy. Krus Na Ligas', 'Krus Na Ligas', '1101', 'National Capital Region (NCR)', 'Metro Manila, Second District', 'Quezon City', 'N/A', NULL, NULL, 'Sumalabe', 'Randy', 'Gala', NULL, 'Dhy', 0, 'College ', 'AMA ', 'Computer Systems and Network Technology', '2000', 'D. Munoz Avenue, Tandang Sora, Quezon City', '9081144568', 'Senior Technical Support', 'TRENDS ', '40000', 'sumalabe.lendhyandrey.deuna@gmail.com', 0, 'Sumalabe', 'Leony', 'Deuna', NULL, 'Nhe', 0, 'College', 'Polytechnic University of the Philippines', 'Bachelor of Science in Office Administration', '2025', '1016 Anonas, Sta. Mesa, Manila, Kalakhang Maynila', '9081144568', 'Admin Assistant', 'Quezon City Local Government', '15000', 'sumalabe.lendhyandrey.deuna@gmail.com', 'Mother', 'Sumalabe', 'Leony', 'Deuna', NULL, NULL, '48-1 Lt. J. Francisco St. Brgy. Krus Na Ligas', '9081144568', 'ldsumalabe17@gmail.com', '80,000 and below', 'High School/Junior High School', 'Krus Na Ligas High School', '45 V Francisco St. / Brgy. Krus Na Ligas / Quezon City', NULL, 'With Honors', 90.00, 2020, 'Senior High School', 'Krus Na Ligas High School', '45 V Francisco St. / Brgy. Krus Na Ligas / Quezon City', 'TVL - ICT', 'With Honors', 91.00, 2022, 'Information and Communications Technology (ICT)', NULL, NULL, NULL, 0, 0, 0, 0, 1, 0, 0, 0, 0, 0, 0, 0, 0, 0, 0, 0, NULL, NULL, 0, NULL, 'Pfizer', '2022-12-04', 'Pfizer', '2023-01-04', 'Pfizer', '2023-02-04', 'Pfizer', '2023-03-04', NULL, NULL, NULL, NULL, 1, NULL, 1, '2025-12-02', 1),
(17, NULL, '2025100017_1by1_2025.jpg', 1, 'Undergraduate', 'Freshman (First Year)', 'Senior High School Graduate', '14', NULL, NULL, 'First Year', 'Tantiongco', 'Katelene', 'Arcao', NULL, 'Kate', '160', '45', 'No LRN Number', NULL, 1, NULL, NULL, NULL, '2004-10-31', 21, 'Manila City', 'Tagalog, English', 'FILIPINO', 'Catholic', 'Single', 'None', '639946377970', 'nacufama@gmail.com', '113 A. Mabini St.', 'San Roque', '1801', 'National Capital Region (NCR)', 'Metro Manila, Second District', 'City Of Marikina', 'N/A', 1, '113 A. Mabini St.', 'San Roque', '1801', 'National Capital Region (NCR)', 'Metro Manila, Second District', 'City Of Marikina', 'N/A', 1, 1, NULL, NULL, NULL, NULL, NULL, 0, NULL, NULL, NULL, NULL, NULL, NULL, NULL, NULL, NULL, NULL, 0, 'Wurtzbach', 'Pia', 'Alonzo', NULL, 'pia', 1, NULL, NULL, NULL, NULL, NULL, '09946377970', 'Accountant', 'Landbank', '100000', 'pia@gmail.com', 'Mother', 'Wurtzbach', 'Pia', 'Alonzo', NULL, 'pia', '113 A. Mabini St.', '09943677970', 'pia@gmail.com', '80,000 to 135,000', 'High School/Junior High School', '2020', 'W. Paz St., Sta. Elena, Marikina City', NULL, 'with Honor', 95.00, 2020, 'Senior High School', '2022', 'W. Paz St., Sta. Elena, Marikina City', 'STEM', 'with Honor', 95.00, 2022, 'Science, Technology, Engineering, and Mathematics (STEM)', NULL, NULL, NULL, 0, NULL, NULL, NULL, NULL, NULL, NULL, NULL, NULL, NULL, NULL, NULL, NULL, NULL, NULL, NULL, NULL, NULL, NULL, NULL, NULL, NULL, NULL, NULL, NULL, NULL, NULL, NULL, NULL, NULL, NULL, NULL, NULL, NULL, 1, '2025-12-02', 1),
(7, NULL, '2025100007_1by1_2025.jpg', 1, 'Undergraduate', 'Freshman (First Year)', 'Senior High School Graduate', '14', NULL, NULL, 'First Year', 'Sumalabe', 'Leizel Kassandra', 'Deuna', NULL, 'Leizel', '152', '54', 'No LRN Number', NULL, 1, NULL, NULL, NULL, '2004-05-04', 21, 'Manila', 'Filipino, English', 'FILIPINO', 'Catholic', 'Single', 'None', '9081144568', 'lendhysumalabe2@gmail.com', '48-1 Lt. J. Francisco Steet', 'Krus Na Ligas', '1101', 'National Capital Region (NCR)', 'Metro Manila, Second District', 'Quezon City', 'N/A', 1, '48-1 Lt. J. Francisco Steet', 'Krus Na Ligas', '1101', 'National Capital Region (NCR)', 'Metro Manila, Second District', 'Quezon City', 'N/A', 0, 1, NULL, NULL, NULL, NULL, NULL, 0, NULL, NULL, NULL, NULL, NULL, NULL, NULL, NULL, NULL, NULL, 1, NULL, NULL, NULL, NULL, NULL, 0, NULL, NULL, NULL, NULL, NULL, NULL, NULL, NULL, NULL, NULL, 'Mother', 'Sumalabe', 'Leony', 'Deuna', NULL, 'Nhe', '48-1 Lt. J. Francisco Steet', '9081144568', 'ldsumalabe17@gmail.com', '80,000 and below', 'High School/Junior High School', 'Krus Na Ligas High School', '45 V Francisco St. / Brgy. Krus Na Ligas / Quezon City', NULL, 'With Honors', 90.00, 2020, 'Senior High School', 'Krus Na Ligas High School', '45 V Francisco St. / Brgy. Krus Na Ligas / Quezon City', 'TVL - ICT', 'With Honors', 91.00, 2022, 'Information and Communications Technology (ICT)', NULL, NULL, NULL, 0, 1, 0, 0, 0, 0, 0, 1, 0, 0, 0, 1, 0, 1, 1, 0, NULL, NULL, 0, NULL, 'Pfizer', '2021-11-04', 'Pfizer', '2021-12-04', 'Pfizer', '2022-01-04', 'Pfizer', '2022-02-04', NULL, NULL, NULL, NULL, 0, NULL, 1, '2025-12-02', 1),
(9, NULL, '2025100009_1by1_2025.jpg', 1, 'Undergraduate', 'Freshman (First Year)', 'Senior High School Graduate', '15', NULL, NULL, 'First Year', 'Morit', 'Sadie Amitiel', 'Nieva', NULL, 'EJ', '150', '45', 'No LRN Number', NULL, 1, NULL, NULL, NULL, '2004-08-23', 21, 'Korea', 'Tagalog, English', 'FILIPINO', 'Catholic', 'Single', 'Ilocano', '9946377970', 'arcanoelhizeelineth@gmail.com', '113 A. Mabini St.', 'San Roque', '1801', 'National Capital Region (NCR)', 'Metro Manila, Second District', 'City Of Marikina', 'N/A', 1, '113 A. Mabini St.', 'San Roque', '1801', 'National Capital Region (NCR)', 'Metro Manila, Second District', 'City Of Marikina', 'N/A', 1, 0, 'Morit', 'Emmanuel ', 'Cuetara', NULL, 'Emman', 1, NULL, NULL, NULL, NULL, NULL, '09946377970', 'POGO worker', 'POGO Hub', '100000', 'emmanuel@gmail.com', 1, 'Morit', NULL, NULL, NULL, NULL, 0, NULL, NULL, NULL, NULL, NULL, NULL, NULL, NULL, NULL, 'arcanoelhizeelineth@gmail.com', 'Father', 'Morit', 'Emmanuel', 'Cuetara', NULL, 'Emman', '113 A. Mabini St. San Roque, Marikina City', '09943677970', 'emmanuel@gmail.com', '80,000 to 135,000', 'High School/Junior High School', '2020', 'W. Paz St., Sta. Elena, Marikina City', NULL, 'with Honor', 95.00, 2020, 'Senior High School', '2022', 'W. Paz St., Sta. Elena, Marikina City', 'STEM', 'with Honor', 95.00, 2022, 'Science, Technology, Engineering, and Mathematics (STEM)', NULL, NULL, NULL, 0, 0, 0, 0, 0, 0, 0, 0, 0, 0, 0, 0, 0, 0, 0, 0, NULL, NULL, 0, NULL, NULL, NULL, NULL, NULL, NULL, NULL, NULL, NULL, NULL, NULL, NULL, NULL, NULL, NULL, 1, '2025-12-02', 1),
(22, NULL, '2025100022_1by1_2025.jpg', 1, 'Undergraduate', 'Freshman (First Year)', 'Senior High School Graduate', '14', NULL, NULL, 'First Year', 'Nacu', 'Adrian Kurt', 'Paraiso', NULL, 'Adi', '180', '70', 'No LRN Number', NULL, 0, NULL, NULL, NULL, '2004-05-06', 21, 'Manila City', 'Tagalog, English, Bisaya', 'FILIPINO', 'Jehovah\'s Witness', 'Single', 'None', '639946377970', 'arcanoelhizeelineth@gmail.com', '113 A. Mabini St.', 'San Roque', '1801', 'National Capital Region (NCR)', 'Metro Manila, Second District', 'City Of Marikina', 'N/A', 1, '113 A. Mabini St.', 'San Roque', '1801', 'National Capital Region (NCR)', 'Metro Manila, Second District', 'City Of Marikina', 'N/A', 1, 1, NULL, NULL, NULL, NULL, NULL, 0, NULL, NULL, NULL, NULL, NULL, NULL, NULL, NULL, NULL, NULL, 0, 'Nacu', 'Bethsaida', 'Paraiso', NULL, 'Chay', 1, NULL, NULL, NULL, NULL, NULL, '09946377970', 'Accountant', 'Landbank', '100000', NULL, 'Others', NULL, NULL, NULL, NULL, NULL, NULL, NULL, NULL, '80,000 to 135,000', 'High School/Junior High School', '2020', 'W. Paz St., Sta. Elena, Marikina City', NULL, 'with Honor', 95.00, 2020, 'Senior High School', '2022', 'W. Paz St., Sta. Elena, Marikina City', 'STEM', 'with Honor', 95.00, 2022, 'Science, Technology, Engineering, and Mathematics (STEM)', NULL, NULL, NULL, NULL, NULL, NULL, NULL, NULL, NULL, NULL, NULL, NULL, NULL, NULL, NULL, NULL, NULL, NULL, NULL, NULL, NULL, NULL, NULL, NULL, NULL, NULL, NULL, NULL, NULL, NULL, NULL, NULL, NULL, NULL, NULL, 0, NULL, 1, '2025-12-02', 1),
(16, NULL, '2025100016_1by1_2025.jpg', 1, 'Undergraduate', 'Freshman (First Year)', 'Senior High School Graduate', '14', NULL, NULL, 'First Year', 'Sazon', 'Carl', 'Uy-oco', NULL, 'Carl', '180', '47', '192829876531', NULL, 0, 0, NULL, NULL, '2006-07-04', 19, 'Manila', 'Tagalog, English', 'FILIPINO', 'Catholic', 'Single', 'None', '9568765831', 'carlsazon@gmail.com', '18 Tanigue', 'Barangay 20', '1409', 'National Capital Region (NCR)', 'Metro Manila, Third District', 'Caloocan City', 'N/A', 1, '18 Tanigue', 'Barangay 20', '1409', 'National Capital Region (NCR)', 'Metro Manila, Third District', 'Caloocan City', 'N/A', NULL, NULL, 'Sazon', 'Benny', 'Papa', 'Jr.', 'Bob', 0, 'Undergraduate', 'Western Mindanao State University', 'BSIT', '1985', 'Baliwasan, San Ramon, Zamboanga City', '9864356785', 'Business Owner', 'N/A', '20000', 'bennysazon@gmail.com', NULL, 'Uy-oco', 'Fe', 'Bugal', NULL, NULL, 0, 'High School', 'Leyte National High School', 'N/A', '1980', 'Tacloban, Leyte', '09192233445', 'House Wife', 'N/A', '0', 'feuyoco@gmail.com', 'Mother', 'Uy-oco', 'Fe', 'Bugal', NULL, NULL, '18 Tanigue St. Barangay 20 Caloocan City', '09192233445', 'feuyoco@gmail.com', '80,000 and below', 'High School/Junior High School', 'Batasan Hills National High School', '1126 Batasan Road, Quezon City', 'N/A', 'N/A', 90.00, 2022, 'Senior High School', 'Batasan Hills National High School', '1126 Batasan Road, Quezon City', 'N/A', 'N/A', 90.00, 2024, 'Science, Technology, Engineering, and Mathematics (STEM)', NULL, NULL, NULL, 0, 0, 0, 0, 0, 0, 0, 0, 0, 0, 0, 0, 0, 0, 0, NULL, NULL, NULL, NULL, NULL, 'Pfizer', '2020-04-01', 'Pfizer', '2020-04-10', 'Pfizer', '2021-10-01', 'Pfizer', '2021-10-20', NULL, NULL, NULL, NULL, NULL, NULL, 1, '2025-12-02', 1),
(5, NULL, '2025100005_1by1_2025.jpg', 1, 'Undergraduate', 'Freshman (First Year)', 'Senior High School Graduate', '14', NULL, NULL, 'First Year', 'Sazon', 'Moneque ', 'Uy-oco', NULL, 'Nick', '155', '40', '242453672819', NULL, 1, NULL, NULL, NULL, '2007-11-08', 18, 'Manila, Philippines', 'Tagalog, English', 'FILIPINO', 'Catholic', 'Single', 'None', '9065652140', 'sazon.m.bsinfotech@gmail.com', '18 Tanigue', 'Barangay 20', '1409', 'National Capital Region (NCR)', 'Metro Manila, Third District', 'Caloocan City', 'N/A', 1, 'Tanigue', 'Barangay 20', '1409', 'National Capital Region (NCR)', 'Metro Manila, Third District', 'Caloocan City', 'N/A', NULL, NULL, 'Sazon', 'Benny', 'Papa', 'Jr.', 'Bob', 0, 'Undergraduate', 'Western Mindanao State University', 'BSIT', '1994', 'Baliwasan, San Ramon, Zamboanga City', '9726378912', 'Business Owner', 'N/A', '20000', 'bennysazon@gmail.com', NULL, 'Uy-oco', 'Fe', 'Bugal', NULL, 'Fe', 0, 'High School', 'Leyte National High School', 'N/A', '1980', 'Tacloban, Leyte', '972536271', 'House Wife', 'N/A', '0', 'feuyoco@gmail.com', 'Mother', 'Uy-oco', 'Fe', 'Bugal', NULL, 'Fe', '18 Tanigue St. Barangay 20 Caloocan City', '972536271', 'feuyoco@gmail.com', '80,000 and below', 'High School/Junior High School', 'Batasan Hills National High School', '1126 Batasan Road, Quezon City', 'N/A', 'N/A', 89.00, 2023, 'Senior High School', 'Batasan Hills National High School', '1126 Batasan Road, Quezon City', 'N/A', 'N/A', 89.00, 2025, 'Information and Communications Technology (ICT)', NULL, NULL, NULL, 0, 0, 0, 0, 0, 0, 0, 0, 0, 0, 0, 0, 0, 0, 0, 0, NULL, 'N/A', 0, NULL, 'Pfizer', NULL, 'Pfizer', NULL, 'Pfizer', NULL, 'Pfizer', NULL, NULL, NULL, NULL, NULL, NULL, NULL, 1, '2025-12-02', 1),
(25, NULL, '2025100025_1by1_2025.jpg', 1, 'Undergraduate', 'Freshman (First Year)', 'Senior High School Graduate', '15', NULL, NULL, 'First Year', 'Zoro', 'Roronoa', NULL, NULL, NULL, '178', '85', 'No LRN Number', NULL, 0, NULL, NULL, NULL, '2004-11-11', 21, 'East blue', 'Tagalog, English, Japanese', 'JAPANESE', 'Catholic', 'Single', 'None', '9948731882', 'nevadelacruz9@gmail.com', '880 L. Sta. Rita St. Tondo Manila ', 'Barangay 11', '1012', 'National Capital Region (NCR)', 'Metro Manila, First District', 'Tondo I / Ii', 'none', 1, '880 L. Sta. Rita St. Tondo Manila ', 'Barangay 11', '1012', 'National Capital Region (NCR)', 'Metro Manila, First District', 'Tondo I / Ii', 'none', 1, 1, NULL, NULL, NULL, NULL, NULL, 0, NULL, NULL, NULL, NULL, NULL, NULL, NULL, NULL, NULL, NULL, 1, NULL, NULL, NULL, NULL, NULL, 0, NULL, NULL, NULL, NULL, NULL, NULL, NULL, NULL, NULL, NULL, 'Others', 'Luffy', 'Monkey', 'Davy', NULL, 'Mugiwara', '880 L. Sta. Rita St. Tondo Manila', '9948731882', 'mugiwarasedi4@gmail.com', '500,000 to 1,000,000', 'High School/Junior High School', 'Jose Abad Santos High School', 'Numancia St. ', 'ICT', 'With High Honors', 95.00, 2020, 'Senior High School', 'NTC', 'Mendiola', 'ICT', 'With highest honor', 95.00, 2022, 'Information and Communications Technology (ICT)', NULL, NULL, NULL, NULL, NULL, NULL, NULL, NULL, NULL, NULL, NULL, NULL, NULL, NULL, NULL, NULL, NULL, NULL, NULL, NULL, NULL, NULL, NULL, NULL, NULL, NULL, NULL, NULL, NULL, NULL, NULL, NULL, NULL, NULL, NULL, NULL, NULL, 1, '2025-12-03', 1),
(27, NULL, '2025100027_1by1_2025.jpg', 1, 'Graduate', 'Freshman (First Year)', 'Senior High School Graduate', '15', NULL, NULL, 'First Year', 'Pacia', 'Clyde', 'Jefferson', NULL, NULL, '160', '50', '136678901267', NULL, 0, NULL, NULL, NULL, '2001-02-02', 24, 'Tondo', 'Tagalog', 'FILIPINO', 'Catholic', 'Single', 'None', '9944869520', 'mugiwarasedi4@gmail.com', '16 Yakal Street Maricaban', 'Binukawan', '1300', 'Region III (Central Luzon)', 'Bataan', 'Bagac', 'None', 1, '16 Yakal Street Maricaban', 'Binukawan', '1300', 'Region III (Central Luzon)', 'Bataan', 'Bagac', 'None', NULL, 1, NULL, NULL, NULL, NULL, NULL, 0, NULL, NULL, NULL, NULL, NULL, NULL, NULL, NULL, NULL, NULL, 1, NULL, NULL, NULL, NULL, NULL, 0, NULL, NULL, NULL, NULL, NULL, NULL, NULL, NULL, NULL, NULL, 'StepMother', 'Smith', 'Geneva', NULL, NULL, NULL, '16 Yakal Street Maricaban Pasay City', '9944869505', 'ciruelagenny@gmail.com', '80,000 and below', 'High School/Junior High School', 'Mandaluyong East High school', 'Block 12 Lot 2 Mandaluyong City', 'None', 'None', 88.00, 2020, 'Senior High School', 'Arellano University', 'Nagtahan Street', 'Stem', 'with honor', 90.00, 2022, 'Science, Technology, Engineering, and Mathematics (STEM)', NULL, NULL, NULL, NULL, NULL, NULL, NULL, NULL, NULL, NULL, NULL, NULL, NULL, NULL, NULL, NULL, NULL, NULL, NULL, NULL, NULL, NULL, NULL, NULL, NULL, NULL, NULL, NULL, NULL, NULL, NULL, NULL, NULL, NULL, NULL, NULL, NULL, 1, '2025-12-03', 1),
(26, NULL, '2025100026_1by1_2025.jpg', 1, 'Graduate', 'Freshman (First Year)', 'Senior High School Graduate', '15', NULL, NULL, 'First Year', 'Smith', 'Cristopher', 'Dennis', 'Sr.', NULL, '180', '69', '136690125678', NULL, 0, NULL, NULL, NULL, '2004-02-11', 21, 'Mandaluyong', 'Tagalog', 'FILIPINO', 'Catholic', 'Single', 'None', '9944869520', 'purpleplumiesz@gmail.com', '16 Yakal Street Maricaban', 'Barangay 288', '1300', 'National Capital Region (NCR)', 'Metro Manila, First District', 'Binondo', 'None', 1, '16 Yakal Street Maricaban', 'Barangay 288', '1300', 'National Capital Region (NCR)', 'Metro Manila, First District', 'Binondo', 'None', NULL, 1, NULL, NULL, NULL, NULL, NULL, 0, NULL, NULL, NULL, NULL, NULL, NULL, NULL, NULL, NULL, NULL, 1, NULL, NULL, NULL, NULL, NULL, 0, NULL, NULL, NULL, NULL, NULL, NULL, NULL, NULL, NULL, NULL, 'StepMother', 'Smith', 'Tanner', 'Llloyd', NULL, NULL, '16 Yakal Street Maricaban Pasay City', '9944869505', 'ciruelagenny@gmail.com', '80,000 and below', 'High School/Junior High School', 'Mandaluyong East High school', 'Block 12 Lot 2 Mandaluyong City', 'None', 'None', 88.00, 2020, 'Senior High School', 'Arellano University', 'Nagtahan Street', 'Stem', 'with honor', 90.00, 2022, 'Information and Communications Technology (ICT)', NULL, NULL, NULL, 0, 0, 0, 0, 0, 0, 0, 0, 0, 0, 0, 0, 0, 0, 0, 0, 'none', 'None', 0, NULL, 'Moderna', NULL, NULL, NULL, NULL, NULL, NULL, NULL, 'Normal', 'Normal', 'Normal', 'Normal', NULL, 'None', 1, '2025-12-03', 1),
(29, NULL, '2025100029_1by1_2025.jpg', NULL, NULL, NULL, NULL, NULL, NULL, NULL, NULL, NULL, NULL, NULL, NULL, NULL, NULL, NULL, NULL, NULL, NULL, NULL, NULL, NULL, NULL, NULL, NULL, NULL, NULL, NULL, NULL, NULL, NULL, NULL, NULL, NULL, NULL, NULL, NULL, NULL, NULL, NULL, NULL, NULL, NULL, NULL, NULL, NULL, NULL, NULL, NULL, NULL, NULL, NULL, NULL, NULL, 0, NULL, NULL, NULL, NULL, NULL, NULL, NULL, NULL, NULL, NULL, NULL, NULL, NULL, NULL, NULL, NULL, 0, NULL, NULL, NULL, NULL, NULL, NULL, NULL, NULL, NULL, NULL, NULL, NULL, NULL, NULL, NULL, NULL, NULL, NULL, NULL, NULL, NULL, NULL, NULL, NULL, NULL, NULL, NULL, NULL, NULL, NULL, NULL, NULL, NULL, NULL, NULL, NULL, NULL, NULL, NULL, NULL, NULL, NULL, NULL, NULL, NULL, NULL, NULL, NULL, NULL, NULL, NULL, NULL, NULL, NULL, NULL, NULL, NULL, NULL, NULL, NULL, NULL, NULL, NULL, NULL, NULL, NULL, NULL, NULL, NULL, NULL, NULL, NULL, NULL, '0000-00-00', 1),
(30, NULL, '2025100030_1by1_2025.jpg', NULL, NULL, NULL, NULL, NULL, NULL, NULL, NULL, NULL, NULL, NULL, NULL, NULL, NULL, NULL, NULL, NULL, NULL, NULL, NULL, NULL, NULL, NULL, NULL, NULL, NULL, NULL, NULL, NULL, NULL, NULL, NULL, NULL, NULL, NULL, NULL, NULL, NULL, NULL, NULL, NULL, NULL, NULL, NULL, NULL, NULL, NULL, NULL, NULL, NULL, NULL, NULL, NULL, 0, NULL, NULL, NULL, NULL, NULL, NULL, NULL, NULL, NULL, NULL, NULL, NULL, NULL, NULL, NULL, NULL, 0, NULL, NULL, NULL, NULL, NULL, NULL, NULL, NULL, NULL, NULL, NULL, NULL, NULL, NULL, NULL, NULL, NULL, NULL, NULL, NULL, NULL, NULL, NULL, NULL, NULL, NULL, NULL, NULL, NULL, NULL, NULL, NULL, NULL, NULL, NULL, NULL, NULL, NULL, NULL, NULL, NULL, NULL, NULL, NULL, NULL, NULL, NULL, NULL, NULL, NULL, NULL, NULL, NULL, NULL, NULL, NULL, NULL, NULL, NULL, NULL, NULL, NULL, NULL, NULL, NULL, NULL, NULL, NULL, NULL, NULL, NULL, NULL, NULL, '0000-00-00', 1),
(31, NULL, NULL, NULL, NULL, NULL, NULL, NULL, NULL, NULL, NULL, NULL, NULL, NULL, NULL, NULL, NULL, NULL, NULL, NULL, NULL, NULL, NULL, NULL, NULL, NULL, NULL, NULL, NULL, NULL, NULL, NULL, NULL, NULL, NULL, NULL, NULL, NULL, NULL, NULL, NULL, NULL, NULL, NULL, NULL, NULL, NULL, NULL, NULL, NULL, NULL, NULL, NULL, NULL, NULL, NULL, 0, NULL, NULL, NULL, NULL, NULL, NULL, NULL, NULL, NULL, NULL, NULL, NULL, NULL, NULL, NULL, NULL, 0, NULL, NULL, NULL, NULL, NULL, NULL, NULL, NULL, NULL, NULL, NULL, NULL, NULL, NULL, NULL, NULL, NULL, NULL, NULL, NULL, NULL, NULL, NULL, NULL, NULL, NULL, NULL, NULL, NULL, NULL, NULL, NULL, NULL, NULL, NULL, NULL, NULL, NULL, NULL, NULL, NULL, NULL, NULL, NULL, NULL, NULL, NULL, NULL, NULL, NULL, NULL, NULL, NULL, NULL, NULL, NULL, NULL, NULL, NULL, NULL, NULL, NULL, NULL, NULL, NULL, NULL, NULL, NULL, NULL, NULL, NULL, NULL, NULL, '0000-00-00', 1),
(32, NULL, NULL, NULL, NULL, NULL, NULL, NULL, NULL, NULL, NULL, NULL, NULL, NULL, NULL, NULL, NULL, NULL, NULL, NULL, NULL, NULL, NULL, NULL, NULL, NULL, NULL, NULL, NULL, NULL, NULL, NULL, NULL, NULL, NULL, NULL, NULL, NULL, NULL, NULL, NULL, NULL, NULL, NULL, NULL, NULL, NULL, NULL, NULL, NULL, NULL, NULL, NULL, NULL, NULL, NULL, 0, NULL, NULL, NULL, NULL, NULL, NULL, NULL, NULL, NULL, NULL, NULL, NULL, NULL, NULL, NULL, NULL, 0, NULL, NULL, NULL, NULL, NULL, NULL, NULL, NULL, NULL, NULL, NULL, NULL, NULL, NULL, NULL, NULL, NULL, NULL, NULL, NULL, NULL, NULL, NULL, NULL, NULL, NULL, NULL, NULL, NULL, NULL, NULL, NULL, NULL, NULL, NULL, NULL, NULL, NULL, NULL, NULL, NULL, NULL, NULL, NULL, NULL, NULL, NULL, NULL, NULL, NULL, NULL, NULL, NULL, NULL, NULL, NULL, NULL, NULL, NULL, NULL, NULL, NULL, NULL, NULL, NULL, NULL, NULL, NULL, NULL, NULL, NULL, NULL, NULL, '0000-00-00', 1),
(38, NULL, '2025100038_1by1_2026.jpg', 1, 'Undergraduate', 'Freshman (First Year)', 'Senior High School Graduating Student', '8', NULL, NULL, 'First Year', 'Montano', 'Mark', 'Placido', NULL, 'Mark', '165', '59', '123456789012', NULL, 0, NULL, NULL, NULL, '2003-06-26', 22, 'Manila, Philippines', 'Tagalog, English', 'FILIPINO', 'Christian', 'Single', 'None', '639953242510', 'markmontano123@gmail.com', '19 G Dona yayang Street Libis', 'Libis', '4100', 'National Capital Region (NCR)', 'Metro Manila, Second District', 'Quezon City', '12354', 1, '19 G Dona yayang Street Libis', 'Libis', '4100', 'National Capital Region (NCR)', 'Metro Manila, Second District', 'Quezon City', '12354', NULL, 1, NULL, NULL, NULL, NULL, NULL, 0, NULL, NULL, NULL, NULL, NULL, NULL, NULL, NULL, NULL, NULL, 1, NULL, NULL, NULL, NULL, NULL, 0, NULL, NULL, NULL, NULL, NULL, NULL, NULL, NULL, NULL, NULL, 'Brother/Sister', 'Montano', 'Mark Anthony', 'Placido', 'I', 'gegegege', '19 G Dona yayang Street Libis', '09192233445', 'montano.ma.bsinfotech@gmail.com', '135,000 to 250,000', 'High School/Junior High School', 'Rizal High School', 'Pasig City', 'STEM', 'With Honors', 92.50, 2022, 'Senior High School', 'CGEAHS', 'Mendiola', 'Rizal High School', 'With high honor', 100.00, 2025, 'Information and Communications Technology (ICT)', NULL, NULL, NULL, NULL, NULL, NULL, NULL, NULL, NULL, NULL, NULL, NULL, NULL, NULL, NULL, NULL, NULL, NULL, NULL, NULL, NULL, NULL, NULL, NULL, NULL, NULL, NULL, NULL, NULL, NULL, NULL, NULL, NULL, NULL, NULL, NULL, NULL, 1, '2026-01-21', 1),
(39, '224-06342M', NULL, 1, NULL, NULL, NULL, NULL, NULL, NULL, NULL, 'Montano', 'Mark Anthony', 'Placido', NULL, NULL, NULL, NULL, NULL, NULL, NULL, 0, '0', NULL, NULL, NULL, NULL, NULL, NULL, NULL, NULL, NULL, '198281281', 'markmontano@gmail.com', 'Lot1 Blk7 Kaamay St', 'Brgy. Visayas', '1234', 'NCR', 'Metro Manila', 'Manila City', '123123123131', NULL, NULL, NULL, NULL, NULL, NULL, NULL, NULL, NULL, NULL, NULL, NULL, NULL, NULL, NULL, 0, NULL, NULL, NULL, NULL, NULL, NULL, NULL, NULL, NULL, NULL, NULL, NULL, NULL, NULL, NULL, NULL, 0, NULL, NULL, NULL, NULL, NULL, NULL, NULL, NULL, NULL, NULL, NULL, NULL, NULL, NULL, NULL, NULL, NULL, NULL, NULL, NULL, NULL, NULL, NULL, NULL, NULL, NULL, NULL, NULL, NULL, NULL, NULL, NULL, NULL, NULL, NULL, NULL, NULL, NULL, NULL, NULL, NULL, NULL, NULL, NULL, NULL, NULL, NULL, NULL, NULL, NULL, NULL, NULL, NULL, NULL, NULL, NULL, NULL, NULL, NULL, NULL, NULL, NULL, NULL, NULL, NULL, NULL, NULL, NULL, NULL, NULL, NULL, NULL, NULL, '2026-01-29', 1),
(44, NULL, '2026100001_1by1_2026.png', 1, 'Undergraduate', 'Freshman (First Year)', 'Senior High School Graduate', '15', NULL, NULL, 'First Year', 'Mecasio', 'Arden', 'Bandoja', NULL, 'Arden', '151', '45', '123456789012', NULL, 0, NULL, NULL, NULL, '2003-04-10', 22, 'Manila, Philippines', 'Tagalog, English', 'FILIPINO', 'Catholic', 'Single', 'None', '639561692738', 'mecasio.a.bsinfotech@gmail.com', 'Manunggal St.', 'Ligid-Tipas', '1113', 'National Capital Region (NCR)', 'Metro Manila, Fourth District', 'Taguig City', 'DSWD123456', 1, 'Manunggal St.', 'Ligid-Tipas', '1113', 'National Capital Region (NCR)', 'Metro Manila, Fourth District', 'Taguig City', 'DSWD123456', NULL, NULL, 'Mecasio', 'Rolando', 'Godines', NULL, 'Roy', 1, NULL, NULL, NULL, NULL, NULL, '981923213', 'Engineer', 'ABC Corp', '50000', 'rolando.mecasio@gmail.com', NULL, 'Mecasio', 'Lourdes', 'Bandoja', NULL, 'Inday', 1, NULL, NULL, NULL, NULL, NULL, '9207556916', 'CEO', 'asd', '45000', 'lourdes.mecasio@gmail.com', 'Brother/Sister', 'Mecasio', 'Arden', 'Bandoja', NULL, 'Benny', 'Manunggal St.', '9192233445', 'mecasio.a.bsinfotech@gmail.com', '80,000 to 135,000', 'High School/Junior High School', 'Rizal High School', 'manila', 'Bachelor of Science Mjor in Information Technology', 'With Honors', 89.70, 2022, 'Senior High School', 'asdad', 'asdas', 'asda', 'dasda', 90.00, 2022, 'Information and Communications Technology (ICT)', NULL, NULL, NULL, NULL, NULL, NULL, NULL, NULL, NULL, NULL, NULL, NULL, NULL, NULL, NULL, NULL, NULL, NULL, NULL, NULL, NULL, NULL, NULL, NULL, NULL, NULL, NULL, NULL, NULL, NULL, NULL, NULL, NULL, NULL, NULL, NULL, NULL, 1, '2026-01-31', 1);
INSERT INTO `person_table` (`person_id`, `student_number`, `profile_img`, `campus`, `academicProgram`, `classifiedAs`, `applyingAs`, `program`, `program2`, `program3`, `yearLevel`, `last_name`, `first_name`, `middle_name`, `extension`, `nickname`, `height`, `weight`, `lrnNumber`, `nolrnNumber`, `gender`, `pwdMember`, `pwdType`, `pwdId`, `birthOfDate`, `age`, `birthPlace`, `languageDialectSpoken`, `citizenship`, `religion`, `civilStatus`, `tribeEthnicGroup`, `cellphoneNumber`, `emailAddress`, `presentStreet`, `presentBarangay`, `presentZipCode`, `presentRegion`, `presentProvince`, `presentMunicipality`, `presentDswdHouseholdNumber`, `sameAsPresentAddress`, `permanentStreet`, `permanentBarangay`, `permanentZipCode`, `permanentRegion`, `permanentProvince`, `permanentMunicipality`, `permanentDswdHouseholdNumber`, `solo_parent`, `father_deceased`, `father_family_name`, `father_given_name`, `father_middle_name`, `father_ext`, `father_nickname`, `father_education`, `father_education_level`, `father_last_school`, `father_course`, `father_year_graduated`, `father_school_address`, `father_contact`, `father_occupation`, `father_employer`, `father_income`, `father_email`, `mother_deceased`, `mother_family_name`, `mother_given_name`, `mother_middle_name`, `mother_ext`, `mother_nickname`, `mother_education`, `mother_education_level`, `mother_last_school`, `mother_course`, `mother_year_graduated`, `mother_school_address`, `mother_contact`, `mother_occupation`, `mother_employer`, `mother_income`, `mother_email`, `guardian`, `guardian_family_name`, `guardian_given_name`, `guardian_middle_name`, `guardian_ext`, `guardian_nickname`, `guardian_address`, `guardian_contact`, `guardian_email`, `annual_income`, `schoolLevel`, `schoolLastAttended`, `schoolAddress`, `courseProgram`, `honor`, `generalAverage`, `yearGraduated`, `schoolLevel1`, `schoolLastAttended1`, `schoolAddress1`, `courseProgram1`, `honor1`, `generalAverage1`, `yearGraduated1`, `strand`, `cough`, `colds`, `fever`, `asthma`, `faintingSpells`, `heartDisease`, `tuberculosis`, `frequentHeadaches`, `hernia`, `chronicCough`, `headNeckInjury`, `hiv`, `highBloodPressure`, `diabetesMellitus`, `allergies`, `cancer`, `smokingCigarette`, `alcoholDrinking`, `hospitalized`, `hospitalizationDetails`, `medications`, `hadCovid`, `covidDate`, `vaccine1Brand`, `vaccine1Date`, `vaccine2Brand`, `vaccine2Date`, `booster1Brand`, `booster1Date`, `booster2Brand`, `booster2Date`, `chestXray`, `cbc`, `urinalysis`, `otherworkups`, `symptomsToday`, `remarks`, `termsOfAgreement`, `created_at`, `current_step`) VALUES
(45, NULL, '2026100002_1by1_2026.jpg', 1, 'Undergraduate', 'Freshman (First Year)', 'Senior High School Graduate', '15', NULL, NULL, 'First Year', 'Torres', 'Aira Lorainne', 'Santos', NULL, 'Lorainne', '152', '63', 'No LRN Number', NULL, 1, NULL, NULL, NULL, '2002-09-06', 23, 'Manila, Philippines', 'Tagalog, English', 'FILIPINO', 'Catholic', 'Single', 'None', '9198246351', 'torres.al.bsinfotech@gmail.com', 'Pealosa Street', 'Barangay 60', '1012', 'National Capital Region (NCR)', 'Metro Manila, First District', 'Tondo I / Ii', 'None', 1, 'Pealosa Street', 'Barangay 60', '1012', 'National Capital Region (NCR)', 'Metro Manila, First District', 'Tondo I / Ii', 'None', NULL, 1, NULL, NULL, NULL, NULL, NULL, 0, NULL, NULL, NULL, NULL, NULL, NULL, NULL, NULL, NULL, NULL, NULL, 'Torres', 'Aileen', 'Santos', NULL, NULL, 1, NULL, NULL, NULL, NULL, NULL, '9217650044', 'Distributor', 'Zynergia', '30000', 'aileen_ilu@yahoo.com', 'Mother', 'Torres', 'Aira Lorainne', 'Santos', NULL, NULL, '736 Pealosa Street Tondo Manila', '9217650044', 'aileen_ilu@yahoo.com', '80,000 and below', 'High School/Junior High School', 'Ramon Magsaysay High School', 'Espaa Manila', NULL, 'With High Honors', 92.00, 2017, 'Senior High School', 'Arellano University', 'Mendiola', 'ICT', 'With highest honor', 95.00, 2021, 'Information and Communications Technology (ICT)', NULL, NULL, NULL, 0, 0, 0, 0, 0, 0, 0, 0, 0, 0, 0, 0, 0, 0, 0, 0, NULL, NULL, NULL, NULL, NULL, NULL, NULL, NULL, NULL, NULL, NULL, NULL, NULL, NULL, NULL, NULL, 0, NULL, 1, '2026-01-31', 1);

-- --------------------------------------------------------

--
-- Table structure for table `prof_table`
--

CREATE TABLE `prof_table` (
  `prof_id` int(11) NOT NULL,
  `person_id` int(11) DEFAULT NULL,
  `employee_id` varchar(255) DEFAULT NULL,
  `profile_image` varchar(255) NOT NULL,
  `fname` varchar(100) DEFAULT NULL,
  `mname` varchar(100) DEFAULT NULL,
  `lname` varchar(100) DEFAULT NULL,
  `email` varchar(255) NOT NULL,
  `password` varchar(255) DEFAULT NULL,
  `status` tinyint(1) DEFAULT 0,
  `role` enum('applicant','faculty','registrar') NOT NULL DEFAULT 'faculty',
  `require_otp` int(11) DEFAULT 0
) ENGINE=InnoDB DEFAULT CHARSET=utf8mb4 COLLATE=utf8mb4_general_ci;

--
-- Dumping data for table `prof_table`
--

INSERT INTO `prof_table` (`prof_id`, `person_id`, `employee_id`, `profile_image`, `fname`, `mname`, `lname`, `email`, `password`, `status`, `role`, `require_otp`) VALUES
(1, 1, '2026-070101', '', 'Hazel', 'Fogata', 'Anuncio', 'hazel.anuncio@earist.edu.ph', '$2b$10$1z0TPyKFo6qtCrVAaA1D4e3qANATLI.pyTLqZinmmT8sF2zMALkDu', 1, 'faculty', 0),
(2, 2, NULL, '', 'Eleazar', 'B.', 'Bernales', 'eleazar.bernales@earist.edu.ph', 'BERNALES', 0, 'faculty', 0),
(3, 3, NULL, '', 'Lester', 'Dela Cruz', 'Bernardino', 'lester.bernardino@earist.edu.ph', 'BERNARDINO', 0, 'faculty', 0),
(4, 4, NULL, '', 'Carlito', '', 'Biares', 'carlito.biares@earist.edu.ph', 'BIARES', 0, 'faculty', 0),
(5, 5, NULL, '', 'James Darryl', 'Dela Cruz', 'Bungay', 'james.bungay@earist.edu.ph', '$2b$10$1z0TPyKFo6qtCrVAaA1D4e3qANATLI.pyTLqZinmmT8sF2zMALkDu', 1, 'faculty', 0),
(6, 6, NULL, '', 'Renz Angelo', 'De Vera', 'Cadaoas', 'renz.cadaoas@earist.edu.ph', 'CADAOAS', 0, 'faculty', 0),
(7, 7, NULL, '', 'Nerissa', 'Bugarin', 'Capili', 'nerissa.capili@earist.edu.ph', 'CAPILI', 0, 'faculty', 0),
(8, 8, NULL, '', 'Romeo', 'B.', 'Capucao', 'romeo.capucao@earist.edu.ph', 'CAPUCAO', 0, 'faculty', 0),
(9, 9, '2026-070102', '', 'Ernanie', 'Molina', 'Carlos', 'ernanie.carlos@earist.edu.ph', '$2b$10$1z0TPyKFo6qtCrVAaA1D4e3qANATLI.pyTLqZinmmT8sF2zMALkDu', 1, 'faculty', 0),
(10, 10, NULL, '', 'Harold', 'Aspa', 'Casimira', 'harold.casimira@earist.edu.ph', 'CASIMIRA', 0, 'faculty', 0),
(11, 11, NULL, '', 'Rosel', 'Ortiz', 'Cipriano', 'rosel.cipriano@earist.edu.ph', 'CIPRIANO', 0, 'faculty', 0),
(12, 12, NULL, '', 'Janchloe', 'M', 'Duyan', 'janchloe.duyan@earist.edu.ph', 'DUYAN', 0, 'faculty', 0),
(13, 13, NULL, '', 'Arlene', 'Pea', 'Evangelista', 'arlene.evangelista@earist.edu.ph', 'EVANGELISTA', 0, 'faculty', 0),
(14, 14, NULL, '', 'Joevelyn', 'Waje', 'Fajardo', 'joevelyn.fajardo@earist.edu.ph', 'FAJARDO', 0, 'faculty', 0),
(15, 15, NULL, '', 'Dennis', 'Berboso', 'Gonzales', 'dennis.gonzales@earist.edu.ph', 'GONZALES', 0, 'faculty', 0),
(16, 16, NULL, '', 'Merlita', 'Cruz', 'Latip', 'merlita.latip@earist.edu.ph', 'LATIP', 0, 'faculty', 0),
(17, 17, NULL, '', 'Reeneir', 'Ramos', 'Ledesma', 'reeneir.ledesma@earist.edu.ph', 'LEDESMA', 0, 'faculty', 0),
(18, 18, NULL, '', 'Dennis', 'Dela Pea', 'Mangubat', 'dennis.mangubat@earist.edu.ph', 'MANGUBAT', 0, 'faculty', 0),
(19, 19, NULL, '', 'Sheila Marie', 'Mobo', 'Matias', 'sheila.matias@earist.edu.ph', 'MATIAS', 0, 'faculty', 0),
(20, 20, NULL, '', 'Joseph', 'Tarrayo', 'Moraca', 'joseph.moraca@earist.edu.ph', 'MORACA', 0, 'faculty', 0),
(21, 21, NULL, '', 'Ruth Lareza', 'Aguilar', 'Morales', 'ruth.morales@earist.edu.ph', 'MORALES', 0, 'faculty', 0),
(22, 22, NULL, '', 'Mark Kenneth', 'Barnobal', 'Nicart', 'mark.nicart@earist.edu.ph', 'NICART', 0, 'faculty', 0),
(23, 23, NULL, '', 'Rodora', 'Tanglao', 'Oliveros', 'rodora.oliveros@earist.edu.ph', 'OLIVEROS', 0, 'faculty', 0),
(24, 24, NULL, '', 'Abigail', 'J.', 'Purificacion', 'abigail.purificacion@earist.edu.ph', 'PURIFICACION', 0, 'faculty', 0),
(25, 25, NULL, '', 'Raynald', 'C', 'Redondo', 'raynald.redondo@earist.edu.ph', 'REDONDO', 0, 'faculty', 0),
(26, 26, NULL, '', 'Hiromi', '', 'Rivas', 'hiromi.rivas@earist.edu.ph', 'RIVAS', 0, 'faculty', 0),
(27, 27, NULL, '', 'Eula Luz Jasmine Dioneo', '', 'Sandoval', 'eula.sandoval@earist.edu.ph', 'SANDOVAL', 0, 'faculty', 0),
(28, 28, NULL, '', 'Al', 'Ferrer', 'Santiago', 'al.santiago@earist.edu.ph', 'SANTIAGO', 0, 'faculty', 0),
(29, 29, NULL, '', 'Larex', 'Bartolome', 'Tagalog', 'larex.tagalog@earist.edu.ph', 'TAGALOG', 0, 'faculty', 0),
(30, 30, NULL, '', 'Jayson', 'D.', 'Tolentino', 'jayson.tolentino@earist.edu.ph', 'TOLENTINO', 0, 'faculty', 0),
(31, 31, NULL, '', 'Edmund Sinagub', NULL, 'Almazan', 'edmund.almazan@earist.edu.ph', 'ALMAZAN', 0, 'faculty', 0),
(32, 32, NULL, '', 'Jesus', 'de los Santos', 'Paguigan', 'jesus.paguigan@earist.edu.ph', 'PAGUIGAN', 0, 'faculty', 0),
(33, 33, NULL, '', 'Kathleen', NULL, 'Dimaano', 'kathleen.dimaano@earist.edu.ph', 'DIMAANO', 0, 'faculty', 0),
(34, 34, NULL, '', 'Charlene', NULL, 'Ronda', 'charlene.ronda@earist.edu.ph', 'RONDA', 0, 'faculty', 0),
(35, 35, NULL, '', 'Maria Jasmine', NULL, 'Macasil', 'jasmine.macasil@earist.edu.ph', '$2b$10$1z0TPyKFo6qtCrVAaA1D4e3qANATLI.pyTLqZinmmT8sF2zMALkDu', 1, 'faculty', 0),
(36, 36, NULL, '', 'Jefferson', NULL, 'Costales', 'jefferson.costales@earist.edu.ph', 'COSTALES', 0, 'faculty', 0),
(37, 37, NULL, '', 'Arjo', NULL, 'Ladia', 'arjo.ladia@earist.edu.ph', 'LADIA', 0, 'faculty', 0),
(38, 38, NULL, '23838_profile_image_2025.webp', 'Mark Anthony', 'Placido', 'Montano', 'markmontano999@gmail.com', '$2b$10$1z0TPyKFo6qtCrVAaA1D4e3qANATLI.pyTLqZinmmT8sF2zMALkDu', 1, 'faculty', 0),
(63, 98, NULL, '98_ProfessorProfile_2025.png', 'Dhani', 'San', 'Jose', 'disanjose@earist.edu.ph', '$2b$10$/XhdvzV/4rugRbZH5gWafenpXBkbuJT2pjsopS85Mj27vDI2ZjFxm', 1, 'faculty', 0),
(69, 39, NULL, '39_ProfessorProfile_2025.jpg', 'Jona', 'Descuatan', 'Arcao', 'jonalane@gmail.com', '$2b$10$XvcQqYNh52ENCzxAtCTI1e6QsCexyw7VsT0ine2LNlGPLp/xTH1oS', 1, 'faculty', 0),
(70, 123, NULL, '123_ProfessorProfile_2025.jpg', 'Genny', 'Dedal', 'Ciruela', 'genny@gmail.com', '$2b$10$eybhqlrAFk01K7sDwXHkYOJAjPDXzW5tTp0WQe4jvUAWBO3ECwJ4q', 1, 'faculty', 0);

-- --------------------------------------------------------

--
-- Table structure for table `program_table`
--

CREATE TABLE `program_table` (
  `program_id` int(11) NOT NULL,
  `program_description` varchar(255) DEFAULT NULL,
  `program_code` varchar(100) DEFAULT NULL,
  `major` varchar(255) DEFAULT NULL
) ENGINE=InnoDB DEFAULT CHARSET=utf8mb4 COLLATE=utf8mb4_general_ci;

--
-- Dumping data for table `program_table`
--

INSERT INTO `program_table` (`program_id`, `program_description`, `program_code`, `major`) VALUES
(1, 'Bachelor of Science in Architecture', 'BS ARCHI', NULL),
(2, 'Bachelor of Science in Interior Design', 'BSID', NULL),
(3, 'Bachelor in Fine Arts', 'BFA-PAINT', 'Major in Paintings'),
(4, 'Bachelor in Fine Arts ', 'BFA-VISCOM', 'Major in Visual Communication'),
(5, 'Bachelor of Science in Applied Physics with Computer Science Emphasis', 'BSAP', NULL),
(6, 'Bachelor of Science in Psychology', 'BSPSYCH', NULL),
(7, 'Bachelor of Science in Mathematics', 'BSMATH', NULL),
(8, 'Bachelor of Science in Business Administration ', 'BSBA-MM', 'Major in Marketing Management'),
(9, 'Bachelor of Science in Business Administration', 'BSBA-HRDM', 'Major in HR Development Management'),
(10, 'Bachelor of Science in Entrepreneurship', 'BSENTREP', NULL),
(11, 'Bachelor of Science in Office Administration', 'BSOA', NULL),
(12, 'Bachelor of Science in Criminology', 'BSCRIM', NULL),
(13, 'Bachelor in Public Administration', 'BPA', NULL),
(14, 'Bachelor of Science in Computer Science', 'BSCS', NULL),
(15, 'Bachelor of Science in Information Technology', 'BSINFOTECH', NULL),
(16, 'Bachelor in Secondary Education ', 'BSE-SCI', 'Major in Science'),
(17, 'Bachelor in Secondary Education', 'BSE-MATH', 'Major in Mathematics'),
(18, 'Bachelor in Secondary Education', 'BSE-FIL', 'Major in Filipino'),
(19, 'Bachelor in Special Needs Education', 'BSNED', NULL),
(20, 'Bachelor in Technology and Livelihood Education', 'BTLE-HE', 'Major in Home Economics'),
(21, 'Bachelor in Technology and Livelihood Education ', 'BTLE-IA', 'Major in Industrial Arts'),
(22, 'Professional Education Subjects (TCP)', 'TCP', NULL),
(24, 'Bachelor of Science in Chemical Engineering', 'BSCHE', NULL),
(25, 'Bachelor of Science in Civil Engineering', 'BSCE', NULL),
(26, 'Bachelor of Science in Electrical Engineering', 'BSEE', NULL),
(27, 'Bachelor of Science in Electronics and Communication Engineering', 'BSECE', NULL),
(28, 'Bachelor of Science in Mechanical Engineering', 'BSME', NULL),
(29, 'Bachelor of Science in Computer Engineering', 'BSCOE', NULL),
(30, 'Bachelor of Science in Tourism Management', 'BST', NULL),
(31, 'Bachelor of Science in Hospitality Management', 'BSHM', NULL),
(32, 'Bachelor of Science in Industrial Technology', 'BSIT-AUTO', 'Major in Automotive Technology'),
(33, 'Bachelor of Science in Industrial Technology ', 'BSIT-ELEC', 'Major in Electrical Technology'),
(34, 'Bachelor of Science in Industrial Technology ', 'BSIT-ET', 'Major in Electronics Technology'),
(35, 'Bachelor of Science in Industrial Technology', 'BSIT-FOOD', 'Major in Food Technology'),
(36, 'Bachelor of Science in Industrial Technology ', 'BSIT-FASHION', 'Major in Fashion and Apparel Technology'),
(37, 'Bachelor of Science in Industrial Technology ', 'BSIT-CHEM', 'Major in Industrial Chemistry'),
(38, 'Bachelor of Science in Industrial Technology ', 'BSIT-DRAFT', 'Major in Drafting Technology'),
(39, 'Bachelor of Science in Industrial Technology ', 'BSIT-MECH', 'Major in Machine Shop Technology'),
(40, 'Bachelor of Science in Industrial Technology ', 'BSIT-RAC', 'Major in Refrigeration and Air Conditioning'),
(41, 'Doctor of Philosophy ', 'DPIP', 'Major in Industrial Psychology'),
(42, 'Doctor of Education ', 'DEEM', 'Major in Educational Management'),
(43, 'Doctor in Business Administration', 'DBA', NULL),
(44, 'Doctor in Public Administration', 'DPA', NULL),
(45, 'Master of Science in Mathematics', 'MSA', NULL),
(46, 'Master of Arts in Industrial Psychology', 'MAIP', NULL),
(47, 'Master in Business Administration', 'MBA', NULL),
(48, 'Master in Public Administration', 'MPA', NULL),
(49, 'Master of Arts in Industrial Education ', 'MAIEHM', 'Major in Hotel Management'),
(50, 'Master of Arts in Education', 'MAEAS', 'Major in Administration and Supervision'),
(51, 'Master of Arts in Education', 'MAEGC', 'Major in Guidance and Counseling'),
(52, 'Master of Arts in Education', 'MAED-SE', 'Major in Special Education'),
(53, 'Master of Arts in Teaching', 'MAT-MET', 'Major in Electronics Technology'),
(54, 'Master of Arts in Teaching', 'MATM', 'Major in Mathematics'),
(55, 'Master of Arts in Teaching', 'MATS', 'Major in Science');

-- --------------------------------------------------------

--
-- Table structure for table `program_tagging_table`
--

CREATE TABLE `program_tagging_table` (
  `program_tagging_id` int(11) NOT NULL,
  `curriculum_id` int(11) DEFAULT NULL,
  `year_level_id` int(11) DEFAULT NULL,
  `semester_id` int(11) DEFAULT NULL,
  `course_id` int(11) DEFAULT NULL,
  `lec_fee` int(11) DEFAULT NULL,
  `lab_fee` int(11) DEFAULT NULL,
  `iscomputer_lab` int(11) NOT NULL DEFAULT 0,
  `islaboratory_fee` int(11) NOT NULL DEFAULT 0,
  `is_nstp` int(11) NOT NULL DEFAULT 0,
  `amount` int(11) DEFAULT NULL
) ENGINE=InnoDB DEFAULT CHARSET=utf8mb4 COLLATE=utf8mb4_general_ci;

--
-- Dumping data for table `program_tagging_table`
--

INSERT INTO `program_tagging_table` (`program_tagging_id`, `curriculum_id`, `year_level_id`, `semester_id`, `course_id`, `lec_fee`, `lab_fee`, `iscomputer_lab`, `islaboratory_fee`, `is_nstp`, `amount`) VALUES
(81, 58, 1, 2, 2, NULL, NULL, 0, 0, 0, NULL),
(83, 15, 1, 1, 746, 0, 100, 1, 1, 1, 0),
(84, 4, 1, 1, 90, 300, NULL, 0, 0, 0, NULL),
(85, 15, 1, 1, 747, 200, 0, 0, 0, 0, NULL),
(86, 15, 1, 1, 115, 300, 0, 0, 0, 0, NULL),
(87, 15, 1, 1, 90, 300, 0, 0, 0, 0, NULL),
(88, 4, 1, 1, 883, 200, NULL, 0, 0, 0, NULL),
(89, 4, 1, 1, 957, 300, NULL, 0, 0, 0, NULL),
(90, 4, 1, 1, 93, 300, NULL, 0, 0, 0, NULL),
(91, 4, 1, 1, 154, 100, 200, 0, 0, 0, NULL),
(92, 4, 1, 1, 94, 100, 200, 0, 0, 0, NULL),
(94, 4, 1, 1, 95, NULL, NULL, 0, 0, 0, NULL),
(95, 15, 1, 1, 957, 300, 0, 0, 0, 0, NULL),
(96, 4, 1, 1, 157, 100, 200, 0, 0, 0, NULL),
(97, 4, 1, 1, 158, 100, 200, 0, 0, 0, NULL),
(98, 4, 1, 2, 98, 100, 200, 0, 0, 0, NULL),
(99, 4, 1, 2, 160, NULL, NULL, 0, 0, 0, NULL),
(100, 4, 1, 2, 100, 300, NULL, 0, 0, 0, NULL),
(101, 15, 1, 1, 129, 300, 0, 0, 0, 0, NULL),
(102, 36, 1, 1, 90, 300, NULL, 0, 0, 0, NULL),
(103, 4, 1, 2, 102, 200, NULL, 0, 0, 0, NULL),
(104, 4, 1, 2, 103, 100, 200, 0, 0, 0, NULL),
(105, 4, 1, 2, 104, NULL, NULL, 0, 0, 0, NULL),
(106, 15, 1, 1, 883, 200, 0, 0, 0, 0, NULL),
(107, 15, 1, 1, 977, 300, 0, 0, 0, 0, NULL),
(108, 15, 1, 1, 1187, 0, 100, 0, 0, 0, NULL),
(109, 36, 1, 1, 883, 200, NULL, 0, 0, 0, NULL),
(110, 15, 1, 1, 1188, 200, 0, 0, 0, 0, NULL),
(111, 36, 1, 1, 957, 300, NULL, 0, 0, 0, NULL),
(112, 15, 1, 1, 95, 0, 0, 0, 0, 0, NULL),
(113, 36, 1, 1, 977, 300, NULL, 0, 0, 0, NULL),
(114, 4, 1, 2, 121, 300, NULL, 0, 0, 0, NULL),
(115, 15, 1, 2, 1189, NULL, 100, 0, 0, 0, NULL),
(116, 4, 1, 2, 105, 100, 200, 0, 0, 0, NULL),
(117, 4, 1, 2, 167, 100, 200, 0, 0, 0, NULL),
(118, 36, 1, 1, 961, 200, 100, 0, 0, 0, NULL),
(119, 15, 1, 2, 1190, 200, NULL, 0, 0, 0, NULL),
(120, 4, 1, 1, 108, 200, 100, 0, 0, 0, NULL),
(121, 15, 1, 2, 1191, 300, NULL, 0, 0, 0, NULL),
(122, 36, 1, 1, 95, NULL, NULL, 0, 0, 0, NULL),
(123, 15, 1, 2, 160, NULL, NULL, 0, 0, 0, NULL),
(124, 15, 1, 2, 100, 300, NULL, 0, 0, 0, NULL),
(125, 4, 2, 1, 168, 100, 200, 0, 0, 0, NULL),
(126, 15, 1, 2, 331, 300, NULL, 0, 0, 0, NULL),
(127, 4, 2, 1, 169, 100, 200, 0, 0, 0, NULL),
(128, 36, 1, 2, 160, NULL, NULL, 0, 0, 0, NULL),
(129, 15, 1, 2, 198, 300, NULL, 0, 0, 0, NULL),
(130, 4, 2, 1, 107, 300, NULL, 0, 0, 0, NULL),
(131, 15, 1, 2, 763, NULL, 100, 0, 0, 0, NULL),
(132, 4, 2, 1, 109, 200, NULL, 0, 0, 0, NULL),
(133, 4, 2, 1, 172, 300, NULL, 0, 0, 0, NULL),
(134, 15, 1, 2, 764, 200, NULL, 0, 0, 0, NULL),
(135, 4, 2, 1, 977, 300, NULL, 0, 0, 0, NULL),
(136, 4, 2, 1, 174, 100, 200, 0, 0, 0, NULL),
(137, 4, 2, 1, 175, 100, 200, 0, 0, 0, NULL),
(138, 4, 2, 1, 176, 100, 200, 0, 0, 0, NULL),
(139, 4, 2, 2, 177, 100, 200, 0, 0, 0, NULL),
(140, 15, 1, 2, 765, NULL, NULL, 0, 0, 0, NULL),
(141, 4, 2, 2, 178, 100, 200, 0, 0, 0, NULL),
(142, 15, 1, 2, 766, NULL, NULL, 0, 0, 0, NULL),
(143, 15, 1, 2, 282, NULL, NULL, 0, 0, 0, NULL),
(144, 4, 2, 2, 115, 300, NULL, 0, 0, 0, NULL),
(145, 4, 2, 2, 116, 300, NULL, 0, 0, 0, NULL),
(146, 15, 1, 2, 104, NULL, NULL, 0, 0, 0, NULL),
(147, 4, 2, 2, 119, 200, NULL, 0, 0, 0, NULL),
(148, 4, 2, 2, 182, 100, 200, 0, 0, 0, NULL),
(149, 4, 2, 2, 183, 100, 200, 0, 0, 0, NULL),
(150, 4, 2, 2, 184, 100, 200, 0, 0, 0, NULL),
(151, 15, 2, 1, 1192, 300, 0, 0, 0, 0, NULL),
(152, 15, 2, 1, 117, 300, 0, 0, 0, 0, NULL),
(153, 15, 2, 1, 109, 200, 0, 0, 0, 0, NULL),
(154, 36, 1, 2, 100, 300, NULL, 0, 0, 0, NULL),
(155, 15, 2, 1, 1193, 0, 100, 0, 0, 0, NULL),
(156, 15, 2, 1, 1194, 200, 0, 0, 0, 0, NULL),
(157, 15, 2, 2, 1195, NULL, 100, 0, 0, 0, NULL),
(158, 15, 2, 2, 1196, 200, NULL, 0, 0, 0, NULL),
(159, 36, 1, 2, 102, 200, NULL, 0, 0, 0, NULL),
(160, 15, 2, 2, 116, 300, NULL, 0, 0, 0, NULL),
(161, 4, 3, 1, 185, 100, 200, 0, 0, 0, NULL),
(162, 15, 2, 2, 119, 200, NULL, 0, 0, 0, NULL),
(163, 4, 3, 1, 186, 100, 200, 0, 0, 0, NULL),
(164, 36, 1, 2, 198, 300, NULL, 0, 0, 0, NULL),
(165, 15, 2, 2, 1197, NULL, 100, 0, 0, 0, NULL),
(166, 4, 3, 1, 128, 300, NULL, 0, 0, 0, NULL),
(167, 36, 1, 2, 973, 200, 100, 0, 0, 0, NULL),
(168, 15, 2, 2, 1198, 200, NULL, 0, 0, 0, NULL),
(169, 4, 3, 1, 131, 300, NULL, 0, 0, 0, NULL),
(170, 15, 2, 2, 1199, NULL, 100, 0, 0, 0, NULL),
(171, 4, 3, 1, 129, 300, NULL, 0, 0, 0, NULL),
(172, 15, 2, 2, 1200, 200, NULL, 0, 0, 0, NULL),
(173, 4, 3, 1, 190, 100, 200, 0, 0, 0, NULL),
(174, 15, 2, 2, 1201, NULL, 100, 0, 0, 0, NULL),
(175, 4, 3, 1, 191, 100, 200, 0, 0, 0, NULL),
(176, 36, 1, 2, 104, NULL, NULL, 0, 0, 0, NULL),
(177, 4, 3, 1, 192, 100, 200, 0, 0, 0, NULL),
(178, 15, 2, 2, 1202, 200, NULL, 0, 0, 0, NULL),
(179, 15, 2, 2, 1203, NULL, 100, 0, 0, 0, NULL),
(180, 15, 2, 2, 1204, 200, NULL, 0, 0, 0, NULL),
(182, 4, 3, 2, 193, 200, 100, 0, 0, 0, NULL),
(183, 15, 3, 1, 790, NULL, 100, 0, 0, 0, NULL),
(184, 4, 3, 2, 194, 100, 200, 0, 0, 0, NULL),
(185, 36, 2, 1, 949, 300, NULL, 0, 0, 0, NULL),
(186, 15, 3, 1, 791, 200, NULL, 0, 0, 0, NULL),
(187, 4, 3, 2, 135, 100, 200, 0, 0, 0, NULL),
(188, 36, 2, 1, 108, 200, 100, 0, 0, 0, NULL),
(189, 15, 3, 1, 798, 300, NULL, 0, 0, 0, NULL),
(190, 4, 3, 2, 798, 300, NULL, 0, 0, 0, NULL),
(191, 15, 3, 1, 1205, NULL, 100, 0, 0, 0, NULL),
(192, 4, 3, 2, 117, 300, NULL, 0, 0, 0, NULL),
(193, 36, 2, 1, 109, 200, NULL, 0, 0, 0, NULL),
(194, 4, 3, 2, 198, 300, NULL, 0, 0, 0, NULL),
(195, 15, 3, 1, 1206, 200, NULL, 0, 0, 0, NULL),
(196, 4, 3, 2, 199, 100, 200, 0, 0, 0, NULL),
(197, 36, 2, 1, 950, 300, NULL, 0, 0, 0, NULL),
(198, 4, 3, 2, 200, 100, 200, 0, 0, 0, NULL),
(199, 15, 3, 1, 1207, NULL, 100, 0, 0, 0, NULL),
(200, 4, 3, 3, 140, 100, 200, 0, 0, 0, NULL),
(201, 15, 3, 1, 1208, 200, NULL, 0, 0, 0, NULL),
(202, 36, 2, 2, 951, 200, 100, 0, 0, 0, NULL),
(203, 15, 3, 1, 1209, 200, NULL, 0, 0, 0, NULL),
(204, 15, 3, 1, 1210, NULL, 100, 0, 0, 0, NULL),
(205, 36, 2, 1, 117, 300, NULL, 0, 0, 0, NULL),
(206, 15, 3, 1, 1211, NULL, 100, 0, 0, 0, NULL),
(207, 4, 4, 1, 143, 300, NULL, 0, 0, 0, NULL),
(208, 15, 3, 1, 1212, 200, NULL, 0, 0, 0, NULL),
(210, 4, 4, 1, 881, 300, NULL, 0, 0, 0, NULL),
(211, 4, 4, 1, 204, 100, 200, 0, 0, 0, NULL),
(212, 4, 4, 1, 205, 100, 200, 0, 0, 0, NULL),
(213, 36, 2, 2, 128, 300, NULL, 0, 0, 0, NULL),
(214, 15, 3, 2, 143, 50, NULL, 0, 0, 0, NULL),
(215, 4, 4, 1, 206, 200, 500, 0, 0, 0, NULL),
(216, 4, 4, 2, 207, 100, 200, 0, 0, 0, NULL),
(217, 15, 3, 2, 881, 50, NULL, 0, 0, 0, NULL),
(218, 4, 4, 2, 208, 100, 200, 0, 0, 0, NULL),
(220, 4, 4, 2, 209, 200, 300, 0, 0, 0, NULL),
(221, 15, 3, 2, 1213, NULL, 100, 0, 0, 0, NULL),
(222, 4, 4, 2, 210, 100, 200, 0, 0, 0, NULL),
(224, 36, 2, 2, 116, 300, NULL, 0, 0, 0, NULL),
(225, 36, 2, 2, 881, 300, NULL, 0, 0, 0, NULL),
(226, 36, 2, 2, 119, 200, NULL, 0, 0, 0, NULL),
(227, 15, 3, 2, 1215, 50, NULL, 0, 0, 0, NULL),
(229, 15, 3, 2, 799, NULL, 100, 0, 0, 0, NULL),
(231, 15, 3, 2, 800, 50, NULL, 0, 0, 0, NULL),
(232, 15, 3, 2, 776, NULL, 100, 0, 0, 0, NULL),
(233, 36, 3, 1, 956, 300, NULL, 0, 0, 0, NULL),
(234, 15, 3, 2, 777, 50, NULL, 0, 0, 0, NULL),
(235, 36, 3, 1, 798, 300, NULL, 0, 0, 0, NULL),
(236, 15, 3, 2, 1216, 50, NULL, 0, 0, 0, NULL),
(237, 36, 3, 1, 129, 300, NULL, 0, 0, 0, NULL),
(238, 3, 1, 1, 89, 100, 200, 0, 0, 0, NULL),
(239, 15, 4, 1, 128, 300, NULL, 0, 0, 0, NULL),
(240, 36, 3, 1, 958, 300, NULL, 0, 0, 0, NULL),
(241, 3, 1, 1, 90, 300, NULL, 0, 0, 0, NULL),
(242, 3, 1, 1, 883, 200, NULL, 0, 0, 0, NULL),
(243, 15, 4, 1, 1217, NULL, 100, 0, 0, 0, NULL),
(244, 3, 1, 1, 957, 300, NULL, 0, 0, 0, NULL),
(245, 15, 4, 1, 1218, 200, NULL, 0, 0, 0, NULL),
(246, 3, 1, 1, 93, 300, NULL, 0, 0, 0, NULL),
(247, 3, 1, 1, 94, 100, 200, 0, 0, 0, NULL),
(248, 36, 3, 1, 959, 300, NULL, 0, 0, 0, NULL),
(249, 15, 4, 1, 1219, 200, NULL, 0, 0, 0, NULL),
(250, 3, 1, 1, 95, NULL, NULL, 0, 0, 0, NULL),
(251, 3, 1, 1, 157, 100, 200, 0, 0, 0, NULL),
(252, 3, 1, 1, 158, 100, 200, 0, 0, 0, NULL),
(253, 15, 4, 1, 1221, 300, NULL, 0, 0, 0, NULL),
(254, 36, 3, 2, 1001, 200, 100, 0, 0, 0, NULL),
(255, 15, 4, 1, 1220, NULL, 100, 0, 0, 0, NULL),
(257, 15, 4, 1, 1222, NULL, 100, 0, 0, 0, NULL),
(258, 36, 3, 2, 115, 300, NULL, 0, 0, 0, NULL),
(259, 15, 4, 1, 1223, 200, NULL, 0, 0, 0, NULL),
(260, 36, 3, 2, 962, 300, NULL, 0, 0, 0, NULL),
(261, 15, 4, 1, 1224, 200, NULL, 0, 0, 0, NULL),
(262, 15, 4, 1, 1225, NULL, 100, 0, 0, 0, NULL),
(263, 36, 3, 2, 963, 300, NULL, 0, 0, 0, NULL),
(264, 3, 1, 2, 98, 100, 200, 0, 0, 0, NULL),
(265, 36, 3, 2, 964, 300, NULL, 0, 0, 0, NULL),
(266, 15, 4, 2, 1226, 1000, NULL, 0, 0, 0, NULL),
(267, 3, 1, 2, 99, 100, 200, 0, 0, 0, NULL),
(268, 3, 1, 2, 100, 300, NULL, 0, 0, 0, NULL),
(269, 3, 1, 2, 331, 300, NULL, 0, 0, 0, NULL),
(270, 3, 1, 2, 102, 200, NULL, 0, 0, 0, NULL),
(271, 36, 3, 2, 965, 300, NULL, 0, 0, 0, NULL),
(272, 3, 1, 2, 163, 100, 200, 0, 0, 0, NULL),
(273, 3, 1, 2, 104, NULL, NULL, 0, 0, 0, NULL),
(274, 3, 1, 2, 105, 100, 200, 0, 0, 0, NULL),
(275, 3, 1, 2, 167, 100, 200, 0, 0, 0, NULL),
(277, 36, 4, 1, 966, NULL, 1000, 0, 0, 0, NULL),
(278, 36, 4, 1, 968, 100, NULL, 0, 0, 0, NULL),
(279, 32, 1, 1, 90, 300, NULL, 0, 0, 0, NULL),
(280, 32, 1, 1, 883, 200, NULL, 0, 0, 0, NULL),
(281, 3, 2, 1, 107, 300, NULL, 0, 0, 0, NULL),
(282, 3, 2, 1, 108, 200, 100, 0, 0, 0, NULL),
(283, 32, 1, 1, 957, 300, NULL, 0, 0, 0, NULL),
(284, 3, 2, 1, 109, 200, NULL, 0, 0, 0, NULL),
(285, 36, 4, 2, 970, NULL, 1000, 0, 0, 0, NULL),
(286, 3, 2, 1, 172, 300, NULL, 0, 0, 0, NULL),
(287, 3, 2, 1, 977, 300, NULL, 0, 0, 0, NULL),
(288, 3, 2, 1, 112, 200, 100, 0, 0, 0, NULL),
(289, 32, 1, 1, 977, 300, NULL, 0, 0, 0, NULL),
(290, 36, 4, 2, 971, 100, NULL, 0, 0, 0, NULL),
(291, 3, 2, 1, 113, 100, 200, 0, 0, 0, NULL),
(292, 3, 2, 1, 114, 100, 200, 0, 0, 0, NULL),
(293, 32, 1, 1, 961, 200, 100, 0, 0, 0, NULL),
(295, 32, 1, 1, 95, NULL, NULL, 0, 0, 0, NULL),
(296, 3, 2, 2, 115, 300, NULL, 0, 0, 0, NULL),
(298, 3, 2, 2, 116, 300, NULL, 0, 0, 0, NULL),
(300, 3, 2, 2, 117, 300, NULL, 0, 0, 0, NULL),
(301, 32, 1, 2, 160, NULL, NULL, 0, 0, 0, NULL),
(304, 3, 2, 2, 119, 200, NULL, 0, 0, 0, NULL),
(305, 32, 1, 2, 100, 300, NULL, 0, 0, 0, NULL),
(306, 3, 2, 2, 120, 100, 200, 0, 0, 0, NULL),
(308, 3, 2, 2, 121, 300, NULL, 0, 0, 0, NULL),
(309, 3, 2, 2, 122, 100, 200, 0, 0, 0, NULL),
(311, 32, 1, 2, 102, 200, NULL, 0, 0, 0, NULL),
(312, 3, 2, 2, 123, 100, 200, 0, 0, 0, NULL),
(313, 32, 1, 2, 198, 300, NULL, 0, 0, 0, NULL),
(315, 32, 1, 2, 973, 200, 100, 0, 0, 0, NULL),
(318, 35, 1, 2, 160, NULL, NULL, 0, 0, 0, NULL),
(321, 32, 1, 2, 104, NULL, NULL, 0, 0, 0, NULL),
(322, 3, 3, 1, 124, 100, 200, 0, 0, 0, NULL),
(323, 3, 3, 1, 125, 100, 200, 0, 0, 0, NULL),
(326, 3, 3, 1, 126, 100, 200, 0, 0, 0, NULL),
(327, 3, 3, 1, 127, 100, 200, 0, 0, 0, NULL),
(330, 3, 3, 1, 128, 300, NULL, 0, 0, 0, NULL),
(331, 3, 3, 1, 129, 300, NULL, 0, 0, 0, NULL),
(333, 32, 2, 1, 949, 300, NULL, 0, 0, 0, NULL),
(334, 3, 3, 1, 130, 100, 200, 0, 0, 0, NULL),
(335, 3, 3, 1, 131, 300, NULL, 0, 0, 0, NULL),
(337, 32, 2, 1, 108, 200, 100, 0, 0, 0, NULL),
(338, 32, 2, 1, 117, 300, NULL, 0, 0, 0, NULL),
(340, 32, 2, 1, 109, 200, NULL, 0, 0, 0, NULL),
(341, 32, 2, 1, 950, 300, NULL, 0, 0, 0, NULL),
(342, 3, 3, 2, 132, 100, 200, 0, 0, 0, NULL),
(345, 3, 3, 2, 133, 100, 200, 0, 0, 0, NULL),
(346, 3, 3, 2, 134, 200, 100, 0, 0, 0, NULL),
(348, 3, 3, 2, 135, 100, 200, 0, 0, 0, NULL),
(349, 32, 2, 2, 951, 200, 100, 0, 0, 0, NULL),
(351, 3, 3, 2, 136, 300, NULL, 0, 0, 0, NULL),
(353, 3, 3, 2, 798, 300, NULL, 0, 0, 0, NULL),
(354, 32, 2, 2, 128, 300, NULL, 0, 0, 0, NULL),
(356, 3, 3, 2, 138, 300, NULL, 0, 0, 0, NULL),
(357, 32, 2, 2, 116, 300, NULL, 0, 0, 0, NULL),
(358, 3, 3, 2, 139, 100, 200, 0, 0, 0, NULL),
(360, 32, 2, 2, 881, 300, NULL, 0, 0, 0, NULL),
(361, 3, 3, 3, 140, 100, 200, 0, 0, 0, NULL),
(363, 32, 2, 2, 119, 200, NULL, 0, 0, 0, NULL),
(367, 32, 3, 1, 956, 300, NULL, 0, 0, 0, NULL),
(369, 32, 3, 1, 798, 300, NULL, 0, 0, 0, NULL),
(370, 32, 3, 1, 129, 300, NULL, 0, 0, 0, NULL),
(372, 3, 4, 1, 141, 100, 200, 0, 0, 0, NULL),
(373, 32, 3, 1, 958, 300, NULL, 0, 0, 0, NULL),
(375, 3, 4, 1, 142, 200, 100, 0, 0, 0, NULL),
(376, 3, 4, 1, 143, 300, NULL, 0, 0, 0, NULL),
(377, 32, 3, 1, 959, 300, NULL, 0, 0, 0, NULL),
(378, 3, 4, 1, 144, 200, 300, 0, 0, 0, NULL),
(381, 3, 4, 2, 145, 100, 200, 0, 0, 0, NULL),
(382, 3, 4, 2, 146, 200, 100, 0, 0, 0, NULL),
(384, 3, 4, 2, 881, 300, NULL, 0, 0, 0, NULL),
(386, 3, 4, 2, 148, 200, 300, 0, 0, 0, NULL),
(388, 32, 3, 2, 115, 300, NULL, 0, 0, 0, NULL),
(389, 32, 3, 2, 962, 300, NULL, 0, 0, 0, NULL),
(390, 32, 3, 2, 963, 300, NULL, 0, 0, 0, NULL),
(392, 32, 3, 2, 964, 300, NULL, 0, 0, 0, NULL),
(394, 32, 3, 2, 965, 300, NULL, 0, 0, 0, NULL),
(395, 32, 4, 1, 966, NULL, 1000, 0, 0, 0, NULL),
(397, 32, 4, 1, 968, 100, NULL, 0, 0, 0, NULL),
(398, 32, 4, 2, 970, NULL, 1000, 0, 0, 0, NULL),
(400, 32, 4, 2, 971, 100, NULL, 0, 0, 0, NULL),
(418, 13, 1, 1, 90, 300, NULL, 0, 0, 0, NULL),
(420, 13, 1, 1, 883, 200, NULL, 0, 0, 0, NULL),
(423, 13, 1, 1, 129, 300, NULL, 0, 0, 0, NULL),
(425, 13, 1, 1, 977, 300, NULL, 0, 0, 0, NULL),
(427, 13, 1, 1, 216, 300, NULL, 0, 0, 0, NULL),
(428, 13, 1, 1, 217, 300, NULL, 0, 0, 0, NULL),
(429, 13, 1, 1, 95, NULL, NULL, 0, 0, 0, NULL),
(431, 13, 1, 2, 115, 300, NULL, 0, 0, 0, NULL),
(432, 37, 1, 2, 699, NULL, NULL, 0, 0, 0, NULL),
(435, 13, 1, 2, 160, NULL, NULL, 0, 0, 0, NULL),
(438, 13, 1, 2, 881, 300, NULL, 0, 0, 0, NULL),
(439, 13, 1, 2, 100, 300, NULL, 0, 0, 0, NULL),
(442, 13, 1, 2, 102, 200, NULL, 0, 0, 0, NULL),
(444, 13, 1, 2, 198, 300, NULL, 0, 0, 0, NULL),
(448, 13, 1, 2, 104, NULL, NULL, 0, 0, 0, NULL),
(449, 13, 1, 2, 226, 300, NULL, 0, 0, 0, NULL),
(453, 37, 1, 2, 160, NULL, NULL, 0, 0, 0, NULL),
(456, 39, 2, 1, 108, 200, 100, 0, 0, 0, NULL),
(458, 13, 2, 1, 227, 300, NULL, 0, 0, 0, NULL),
(459, 13, 2, 1, 117, 300, NULL, 0, 0, 0, NULL),
(460, 13, 2, 1, 331, 300, NULL, 0, 0, 0, NULL),
(462, 13, 2, 1, 109, 200, NULL, 0, 0, 0, NULL),
(463, 39, 2, 1, 109, 200, NULL, 0, 0, 0, NULL),
(466, 39, 2, 2, 951, 200, 100, 0, 0, 0, NULL),
(467, 39, 2, 2, 1030, 200, 100, 0, 0, 0, NULL),
(468, 39, 2, 2, 128, 300, NULL, 0, 0, 0, NULL),
(470, 39, 2, 2, 881, 300, NULL, 0, 0, 0, NULL),
(472, 39, 3, 1, 1033, 200, 100, 0, 0, 0, NULL),
(480, 39, 3, 1, 129, 300, NULL, 0, 0, 0, NULL),
(481, 39, 3, 1, 958, 300, NULL, 0, 0, 0, NULL),
(483, 39, 3, 1, 959, 300, NULL, 0, 0, 0, NULL),
(485, 13, 2, 1, 231, 300, NULL, 0, 0, 0, NULL),
(487, 13, 2, 1, 232, 300, NULL, 0, 0, 0, NULL),
(488, 13, 2, 1, 233, 300, NULL, 0, 0, 0, NULL),
(491, 13, 2, 1, 234, 300, NULL, 0, 0, 0, NULL),
(494, 39, 3, 2, 962, 300, NULL, 0, 0, 0, NULL),
(497, 13, 2, 2, 235, 300, NULL, 0, 0, 0, NULL),
(499, 13, 2, 2, 128, 300, NULL, 0, 0, 0, NULL),
(500, 39, 3, 2, 965, 300, NULL, 0, 0, 0, NULL),
(501, 13, 2, 2, 119, 200, NULL, 0, 0, 0, NULL),
(502, 13, 2, 2, 238, 300, NULL, 0, 0, 0, NULL),
(503, 36, 2, 1, 996, 300, 300, 0, 0, 0, NULL),
(504, 13, 2, 2, 239, 300, NULL, 0, 0, 0, NULL),
(506, 13, 2, 2, 240, 300, NULL, 0, 0, 0, NULL),
(508, 13, 2, 2, 241, 300, NULL, 0, 0, 0, NULL),
(509, 13, 2, 2, 242, 300, NULL, 0, 0, 0, NULL),
(513, 39, 4, 2, 970, NULL, 1000, 0, 0, 0, NULL),
(514, 13, 1, 2, 831, 300, NULL, 0, 0, 0, NULL),
(515, 33, 1, 1, 90, 300, NULL, 0, 0, 0, NULL),
(517, 33, 1, 1, 883, 200, NULL, 0, 0, 0, NULL),
(519, 33, 1, 1, 957, 300, NULL, 0, 0, 0, NULL),
(520, 4, 1, 2, 831, 300, NULL, 0, 0, 0, NULL),
(521, 33, 1, 1, 977, 300, NULL, 0, 0, 0, NULL),
(523, 33, 1, 1, 961, 200, 100, 0, 0, 0, NULL),
(525, 33, 1, 1, 95, NULL, NULL, 0, 0, 0, NULL),
(526, 13, 3, 1, 243, 300, NULL, 0, 0, 0, NULL),
(527, 13, 3, 1, 244, 300, NULL, 0, 0, 0, NULL),
(530, 33, 1, 2, 831, 300, NULL, 0, 0, 0, NULL),
(531, 13, 3, 1, 245, 300, NULL, 0, 0, 0, NULL),
(533, 33, 1, 2, 100, 300, NULL, 0, 0, 0, NULL),
(534, 33, 1, 2, 102, 200, NULL, 0, 0, 0, NULL),
(536, 13, 3, 1, 246, 300, NULL, 0, 0, 0, NULL),
(537, 33, 1, 2, 198, 300, NULL, 0, 0, 0, NULL),
(538, 13, 3, 1, 247, NULL, 300, 0, 0, 0, NULL),
(540, 13, 3, 1, 248, 300, NULL, 0, 0, 0, NULL),
(541, 33, 1, 2, 973, 200, 100, 0, 0, 0, NULL),
(542, 13, 3, 1, 249, 300, NULL, 0, 0, 0, NULL),
(543, 13, 3, 2, 250, 300, NULL, 0, 0, 0, NULL),
(544, 33, 1, 2, 104, NULL, NULL, 0, 0, 0, NULL),
(546, 13, 3, 2, 251, 300, NULL, 0, 0, 0, NULL),
(547, 13, 3, 2, 252, 300, NULL, 0, 0, 0, NULL),
(549, 13, 3, 2, 253, 300, NULL, 0, 0, 0, NULL),
(551, 13, 3, 2, 254, 300, NULL, 0, 0, 0, NULL),
(553, 13, 3, 2, 255, 300, NULL, 0, 0, 0, NULL),
(554, 13, 3, 2, 256, 300, NULL, 0, 0, 0, NULL),
(555, 33, 2, 1, 949, 300, NULL, 0, 0, 0, NULL),
(556, 36, 3, 2, 1002, 300, 300, 0, 0, 0, NULL),
(557, 33, 2, 1, 108, 200, 100, 0, 0, 0, NULL),
(559, 33, 2, 1, 117, 300, NULL, 0, 0, 0, NULL),
(561, 33, 2, 1, 109, 200, NULL, 0, 0, 0, NULL),
(563, 33, 2, 1, 950, 300, NULL, 0, 0, 0, NULL),
(564, 33, 2, 2, 951, 200, 100, 0, 0, 0, NULL),
(569, 13, 4, 1, 257, 300, NULL, 0, 0, 0, NULL),
(570, 13, 4, 1, 258, 300, NULL, 0, 0, 0, NULL),
(572, 33, 2, 2, 128, 300, NULL, 0, 0, 0, NULL),
(573, 13, 4, 1, 259, 300, NULL, 0, 0, 0, NULL),
(575, 13, 4, 1, 260, 300, NULL, 0, 0, 0, NULL),
(576, 13, 4, 1, 261, 300, NULL, 0, 0, 0, NULL),
(577, 33, 2, 2, 116, 300, NULL, 0, 0, 0, NULL),
(579, 33, 2, 2, 881, 300, NULL, 0, 0, 0, NULL),
(580, 13, 4, 2, 262, 600, NULL, 0, 0, 0, NULL),
(581, 33, 2, 2, 119, 200, NULL, 0, 0, 0, NULL),
(586, 33, 3, 1, 956, 300, NULL, 0, 0, 0, NULL),
(588, 33, 3, 1, 798, 300, NULL, 0, 0, 0, NULL),
(590, 33, 3, 1, 129, 300, NULL, 0, 0, 0, NULL),
(592, 33, 3, 1, 958, 300, NULL, 0, 0, 0, NULL),
(594, 33, 3, 1, 959, 300, NULL, 0, 0, 0, NULL),
(596, 1, 1, 1, 337, 100, 100, 0, 0, 0, NULL),
(598, 1, 1, 1, 338, 100, 200, 0, 0, 0, NULL),
(599, 1, 1, 1, 339, 200, NULL, 0, 0, 0, NULL),
(600, 33, 3, 2, 115, 300, NULL, 0, 0, 0, NULL),
(601, 40, 1, 1, 90, 300, NULL, 0, 0, 0, NULL),
(602, 33, 3, 2, 962, 300, NULL, 0, 0, 0, NULL),
(603, 1, 1, 1, 340, 100, 100, 0, 0, 0, NULL),
(604, 1, 1, 1, 341, 100, 100, 0, 0, 0, NULL),
(605, 33, 3, 2, 963, 300, NULL, 0, 0, 0, NULL),
(606, 40, 1, 1, 883, 200, NULL, 0, 0, 0, NULL),
(607, 1, 1, 1, 90, 300, NULL, 0, 0, 0, NULL),
(608, 1, 1, 1, 100, 300, NULL, 0, 0, 0, NULL),
(609, 33, 3, 2, 964, 300, NULL, 0, 0, 0, NULL),
(610, 1, 1, 1, 883, 200, NULL, 0, 0, 0, NULL),
(611, 40, 1, 1, 957, 300, NULL, 0, 0, 0, NULL),
(612, 33, 3, 2, 965, 300, NULL, 0, 0, 0, NULL),
(613, 1, 1, 1, 95, NULL, NULL, 0, 0, 0, NULL),
(614, 40, 1, 1, 977, 300, NULL, 0, 0, 0, NULL),
(615, 1, 1, 1, 346, 200, NULL, 0, 0, 0, NULL),
(616, 33, 4, 1, 966, NULL, 1000, 0, 0, 0, NULL),
(617, 40, 1, 1, 961, 200, 100, 0, 0, 0, NULL),
(618, 33, 4, 1, 968, 100, NULL, 0, 0, 0, NULL),
(619, 1, 1, 2, 347, 300, NULL, 0, 0, 0, NULL),
(620, 1, 1, 2, 348, 100, 100, 0, 0, 0, NULL),
(622, 33, 4, 2, 971, 100, NULL, 0, 0, 0, NULL),
(623, 1, 1, 2, 349, 100, 200, 0, 0, 0, NULL),
(624, 40, 1, 1, 95, NULL, NULL, 0, 0, 0, NULL),
(625, 33, 4, 2, 970, NULL, 1000, 0, 0, 0, NULL),
(626, 40, 1, 2, 831, 300, NULL, 0, 0, 0, NULL),
(627, 40, 1, 2, 100, 300, NULL, 0, 0, 0, NULL),
(628, 40, 1, 2, 102, 200, NULL, 0, 0, 0, NULL),
(629, 1, 1, 2, 350, 100, 100, 0, 0, 0, NULL),
(631, 1, 1, 2, 351, 200, NULL, 0, 0, 0, NULL),
(633, 1, 1, 2, 352, 100, 100, 0, 0, 0, NULL),
(634, 1, 1, 2, 353, 300, NULL, 0, 0, 0, NULL),
(635, 1, 1, 2, 831, 300, NULL, 0, 0, 0, NULL),
(636, 1, 1, 2, 102, 200, NULL, 0, 0, 0, NULL),
(637, 1, 1, 2, 104, NULL, NULL, 0, 0, 0, NULL),
(640, 40, 1, 2, 198, 300, NULL, 0, 0, 0, NULL),
(642, 40, 1, 2, 973, 200, 100, 0, 0, 0, NULL),
(644, 40, 1, 2, 104, NULL, NULL, 0, 0, 0, NULL),
(645, 40, 1, 2, 1004, 300, 300, 0, 0, 0, NULL),
(647, 1, 2, 1, 357, 200, 100, 0, 0, 0, NULL),
(648, 1, 2, 1, 358, 100, 200, 0, 0, 0, NULL),
(649, 1, 2, 1, 359, 200, NULL, 0, 0, 0, NULL),
(650, 1, 2, 1, 360, 200, NULL, 0, 0, 0, NULL),
(651, 1, 2, 1, 361, 100, 100, 0, 0, 0, NULL),
(652, 1, 2, 1, 115, 300, NULL, 0, 0, 0, NULL),
(653, 40, 2, 1, 1005, 300, NULL, 0, 0, 0, NULL),
(654, 1, 2, 1, 128, 300, NULL, 0, 0, 0, NULL),
(655, 40, 2, 1, 949, 300, NULL, 0, 0, 0, NULL),
(656, 1, 2, 1, 109, 200, NULL, 0, 0, 0, NULL),
(657, 1, 2, 1, 198, 300, NULL, 0, 0, 0, NULL),
(659, 1, 2, 2, 366, 200, 100, 0, 0, 0, NULL),
(661, 1, 2, 2, 367, 100, 200, 0, 0, 0, NULL),
(662, 40, 2, 1, 108, 200, 100, 0, 0, 0, NULL),
(664, 1, 2, 2, 368, 200, NULL, 0, 0, 0, NULL),
(665, 1, 2, 2, 108, 200, 100, 0, 0, 0, NULL),
(667, 1, 2, 2, 119, 200, NULL, 0, 0, 0, NULL),
(669, 1, 2, 2, 957, 300, NULL, 0, 0, 0, NULL),
(671, 40, 2, 1, 117, 300, NULL, 0, 0, 0, NULL),
(672, 1, 2, 2, 373, 300, NULL, 0, 0, 0, NULL),
(674, 1, 2, 2, 129, 300, NULL, 0, 0, 0, NULL),
(675, 40, 2, 1, 109, 200, NULL, 0, 0, 0, NULL),
(676, 1, 2, 2, 374, 200, 100, 0, 0, 0, NULL),
(679, 40, 2, 1, 950, 300, NULL, 0, 0, 0, NULL),
(686, 40, 2, 2, 951, 200, 100, 0, 0, 0, NULL),
(689, 40, 2, 2, 1007, 200, 100, 0, 0, 0, NULL),
(691, 40, 2, 2, 128, 300, NULL, 0, 0, 0, NULL),
(692, 1, 3, 1, 375, 200, 100, 0, 0, 0, NULL),
(694, 40, 2, 2, 116, 300, NULL, 0, 0, 0, NULL),
(695, 1, 3, 1, 376, 200, 100, 0, 0, 0, NULL),
(696, 40, 2, 2, 881, 300, NULL, 0, 0, 0, NULL),
(698, 1, 3, 1, 377, 100, 100, 0, 0, 0, NULL),
(699, 40, 2, 2, 119, 200, NULL, 0, 0, 0, NULL),
(701, 1, 3, 1, 378, 100, 300, 0, 0, 0, NULL),
(703, 1, 3, 1, 379, 200, NULL, 0, 0, 0, NULL),
(705, 1, 3, 1, 116, 300, NULL, 0, 0, 0, NULL),
(706, 40, 3, 1, 1011, 200, 100, 0, 0, 0, NULL),
(707, 1, 3, 1, 382, 300, NULL, 0, 0, 0, NULL),
(710, 1, 3, 2, 383, 200, 100, 0, 0, 0, NULL),
(711, 1, 3, 2, 384, 200, 100, 0, 0, 0, NULL),
(712, 40, 3, 1, 956, 300, NULL, 0, 0, 0, NULL),
(714, 1, 3, 2, 385, 100, 100, 0, 0, 0, NULL),
(716, 40, 3, 1, 798, 300, NULL, 0, 0, 0, NULL),
(718, 1, 3, 2, 386, 100, 300, 0, 0, 0, NULL),
(719, 40, 3, 1, 129, 300, NULL, 0, 0, 0, NULL),
(721, 40, 3, 1, 958, 300, NULL, 0, 0, 0, NULL),
(723, 1, 3, 2, 387, 300, NULL, 0, 0, 0, NULL),
(726, 1, 3, 2, 388, 300, NULL, 0, 0, 0, NULL),
(728, 1, 3, 2, 798, 300, NULL, 0, 0, 0, NULL),
(729, 40, 3, 1, 959, 300, NULL, 0, 0, 0, NULL),
(731, 1, 3, 2, 390, 300, NULL, 0, 0, 0, NULL),
(732, 40, 3, 2, 1014, 200, 100, 0, 0, 0, NULL),
(733, 1, 3, 3, 391, NULL, 300, 0, 0, 0, NULL),
(735, 40, 3, 2, 115, 300, NULL, 0, 0, 0, NULL),
(738, 40, 3, 2, 962, 300, NULL, 0, 0, 0, NULL),
(742, 40, 3, 2, 963, 300, NULL, 0, 0, 0, NULL),
(744, 40, 3, 2, 964, 300, NULL, 0, 0, 0, NULL),
(746, 40, 3, 2, 965, 300, NULL, 0, 0, 0, NULL),
(747, 40, 4, 1, 966, NULL, 1000, 0, 0, 0, NULL),
(748, 40, 4, 1, 968, 100, NULL, 0, 0, 0, NULL),
(749, 40, 4, 2, 970, NULL, 1000, 0, 0, 0, NULL),
(750, 40, 4, 2, 971, 100, NULL, 0, 0, 0, NULL),
(751, 1, 4, 1, 392, 100, 400, 0, 0, 0, NULL),
(752, 1, 4, 1, 393, 200, 100, 0, 0, 0, NULL),
(753, 1, 4, 1, 394, 300, NULL, 0, 0, 0, NULL),
(755, 1, 4, 1, 395, 300, NULL, 0, 0, 0, NULL),
(756, 1, 4, 1, 396, 300, NULL, 0, 0, 0, NULL),
(758, 1, 4, 1, 881, 300, NULL, 0, 0, 0, NULL),
(760, 1, 4, 2, 397, 300, NULL, 0, 0, 0, NULL),
(761, 1, 4, 2, 117, 300, NULL, 0, 0, 0, NULL),
(763, 1, 4, 2, 399, 100, 400, 0, 0, 0, NULL),
(764, 1, 4, 2, 400, 300, NULL, 0, 0, 0, NULL),
(766, 1, 4, 2, 401, 300, NULL, 0, 0, 0, NULL),
(768, 1, 4, 2, 402, 300, NULL, 0, 0, 0, NULL),
(774, 1, 5, 1, 403, 300, NULL, 0, 0, 0, NULL),
(775, 1, 5, 1, 404, 300, NULL, 0, 0, 0, NULL),
(777, 1, 5, 1, 405, 100, 400, 0, 0, 0, NULL),
(778, 1, 5, 1, 406, 300, NULL, 0, 0, 0, NULL),
(780, 1, 5, 1, 407, 200, NULL, 0, 0, 0, NULL),
(781, 1, 5, 2, 408, 300, NULL, 0, 0, 0, NULL),
(783, 1, 5, 2, 409, 300, NULL, 0, 0, 0, NULL),
(784, 1, 5, 2, 977, 300, NULL, 0, 0, 0, NULL),
(786, 1, 5, 2, 411, 100, 400, 0, 0, 0, NULL),
(808, 2, 1, 1, 90, 300, NULL, 0, 0, 0, NULL),
(810, 2, 1, 1, 883, 200, NULL, 0, 0, 0, NULL),
(812, 2, 1, 1, 957, 300, NULL, 0, 0, 0, NULL),
(813, 2, 1, 1, 129, 300, NULL, 0, 0, 0, NULL),
(814, 2, 1, 1, 1149, 100, 300, 0, 0, 0, NULL),
(815, 2, 1, 1, 1150, 100, 200, 0, 0, 0, NULL),
(817, 2, 1, 1, 1151, 300, NULL, 0, 0, 0, NULL),
(819, 2, 1, 1, 1152, 100, 200, 0, 0, 0, NULL),
(820, 2, 1, 1, 95, NULL, NULL, 0, 0, 0, NULL),
(821, 2, 1, 2, 881, 300, NULL, 0, 0, 0, NULL),
(823, 2, 1, 2, 100, 300, NULL, 0, 0, 0, NULL),
(824, 2, 1, 2, 102, 200, NULL, 0, 0, 0, NULL),
(826, 2, 1, 2, 198, 300, NULL, 0, 0, 0, NULL),
(827, 2, 1, 2, 1153, 100, 300, 0, 0, 0, NULL),
(828, 2, 1, 2, 1154, 100, 200, 0, 0, 0, NULL),
(830, 2, 1, 2, 1155, 300, NULL, 0, 0, 0, NULL),
(831, 2, 1, 2, 1156, 100, 200, 0, 0, 0, NULL),
(833, 2, 1, 2, 104, NULL, NULL, 0, 0, 0, NULL),
(836, 2, 2, 1, 1157, 100, 200, 0, 0, 0, NULL),
(837, 2, 2, 1, 108, 200, 100, 0, 0, 0, NULL),
(838, 2, 2, 1, 117, 300, NULL, 0, 0, 0, NULL),
(839, 2, 2, 1, 109, 200, NULL, 0, 0, 0, NULL),
(840, 2, 2, 1, 172, 300, NULL, 0, 0, 0, NULL),
(841, 2, 2, 1, 1158, 100, 300, 0, 0, 0, NULL),
(842, 2, 2, 1, 1159, 100, 200, 0, 0, 0, NULL),
(843, 2, 2, 1, 1160, 100, 200, 0, 0, 0, NULL),
(844, 2, 2, 1, 1161, 100, 200, 0, 0, 0, NULL),
(845, 2, 2, 2, 1162, 100, 200, 0, 0, 0, NULL),
(846, 2, 2, 2, 128, 300, NULL, 0, 0, 0, NULL),
(847, 2, 2, 2, 331, 300, NULL, 0, 0, 0, NULL),
(848, 2, 2, 2, 119, 200, NULL, 0, 0, 0, NULL),
(849, 2, 2, 2, 1163, 100, 300, 0, 0, 0, NULL),
(850, 2, 2, 2, 1164, 100, 200, 0, 0, 0, NULL),
(851, 2, 2, 2, 1165, 300, NULL, 0, 0, 0, NULL),
(852, 2, 2, 2, 1166, 300, NULL, 0, 0, 0, NULL),
(853, 2, 2, 2, 1167, 100, 200, 0, 0, 0, NULL),
(854, 2, 3, 1, 1168, 300, NULL, 0, 0, 0, NULL),
(855, 2, 3, 1, 116, 300, NULL, 0, 0, 0, NULL),
(856, 2, 3, 1, 798, 300, NULL, 0, 0, 0, NULL),
(857, 2, 3, 1, 977, 300, NULL, 0, 0, 0, NULL),
(858, 2, 3, 1, 1169, 300, NULL, 0, 0, 0, NULL),
(859, 2, 3, 1, 1170, 200, 100, 0, 0, 0, NULL),
(860, 2, 3, 1, 1171, 200, 100, 0, 0, 0, NULL),
(861, 2, 3, 1, 1172, 300, NULL, 0, 0, 0, NULL),
(862, 2, 3, 2, 1173, 100, 200, 0, 0, 0, NULL),
(863, 2, 3, 2, 115, 300, NULL, 0, 0, 0, NULL),
(864, 2, 3, 2, 1174, 100, 300, 0, 0, 0, NULL),
(865, 2, 3, 2, 1175, 300, NULL, 0, 0, 0, NULL),
(866, 2, 3, 2, 1176, 100, 300, 0, 0, 0, NULL),
(867, 2, 3, 2, 1177, 300, NULL, 0, 0, 0, NULL),
(868, 2, 3, 2, 1178, 300, NULL, 0, 0, 0, NULL),
(869, 2, 3, 2, 1179, 300, NULL, 0, 0, 0, NULL),
(870, 2, 3, 3, 1180, 300, NULL, 0, 0, 0, NULL),
(871, 2, 4, 1, 1181, 200, 400, 0, 0, 0, NULL),
(872, 2, 4, 1, 1182, 300, NULL, 0, 0, 0, NULL),
(873, 2, 4, 1, 1183, 100, 200, 0, 0, 0, NULL),
(874, 2, 4, 2, 1184, 200, 800, 0, 0, 0, NULL),
(875, 2, 4, 2, 1185, 200, 300, 0, 0, 0, NULL),
(876, 2, 4, 2, 1186, 300, NULL, 0, 0, 0, NULL),
(877, 5, 1, 1, 263, NULL, 100, 0, 0, 0, NULL),
(878, 5, 1, 1, 264, 200, NULL, 0, 0, 0, NULL),
(879, 5, 1, 1, 90, 300, NULL, 0, 0, 0, NULL),
(880, 5, 1, 1, 881, 300, NULL, 0, 0, 0, NULL),
(881, 5, 1, 1, 100, 300, NULL, 0, 0, 0, NULL),
(882, 5, 1, 1, 883, 200, NULL, 0, 0, 0, NULL),
(883, 5, 1, 1, 198, 300, NULL, 0, 0, 0, NULL),
(884, 5, 1, 1, 270, 500, NULL, 0, 0, 0, NULL),
(885, 5, 1, 1, 271, NULL, NULL, 0, 0, 0, NULL),
(886, 5, 1, 1, 95, NULL, NULL, 0, 0, 0, NULL),
(887, 5, 1, 2, 273, NULL, 100, 0, 0, 0, NULL),
(888, 5, 1, 2, 274, 200, NULL, 0, 0, 0, NULL),
(889, 5, 1, 2, 831, 300, NULL, 0, 0, 0, NULL),
(890, 5, 1, 2, 102, 200, NULL, 0, 0, 0, NULL),
(891, 5, 1, 2, 1480, 300, 0, 0, 0, 0, NULL),
(892, 5, 1, 2, 977, 300, NULL, 0, 0, 0, NULL),
(893, 5, 1, 2, 279, 500, NULL, 0, 0, 0, NULL),
(894, 5, 1, 2, 765, NULL, NULL, 0, 0, 0, NULL),
(895, 5, 1, 2, 766, NULL, NULL, 0, 0, 0, NULL),
(896, 5, 1, 2, 282, NULL, NULL, 0, 0, 0, NULL),
(897, 5, 1, 2, 104, NULL, NULL, 0, 0, 0, NULL),
(898, 5, 1, 2, 284, NULL, 100, 0, 0, 0, NULL),
(899, 5, 1, 2, 285, 300, NULL, 0, 0, 0, NULL),
(900, 5, 2, 1, 286, NULL, 100, 0, 0, 0, NULL),
(901, 5, 2, 1, 287, 300, NULL, 0, 0, 0, NULL),
(902, 5, 2, 1, 288, 300, NULL, 0, 0, 0, NULL),
(903, 5, 2, 1, 115, 300, NULL, 0, 0, 0, NULL),
(904, 5, 2, 1, 128, 300, NULL, 0, 0, 0, NULL),
(905, 5, 2, 1, 116, 300, NULL, 0, 0, 0, NULL),
(906, 5, 2, 1, 109, 200, NULL, 0, 0, 0, NULL),
(907, 5, 2, 1, 293, NULL, 100, 0, 0, 0, NULL),
(908, 5, 2, 1, 294, 300, NULL, 0, 0, 0, NULL),
(909, 5, 2, 1, 295, NULL, 100, 0, 0, 0, NULL),
(910, 5, 2, 1, 296, 200, NULL, 0, 0, 0, NULL),
(911, 5, 2, 2, 297, NULL, 100, 0, 0, 0, NULL),
(912, 5, 2, 2, 298, 200, NULL, 0, 0, 0, NULL),
(913, 5, 2, 2, 299, 300, NULL, 0, 0, 0, NULL),
(914, 5, 2, 2, 117, 300, NULL, 0, 0, 0, NULL),
(915, 5, 2, 2, 119, 200, NULL, 0, 0, 0, NULL),
(916, 5, 2, 2, 129, 300, NULL, 0, 0, 0, NULL),
(917, 5, 2, 2, 303, NULL, 100, 0, 0, 0, NULL),
(918, 5, 2, 2, 304, 200, NULL, 0, 0, 0, NULL),
(919, 5, 2, 2, 305, 300, NULL, 0, 0, 0, NULL),
(920, 5, 2, 2, 306, NULL, 100, 0, 0, 0, NULL),
(921, 5, 2, 2, 307, 300, NULL, 0, 0, 0, NULL),
(922, 5, 3, 1, 308, NULL, 100, 0, 0, 0, NULL),
(923, 5, 3, 1, 309, 200, NULL, 0, 0, 0, NULL),
(924, 5, 3, 1, 310, 300, NULL, 0, 0, 0, NULL),
(925, 5, 3, 1, 311, 300, NULL, 0, 0, 0, NULL),
(926, 5, 3, 1, 312, NULL, 300, 0, 0, 0, NULL),
(927, 5, 3, 1, 313, NULL, 100, 0, 0, 0, NULL),
(928, 5, 3, 1, 314, 200, NULL, 0, 0, 0, NULL),
(929, 5, 3, 1, 315, 300, NULL, 0, 0, 0, NULL),
(930, 5, 3, 1, 316, NULL, 100, 0, 0, 0, NULL),
(931, 5, 3, 1, 317, 200, NULL, 0, 0, 0, NULL),
(932, 5, 3, 2, 318, NULL, 100, 0, 0, 0, NULL),
(933, 5, 3, 2, 319, 200, NULL, 0, 0, 0, NULL),
(934, 5, 3, 2, 320, 300, NULL, 0, 0, 0, NULL),
(935, 5, 4, 1, 328, 300, NULL, 0, 0, 0, NULL),
(936, 5, 3, 2, 321, 300, NULL, 0, 0, 0, NULL),
(937, 5, 3, 2, 322, NULL, 100, 0, 0, 0, NULL),
(938, 5, 3, 2, 323, 300, NULL, 0, 0, 0, NULL),
(939, 5, 3, 2, 324, 300, NULL, 0, 0, 0, NULL),
(940, 5, 3, 2, 325, 300, NULL, 0, 0, 0, NULL),
(941, 5, 3, 2, 326, NULL, 100, 0, 0, 0, NULL),
(942, 5, 3, 2, 327, 200, NULL, 0, 0, 0, NULL),
(943, 5, 4, 1, 329, 300, NULL, 0, 0, 0, NULL),
(944, 5, 4, 1, 143, 300, NULL, 0, 0, 0, NULL),
(945, 5, 4, 1, 331, 300, NULL, 0, 0, 0, NULL),
(946, 5, 4, 1, 332, 300, NULL, 0, 0, 0, NULL),
(947, 5, 4, 1, 333, 300, NULL, 0, 0, 0, NULL),
(948, 5, 4, 1, 334, 300, NULL, 0, 0, 0, NULL),
(949, 5, 4, 1, 335, 300, NULL, 0, 0, 0, NULL),
(950, 5, 4, 2, 336, 900, NULL, 0, 0, 0, NULL),
(951, 6, 1, 1, 1345, NULL, 100, 0, 0, 0, NULL),
(952, 6, 1, 1, 1346, 400, NULL, 0, 0, 0, NULL),
(953, 6, 1, 1, 90, 300, NULL, 0, 0, 0, NULL),
(954, 6, 1, 1, 883, 200, NULL, 0, 0, 0, NULL),
(955, 6, 1, 1, 957, 300, NULL, 0, 0, 0, NULL),
(956, 6, 1, 1, 129, 300, NULL, 0, 0, 0, NULL),
(957, 6, 1, 1, 977, 300, NULL, 0, 0, 0, NULL),
(958, 6, 1, 1, 1347, 300, NULL, 0, 0, 0, NULL),
(959, 6, 1, 1, 95, NULL, NULL, 0, 0, 0, NULL),
(960, 6, 1, 2, 1348, NULL, 100, 0, 0, 0, NULL),
(961, 6, 1, 2, 1349, 400, NULL, 0, 0, 0, NULL),
(962, 6, 1, 2, 115, 300, NULL, 0, 0, 0, NULL),
(963, 6, 1, 2, 100, 300, NULL, 0, 0, 0, NULL),
(964, 6, 1, 2, 331, 300, NULL, 0, 0, 0, NULL),
(965, 6, 1, 2, 102, 200, NULL, 0, 0, 0, NULL),
(966, 6, 1, 2, 198, 300, NULL, 0, 0, 0, NULL),
(967, 6, 1, 2, 765, NULL, NULL, 0, 0, 0, NULL),
(968, 6, 1, 2, 766, NULL, NULL, 0, 0, 0, NULL),
(969, 6, 1, 2, 282, NULL, NULL, 0, 0, 0, NULL),
(970, 6, 1, 2, 104, NULL, NULL, 0, 0, 0, NULL),
(971, 6, 1, 2, 1350, 500, NULL, 0, 0, 0, NULL),
(972, 6, 2, 1, 1351, NULL, 100, 0, 0, 0, NULL),
(973, 6, 2, 1, 1352, 400, NULL, 0, 0, 0, NULL),
(974, 6, 2, 1, 1353, 300, NULL, 0, 0, 0, NULL),
(975, 6, 2, 1, 798, 300, NULL, 0, 0, 0, NULL),
(976, 6, 2, 1, 108, 200, 100, 0, 0, 0, NULL),
(977, 6, 2, 1, 109, 200, NULL, 0, 0, 0, NULL),
(978, 6, 2, 1, 172, 300, NULL, 0, 0, 0, NULL),
(979, 6, 2, 1, 1354, 300, NULL, 0, 0, 0, NULL),
(980, 6, 2, 2, 1355, NULL, 200, 0, 0, 0, NULL),
(981, 6, 2, 2, 1356, 300, NULL, 0, 0, 0, NULL),
(982, 6, 2, 2, 128, 300, NULL, 0, 0, 0, NULL),
(983, 6, 2, 2, 116, 300, NULL, 0, 0, 0, NULL),
(984, 6, 2, 2, 119, 200, NULL, 0, 0, 0, NULL),
(985, 6, 2, 2, 1357, NULL, 100, 0, 0, 0, NULL),
(986, 6, 2, 2, 1358, 400, NULL, 0, 0, 0, NULL),
(987, 6, 2, 2, 1359, 300, NULL, 0, 0, 0, NULL),
(988, 6, 3, 1, 1360, 300, NULL, 0, 0, 0, NULL),
(989, 6, 3, 1, 1361, 300, NULL, 0, 0, 0, NULL),
(990, 6, 3, 1, 1362, NULL, 200, 0, 0, 0, NULL),
(991, 6, 3, 1, 1363, 300, NULL, 0, 0, 0, NULL),
(992, 6, 3, 1, 117, 300, NULL, 0, 0, 0, NULL),
(993, 6, 3, 1, 1364, 200, 100, 0, 0, 0, NULL),
(994, 6, 3, 1, 1366, 300, NULL, 0, 0, 0, NULL),
(995, 6, 3, 2, 881, 300, NULL, 0, 0, 0, NULL),
(996, 6, 3, 2, 253, 300, NULL, 0, 0, 0, NULL),
(997, 6, 3, 2, 1367, 300, NULL, 0, 0, 0, NULL),
(998, 6, 3, 2, 1368, 300, NULL, 0, 0, 0, NULL),
(999, 6, 3, 2, 1369, NULL, 200, 0, 0, 0, NULL),
(1000, 6, 3, 2, 1370, 300, NULL, 0, 0, 0, NULL),
(1001, 6, 3, 2, 1371, 300, NULL, 0, 0, 0, NULL),
(1002, 6, 3, 2, 1372, 300, NULL, 0, 0, 0, NULL),
(1003, 6, 4, 1, 331, 300, NULL, 0, 0, 0, NULL),
(1004, 6, 4, 1, 1373, 300, NULL, 0, 0, 0, NULL),
(1005, 6, 4, 1, 1374, 300, NULL, 0, 0, 0, NULL),
(1006, 6, 4, 1, 1375, 300, NULL, 0, 0, 0, NULL),
(1007, 6, 4, 1, 1376, 300, NULL, 0, 0, 0, NULL),
(1008, 6, 4, 1, 1377, 300, NULL, 0, 0, 0, NULL),
(1009, 6, 4, 2, 1378, 400, NULL, 0, 0, 0, NULL),
(1010, 6, 4, 2, 1379, 600, NULL, 0, 0, 0, NULL),
(1011, 7, 1, 1, 115, 300, NULL, 0, 0, 0, NULL),
(1012, 7, 1, 1, 90, 300, NULL, 0, 0, 0, NULL),
(1013, 7, 1, 1, 100, 300, NULL, 0, 0, 0, NULL),
(1014, 7, 1, 1, 883, 200, NULL, 0, 0, 0, NULL),
(1015, 7, 1, 1, 198, 300, NULL, 0, 0, 0, NULL),
(1016, 7, 1, 1, 270, 500, NULL, 0, 0, 0, NULL),
(1017, 7, 1, 1, 1247, 300, NULL, 0, 0, 0, NULL),
(1018, 7, 1, 1, 1462, NULL, NULL, 0, 0, 0, NULL),
(1019, 7, 1, 1, 923, NULL, NULL, 0, 0, 0, NULL),
(1020, 7, 1, 1, 1463, NULL, NULL, 0, 0, 0, NULL),
(1021, 7, 1, 1, 95, NULL, NULL, 0, 0, 0, NULL),
(1022, 7, 1, 2, 1248, NULL, 100, 0, 0, 0, NULL),
(1023, 7, 1, 2, 1249, 200, NULL, 0, 0, 0, NULL),
(1024, 7, 1, 2, 331, 300, NULL, 0, 0, 0, NULL),
(1025, 7, 1, 2, 102, 200, NULL, 0, 0, 0, NULL),
(1026, 7, 1, 2, 977, 300, NULL, 0, 0, 0, NULL),
(1027, 7, 1, 2, 1250, NULL, 100, 0, 0, 0, NULL),
(1028, 7, 1, 2, 1251, 300, NULL, 0, 0, 0, NULL),
(1029, 7, 1, 2, 279, 500, NULL, 0, 0, 0, NULL),
(1030, 7, 1, 2, 765, NULL, NULL, 0, 0, 0, NULL),
(1031, 7, 1, 2, 766, NULL, NULL, 0, 0, 0, NULL),
(1032, 7, 1, 2, 282, NULL, NULL, 0, 0, 0, NULL),
(1033, 7, 1, 2, 104, NULL, NULL, 0, 0, 0, NULL),
(1034, 7, 2, 1, 1252, NULL, 100, 0, 0, 0, NULL),
(1035, 7, 2, 1, 1253, 200, NULL, 0, 0, 0, NULL),
(1036, 7, 2, 1, 128, 300, NULL, 0, 0, 0, NULL),
(1037, 7, 2, 1, 116, 300, NULL, 0, 0, 0, NULL),
(1038, 7, 2, 1, 109, 200, NULL, 0, 0, 0, NULL),
(1039, 7, 2, 1, 1254, NULL, 100, 0, 0, 0, NULL),
(1040, 7, 2, 1, 1255, 300, NULL, 0, 0, 0, NULL),
(1041, 7, 2, 1, 910, 300, NULL, 0, 0, 0, NULL),
(1042, 7, 2, 1, 1464, 300, NULL, 0, 0, 0, NULL),
(1043, 7, 2, 2, 108, 200, 100, 0, 0, 0, NULL),
(1044, 7, 2, 2, 117, 300, NULL, 0, 0, 0, NULL),
(1045, 7, 2, 2, 119, 200, NULL, 0, 0, 0, NULL),
(1046, 7, 2, 2, 957, 300, NULL, 0, 0, 0, NULL),
(1047, 7, 2, 2, 129, 300, NULL, 0, 0, 0, NULL),
(1048, 7, 2, 2, 1256, 300, NULL, 0, 0, 0, NULL),
(1049, 7, 2, 2, 898, 300, NULL, 0, 0, 0, NULL),
(1050, 7, 2, 2, 1257, 300, NULL, 0, 0, 0, NULL),
(1051, 7, 3, 1, 805, 300, NULL, 0, 0, 0, NULL),
(1052, 7, 3, 1, 288, 300, NULL, 0, 0, 0, NULL),
(1053, 7, 3, 1, 881, 300, NULL, 0, 0, 0, NULL),
(1054, 7, 3, 1, 1258, 300, NULL, 0, 0, 0, NULL),
(1055, 7, 3, 1, 1259, 300, NULL, 0, 0, 0, NULL),
(1056, 7, 3, 1, 899, 300, NULL, 0, 0, 0, NULL),
(1057, 7, 3, 1, 1260, 300, NULL, 0, 0, 0, NULL),
(1058, 7, 3, 1, 1261, 300, NULL, 0, 0, 0, NULL),
(1059, 7, 3, 2, 299, 300, NULL, 0, 0, 0, NULL),
(1060, 7, 3, 2, 1262, 300, NULL, 0, 0, 0, NULL),
(1061, 7, 3, 2, 1263, 300, NULL, 0, 0, 0, NULL),
(1062, 7, 3, 2, 1264, 300, NULL, 0, 0, 0, NULL),
(1063, 7, 3, 2, 1265, 300, NULL, 0, 0, 0, NULL),
(1064, 7, 3, 2, 1266, 300, NULL, 0, 0, 0, NULL),
(1065, 7, 3, 2, 894, 300, NULL, 0, 0, 0, NULL),
(1066, 7, 4, 1, 235, 300, NULL, 0, 0, 0, NULL),
(1067, 7, 4, 1, 831, 300, NULL, 0, 0, 0, NULL),
(1068, 7, 4, 1, 1267, 300, NULL, 0, 0, 0, NULL),
(1069, 7, 4, 1, 1268, 300, NULL, 0, 0, 0, NULL),
(1070, 7, 4, 1, 1269, 300, NULL, 0, 0, 0, NULL),
(1071, 7, 4, 1, 1270, 300, NULL, 0, 0, 0, NULL),
(1072, 7, 4, 2, 1271, 900, NULL, 0, 0, 0, NULL),
(1073, 8, 1, 1, 413, 300, NULL, 0, 0, 0, NULL),
(1074, 8, 1, 1, 100, 300, NULL, 0, 0, 0, NULL),
(1075, 8, 1, 1, 883, 200, NULL, 0, 0, 0, NULL),
(1076, 8, 1, 1, 198, 300, NULL, 0, 0, 0, NULL),
(1077, 8, 1, 1, 463, 300, NULL, 0, 0, 0, NULL),
(1078, 8, 1, 1, 464, 300, NULL, 0, 0, 0, NULL),
(1079, 8, 1, 1, 433, 300, NULL, 0, 0, 0, NULL),
(1080, 8, 1, 1, 95, NULL, NULL, 0, 0, 0, NULL),
(1081, 8, 1, 1, 420, 300, NULL, 0, 0, 0, NULL),
(1082, 8, 1, 2, 468, 300, NULL, 0, 0, 0, NULL),
(1083, 8, 1, 2, 115, 300, NULL, 0, 0, 0, NULL),
(1084, 8, 1, 2, 90, 300, NULL, 0, 0, 0, NULL),
(1085, 8, 1, 2, 102, 200, NULL, 0, 0, 0, NULL),
(1086, 8, 1, 2, 129, 300, NULL, 0, 0, 0, NULL),
(1087, 8, 1, 2, 977, 300, NULL, 0, 0, 0, NULL),
(1088, 8, 1, 2, 245, 300, NULL, 0, 0, 0, NULL),
(1089, 8, 1, 2, 104, NULL, NULL, 0, 0, 0, NULL),
(1090, 8, 2, 1, 428, 300, NULL, 0, 0, 0, NULL),
(1091, 8, 2, 1, 128, 300, NULL, 0, 0, 0, NULL),
(1092, 8, 2, 1, 831, 300, NULL, 0, 0, 0, NULL),
(1093, 8, 2, 1, 109, 200, NULL, 0, 0, 0, NULL),
(1094, 8, 2, 1, 957, 300, NULL, 0, 0, 0, NULL),
(1095, 8, 2, 1, 481, 300, NULL, 0, 0, 0, NULL),
(1096, 8, 2, 1, 482, 300, NULL, 0, 0, 0, NULL),
(1097, 8, 2, 2, 436, 300, NULL, 0, 0, 0, NULL),
(1098, 8, 2, 2, 484, 300, NULL, 0, 0, 0, NULL),
(1099, 8, 2, 2, 485, 300, NULL, 0, 0, 0, NULL),
(1100, 8, 2, 2, 881, 300, NULL, 0, 0, 0, NULL),
(1101, 8, 2, 2, 119, 200, NULL, 0, 0, 0, NULL),
(1102, 8, 2, 2, 488, 300, NULL, 0, 0, 0, NULL),
(1103, 8, 2, 2, 489, 300, NULL, 0, 0, 0, NULL),
(1104, 8, 2, 2, 490, 300, NULL, 0, 0, 0, NULL),
(1105, 8, 3, 1, 491, 300, NULL, 0, 0, 0, NULL),
(1106, 8, 3, 1, 492, 300, NULL, 0, 0, 0, NULL),
(1107, 8, 3, 1, 493, 300, NULL, 0, 0, 0, NULL),
(1108, 8, 3, 1, 444, 300, NULL, 0, 0, 0, NULL),
(1109, 8, 3, 1, 447, 300, NULL, 0, 0, 0, NULL),
(1110, 8, 3, 1, 453, 300, NULL, 0, 0, 0, NULL),
(1111, 8, 3, 1, 497, 300, NULL, 0, 0, 0, NULL),
(1112, 8, 3, 2, 449, 300, NULL, 0, 0, 0, NULL),
(1113, 8, 3, 2, 117, 300, NULL, 0, 0, 0, NULL),
(1114, 8, 3, 2, 500, 300, NULL, 0, 0, 0, NULL),
(1115, 8, 3, 2, 501, 300, NULL, 0, 0, 0, NULL),
(1116, 8, 3, 2, 502, 300, NULL, 0, 0, 0, NULL),
(1117, 8, 4, 1, 455, 300, NULL, 0, 0, 0, NULL),
(1118, 8, 4, 1, 452, 300, NULL, 0, 0, 0, NULL),
(1119, 8, 4, 1, 505, 300, NULL, 0, 0, 0, NULL),
(1120, 8, 4, 1, 457, 300, NULL, 0, 0, 0, NULL),
(1121, 8, 4, 2, 507, 600, NULL, 0, 0, 0, NULL),
(1122, 9, 1, 1, 412, 300, NULL, 0, 0, 0, NULL),
(1123, 9, 1, 1, 413, 300, NULL, 0, 0, 0, NULL),
(1124, 9, 1, 1, 883, 200, NULL, 0, 0, 0, NULL),
(1125, 9, 1, 1, 129, 300, NULL, 0, 0, 0, NULL),
(1126, 9, 1, 1, 977, 300, NULL, 0, 0, 0, NULL),
(1127, 9, 1, 1, 463, 300, NULL, 0, 0, 0, NULL),
(1128, 9, 1, 1, 464, 300, NULL, 0, 0, 0, NULL),
(1129, 9, 1, 1, 95, NULL, NULL, 0, 0, 0, NULL),
(1130, 9, 1, 1, 420, 300, NULL, 0, 0, 0, NULL),
(1131, 9, 1, 2, 117, 300, NULL, 0, 0, 0, NULL),
(1132, 9, 1, 2, 90, 300, NULL, 0, 0, 0, NULL),
(1133, 9, 1, 2, 100, 300, NULL, 0, 0, 0, NULL),
(1134, 9, 1, 2, 102, 200, NULL, 0, 0, 0, NULL),
(1135, 9, 1, 2, 245, 300, NULL, 0, 0, 0, NULL),
(1136, 9, 1, 2, 765, 300, NULL, 0, 0, 0, NULL),
(1137, 9, 1, 2, 427, 300, NULL, 0, 0, 0, NULL),
(1138, 9, 2, 1, 428, 300, NULL, 0, 0, 0, NULL),
(1139, 9, 2, 1, 831, 300, NULL, 0, 0, 0, NULL),
(1140, 9, 2, 1, 109, 200, NULL, 0, 0, 0, NULL),
(1141, 9, 2, 1, 138, 300, NULL, 0, 0, 0, NULL),
(1142, 9, 2, 1, 432, 300, NULL, 0, 0, 0, NULL),
(1143, 9, 2, 1, 433, 300, NULL, 0, 0, 0, NULL),
(1144, 9, 2, 1, 505, 300, NULL, 0, 0, 0, NULL),
(1145, 9, 2, 1, 435, 300, NULL, 0, 0, 0, NULL),
(1146, 9, 2, 2, 436, 300, NULL, 0, 0, 0, NULL),
(1147, 9, 2, 2, 437, 300, NULL, 0, 0, 0, NULL),
(1148, 9, 2, 2, 438, 300, NULL, 0, 0, 0, NULL),
(1149, 9, 2, 2, 115, 300, NULL, 0, 0, 0, NULL),
(1150, 9, 2, 2, 128, 300, NULL, 0, 0, 0, NULL),
(1151, 9, 2, 2, 119, 200, NULL, 0, 0, 0, NULL),
(1152, 9, 2, 2, 442, 300, NULL, 0, 0, 0, NULL),
(1153, 9, 3, 1, 881, 300, NULL, 0, 0, 0, NULL),
(1154, 9, 3, 1, 444, 300, NULL, 0, 0, 0, NULL),
(1155, 9, 3, 1, 1480, 300, 0, 0, 0, 0, NULL),
(1156, 9, 3, 1, 446, 300, NULL, 0, 0, 0, NULL),
(1157, 9, 3, 1, 447, 300, NULL, 0, 0, 0, NULL),
(1158, 9, 3, 1, 448, 300, NULL, 0, 0, 0, NULL),
(1159, 9, 3, 2, 449, 300, NULL, 0, 0, 0, NULL),
(1160, 9, 3, 2, 493, 300, NULL, 0, 0, 0, NULL),
(1161, 9, 3, 2, 451, 300, NULL, 0, 0, 0, NULL),
(1162, 9, 3, 2, 452, 300, NULL, 0, 0, 0, NULL),
(1163, 9, 3, 2, 453, 300, NULL, 0, 0, 0, NULL),
(1164, 9, 3, 2, 454, 300, NULL, 0, 0, 0, NULL),
(1165, 9, 4, 1, 455, 300, NULL, 0, 0, 0, NULL),
(1166, 9, 4, 1, 456, 300, NULL, 0, 0, 0, NULL),
(1167, 9, 4, 1, 457, 300, NULL, 0, 0, 0, NULL),
(1168, 9, 4, 2, 458, 600, NULL, 0, 0, 0, NULL),
(1169, 10, 1, 1, 883, 200, NULL, 0, 0, 0, NULL),
(1170, 10, 1, 1, 129, 300, NULL, 0, 0, 0, NULL),
(1171, 10, 1, 1, 977, 300, NULL, 0, 0, 0, NULL),
(1172, 10, 1, 1, 463, 300, NULL, 0, 0, 0, NULL),
(1173, 10, 1, 1, 433, 300, NULL, 0, 0, 0, NULL),
(1174, 10, 1, 1, 95, NULL, NULL, 0, 0, 0, NULL),
(1175, 10, 1, 1, 1112, 300, NULL, 0, 0, 0, NULL),
(1176, 10, 1, 2, 1113, 300, NULL, 0, 0, 0, NULL),
(1177, 10, 1, 2, 115, 300, NULL, 0, 0, 0, NULL),
(1178, 10, 1, 2, 90, 300, NULL, 0, 0, 0, NULL),
(1179, 10, 1, 2, 100, 300, NULL, 0, 0, 0, NULL),
(1180, 10, 1, 2, 102, 200, NULL, 0, 0, 0, NULL),
(1181, 10, 1, 2, 957, 300, NULL, 0, 0, 0, NULL),
(1182, 10, 1, 2, 198, 300, NULL, 0, 0, 0, NULL),
(1183, 10, 1, 2, 104, NULL, NULL, 0, 0, 0, NULL),
(1184, 10, 1, 2, 1114, 300, NULL, 0, 0, 0, NULL),
(1185, 10, 2, 1, 1115, 300, NULL, 0, 0, 0, NULL),
(1186, 10, 2, 1, 1116, 300, NULL, 0, 0, 0, NULL),
(1187, 10, 2, 1, 128, 300, NULL, 0, 0, 0, NULL),
(1188, 10, 2, 1, 117, 300, NULL, 0, 0, 0, NULL),
(1189, 10, 2, 1, 831, 300, NULL, 0, 0, 0, NULL),
(1190, 10, 2, 1, 109, 200, NULL, 0, 0, 0, NULL),
(1191, 10, 2, 1, 488, 300, NULL, 0, 0, 0, NULL),
(1192, 10, 2, 2, 881, 300, NULL, 0, 0, 0, NULL),
(1193, 10, 2, 2, 331, 300, NULL, 0, 0, 0, NULL),
(1194, 10, 2, 2, 119, 200, NULL, 0, 0, 0, NULL),
(1195, 10, 2, 2, 505, 300, NULL, 0, 0, 0, NULL),
(1196, 10, 2, 2, 1117, 300, NULL, 0, 0, 0, NULL),
(1197, 10, 2, 2, 501, 300, NULL, 0, 0, 0, NULL),
(1198, 10, 2, 2, 457, 300, NULL, 0, 0, 0, NULL),
(1199, 10, 3, 1, 1118, 300, NULL, 0, 0, 0, NULL),
(1200, 10, 3, 1, 1119, 300, NULL, 0, 0, 0, NULL),
(1201, 10, 3, 1, 1120, 300, NULL, 0, 0, 0, NULL),
(1202, 10, 3, 1, 1121, 300, NULL, 0, 0, 0, NULL),
(1203, 10, 3, 1, 452, 300, NULL, 0, 0, 0, NULL),
(1204, 10, 3, 1, 1122, 300, NULL, 0, 0, 0, NULL),
(1205, 10, 3, 2, 1123, 300, NULL, 0, 0, 0, NULL),
(1206, 10, 3, 2, 491, 300, NULL, 0, 0, 0, NULL),
(1207, 10, 3, 2, 493, 300, NULL, 0, 0, 0, NULL),
(1208, 10, 3, 2, 1124, 300, NULL, 0, 0, 0, NULL),
(1209, 10, 3, 2, 1125, 300, NULL, 0, 0, 0, NULL),
(1210, 10, 4, 1, 1126, 200, 300, 0, 0, 0, NULL),
(1211, 10, 4, 2, 1127, 200, 300, 0, 0, 0, NULL),
(1212, 11, 1, 1, 412, 300, NULL, 0, 0, 0, NULL),
(1213, 11, 1, 1, 413, 300, NULL, 0, 0, 0, NULL),
(1214, 11, 1, 1, 1331, 500, NULL, 0, 0, 0, NULL),
(1215, 11, 1, 1, 883, 200, NULL, 0, 0, 0, NULL),
(1216, 11, 1, 1, 977, 300, NULL, 0, 0, 0, NULL),
(1217, 11, 1, 1, 464, 300, NULL, 0, 0, 0, NULL),
(1218, 11, 1, 2, 1332, 300, NULL, 0, 0, 0, NULL),
(1219, 11, 1, 2, 128, 300, NULL, 0, 0, 0, NULL),
(1220, 11, 1, 2, 90, 300, NULL, 0, 0, 0, NULL),
(1221, 11, 1, 2, 100, 300, NULL, 0, 0, 0, NULL),
(1222, 11, 1, 2, 102, 200, NULL, 0, 0, 0, NULL),
(1223, 11, 1, 2, 129, 300, NULL, 0, 0, 0, NULL),
(1224, 11, 1, 2, 1333, 300, NULL, 0, 0, 0, NULL),
(1225, 11, 1, 2, 765, NULL, NULL, 0, 0, 0, NULL),
(1226, 11, 2, 1, 115, 300, NULL, 0, 0, 0, NULL),
(1227, 11, 2, 1, 831, 300, NULL, 0, 0, 0, NULL),
(1228, 11, 2, 1, 109, 200, NULL, 0, 0, 0, NULL),
(1229, 11, 2, 1, 957, 300, NULL, 0, 0, 0, NULL),
(1230, 11, 2, 1, 1334, 300, NULL, 0, 0, 0, NULL),
(1231, 11, 2, 1, 1335, 300, NULL, 0, 0, 0, NULL),
(1232, 11, 2, 2, 436, 300, NULL, 0, 0, 0, NULL),
(1233, 11, 2, 2, 1336, 300, NULL, 0, 0, 0, NULL),
(1234, 11, 2, 2, 117, 300, NULL, 0, 0, 0, NULL),
(1235, 11, 2, 2, 119, 200, NULL, 0, 0, 0, NULL),
(1236, 11, 2, 2, 1337, 300, NULL, 0, 0, 0, NULL),
(1237, 11, 2, 2, 138, 300, NULL, 0, 0, 0, NULL),
(1238, 11, 3, 1, 881, 300, NULL, 0, 0, 0, NULL),
(1239, 11, 3, 1, 1338, 300, NULL, 0, 0, 0, NULL),
(1240, 11, 3, 1, 1339, 300, NULL, 0, 0, 0, NULL),
(1241, 11, 3, 1, 1340, 300, NULL, 0, 0, 0, NULL),
(1242, 11, 3, 1, 505, 300, NULL, 0, 0, 0, NULL),
(1243, 11, 3, 2, 1113, 300, NULL, 0, 0, 0, NULL),
(1244, 11, 3, 2, 1120, 300, NULL, 0, 0, 0, NULL),
(1245, 11, 3, 2, 444, 300, NULL, 0, 0, 0, NULL),
(1246, 11, 3, 2, 1341, 300, NULL, 0, 0, 0, NULL),
(1247, 11, 3, 2, 1342, 300, NULL, 0, 0, 0, NULL),
(1248, 11, 4, 1, 455, 300, NULL, 0, 0, 0, NULL),
(1249, 11, 4, 1, 1343, 300, NULL, 0, 0, 0, NULL),
(1250, 11, 4, 1, 447, 300, NULL, 0, 0, 0, NULL),
(1251, 11, 4, 1, 448, 300, NULL, 0, 0, 0, NULL),
(1252, 11, 4, 1, 457, 300, NULL, 0, 0, 0, NULL),
(1253, 11, 4, 2, 1344, 600, NULL, 0, 0, 0, NULL),
(1254, 12, 1, 1, 686, 300, NULL, 0, 0, 0, NULL),
(1255, 12, 1, 1, 115, 300, NULL, 0, 0, 0, NULL),
(1258, 12, 1, 1, 90, 300, NULL, 0, 0, 0, NULL),
(1260, 12, 1, 1, 100, 300, NULL, 0, 0, 0, NULL),
(1261, 12, 1, 1, 693, 200, NULL, 0, 0, 0, NULL),
(1262, 12, 1, 1, 129, 300, NULL, 0, 0, 0, NULL),
(1263, 12, 1, 1, 1463, NULL, NULL, 0, 0, 0, NULL),
(1265, 12, 1, 2, 697, 300, NULL, 0, 0, 0, NULL),
(1266, 12, 1, 2, 108, 200, 100, 0, 0, 0, NULL),
(1267, 12, 1, 2, 831, 300, NULL, 0, 0, 0, NULL),
(1268, 12, 1, 2, 700, 200, NULL, 0, 0, 0, NULL),
(1269, 12, 1, 2, 957, 300, NULL, 0, 0, 0, NULL),
(1270, 12, 1, 2, 198, 300, NULL, 0, 0, 0, NULL),
(1271, 12, 1, 2, 977, 300, NULL, 0, 0, 0, NULL),
(1272, 12, 1, 2, 704, 400, NULL, 0, 0, 0, NULL),
(1273, 12, 1, 2, 282, NULL, NULL, 0, 0, 0, NULL),
(1274, 12, 1, 2, 696, 300, NULL, 0, 0, 0, NULL),
(1275, 12, 1, 1, 107, 300, NULL, 0, 0, 0, NULL),
(1276, 12, 1, 1, 117, 300, NULL, 0, 0, 0, NULL),
(1277, 12, 1, 1, 881, 300, NULL, 0, 0, 0, NULL),
(1278, 12, 2, 1, 706, 300, NULL, 0, 0, 0, NULL),
(1279, 12, 2, 1, 707, 300, NULL, 0, 0, 0, NULL),
(1280, 12, 2, 1, 708, 200, 100, 0, 0, 0, NULL),
(1281, 12, 2, 1, 709, 200, 100, 0, 0, 0, NULL),
(1282, 12, 2, 1, 128, 300, NULL, 0, 0, 0, NULL),
(1283, 12, 2, 1, 143, 300, NULL, 0, 0, 0, NULL),
(1284, 12, 2, 1, 712, 200, NULL, 0, 0, 0, NULL),
(1285, 12, 2, 1, 713, 300, NULL, 0, 0, 0, NULL),
(1286, 12, 2, 1, 714, 300, NULL, 0, 0, 0, NULL),
(1287, 12, 2, 2, 715, 300, NULL, 0, 0, 0, NULL),
(1288, 12, 2, 2, 716, 400, NULL, 0, 0, 0, NULL),
(1289, 12, 2, 2, 717, 300, NULL, 0, 0, 0, NULL),
(1290, 12, 2, 2, 718, 300, NULL, 0, 0, 0, NULL),
(1291, 12, 2, 2, 719, 200, 100, 0, 0, 0, NULL),
(1292, 12, 2, 2, 720, 300, 200, 0, 0, 0, NULL),
(1293, 12, 2, 2, 721, 200, NULL, 0, 0, 0, NULL),
(1294, 12, 3, 1, 722, 300, NULL, 0, 0, 0, NULL),
(1295, 12, 3, 1, 723, 300, NULL, 0, 0, 0, NULL),
(1296, 12, 3, 1, 724, 300, NULL, 0, 0, 0, NULL),
(1297, 12, 3, 1, 725, 300, NULL, 0, 0, 0, NULL),
(1298, 12, 3, 1, 726, 300, NULL, 0, 0, 0, NULL),
(1299, 12, 3, 1, 727, 400, NULL, 0, 0, 0, NULL),
(1300, 12, 3, 1, 728, 200, 100, 0, 0, 0, NULL),
(1301, 12, 3, 1, 729, 200, 100, 0, 0, 0, NULL),
(1302, 12, 3, 1, 730, 300, NULL, 0, 0, 0, NULL),
(1303, 12, 3, 2, 731, 300, NULL, 0, 0, 0, NULL),
(1304, 12, 3, 2, 732, 300, NULL, 0, 0, 0, NULL),
(1305, 12, 3, 2, 733, 300, NULL, 0, 0, 0, NULL),
(1306, 12, 3, 2, 734, 300, NULL, 0, 0, 0, NULL),
(1307, 12, 3, 2, 735, 300, NULL, 0, 0, 0, NULL),
(1308, 12, 3, 2, 736, 200, 100, 0, 0, 0, NULL),
(1309, 12, 3, 2, 737, 300, NULL, 0, 0, 0, NULL),
(1310, 12, 3, 2, 738, 300, NULL, 0, 0, 0, NULL),
(1311, 12, 3, 2, 739, 200, 100, 0, 0, 0, NULL),
(1312, 12, 4, 1, 740, 300, NULL, 0, 0, 0, NULL),
(1313, 12, 4, 1, 741, 200, NULL, 0, 0, 0, NULL),
(1314, 12, 4, 1, 742, 300, NULL, 0, 0, 0, NULL),
(1315, 12, 4, 1, 743, 300, NULL, 0, 0, 0, NULL),
(1316, 12, 4, 1, 744, 300, NULL, 0, 0, 0, NULL),
(1317, 12, 4, 1, 745, 200, NULL, 0, 0, 0, NULL),
(1322, 14, 1, 1, 115, 300, NULL, 0, 0, 0, NULL),
(1323, 14, 1, 1, 90, 300, NULL, 0, 0, 0, NULL),
(1324, 14, 1, 1, 100, 300, NULL, 0, 0, 0, NULL),
(1325, 14, 1, 1, 883, 200, NULL, 0, 0, 0, NULL),
(1326, 14, 1, 1, 198, 300, NULL, 0, 0, 0, NULL),
(1328, 14, 1, 1, 95, NULL, NULL, 0, 0, 0, NULL),
(1331, 14, 1, 2, 331, 300, NULL, 0, 0, 0, NULL),
(1332, 14, 1, 2, 102, 200, NULL, 0, 0, 0, NULL),
(1333, 14, 1, 2, 957, 300, NULL, 0, 0, 0, NULL),
(1338, 14, 1, 2, 104, NULL, NULL, 0, 0, 0, NULL),
(1346, 14, 2, 1, 109, 200, NULL, 0, 0, 0, NULL),
(1355, 14, 2, 2, 119, 200, NULL, 0, 0, 0, NULL),
(1386, 16, 1, 1, 921, 300, NULL, 0, 0, 0, NULL),
(1387, 16, 1, 1, 922, 300, NULL, 0, 0, 0, NULL),
(1388, 16, 1, 1, 115, 300, NULL, 0, 0, 0, NULL),
(1389, 16, 1, 1, 90, 300, NULL, 0, 0, 0, NULL),
(1390, 16, 1, 1, 881, 300, NULL, 0, 0, 0, NULL),
(1391, 16, 1, 1, 100, 300, NULL, 0, 0, 0, NULL),
(1392, 16, 1, 1, 883, 200, NULL, 0, 0, 0, NULL),
(1393, 16, 1, 1, 198, 300, NULL, 0, 0, 0, NULL),
(1394, 16, 1, 1, 923, NULL, NULL, 0, 0, 0, NULL),
(1395, 16, 1, 1, 95, NULL, NULL, 0, 0, 0, NULL),
(1396, 16, 1, 2, 924, 300, NULL, 0, 0, 0, NULL),
(1397, 16, 1, 2, 108, 200, 100, 0, 0, 0, NULL),
(1398, 16, 1, 2, 831, 300, NULL, 0, 0, 0, NULL),
(1399, 16, 1, 2, 102, 200, NULL, 0, 0, 0, NULL),
(1400, 16, 1, 2, 957, 300, NULL, 0, 0, 0, NULL),
(1401, 16, 1, 2, 129, 300, NULL, 0, 0, 0, NULL),
(1402, 16, 1, 2, 977, 300, NULL, 0, 0, 0, NULL),
(1403, 16, 1, 2, 925, 300, NULL, 0, 0, 0, NULL),
(1404, 16, 1, 2, 766, NULL, NULL, 0, 0, 0, NULL),
(1405, 16, 1, 2, 104, NULL, NULL, 0, 0, 0, NULL),
(1406, 16, 2, 1, 926, 300, 100, 0, 0, 0, NULL),
(1407, 16, 2, 1, 927, 300, NULL, 0, 0, 0, NULL),
(1408, 16, 2, 1, 512, 300, NULL, 0, 0, 0, NULL),
(1409, 16, 2, 1, 128, 300, NULL, 0, 0, 0, NULL),
(1410, 16, 2, 1, 331, 300, NULL, 0, 0, 0, NULL),
(1411, 16, 2, 1, 109, 200, NULL, 0, 0, 0, NULL),
(1412, 16, 2, 1, 928, 300, 200, 0, 0, 0, NULL),
(1413, 16, 2, 1, 846, 300, NULL, 0, 0, 0, NULL),
(1414, 16, 2, 1, 847, 300, NULL, 0, 0, 0, NULL),
(1415, 16, 2, 2, 931, 300, 200, 0, 0, 0, NULL),
(1416, 16, 2, 2, 522, 300, NULL, 0, 0, 0, NULL),
(1417, 16, 2, 2, 117, 300, NULL, 0, 0, 0, NULL),
(1418, 16, 2, 2, 932, 300, 100, 0, 0, 0, NULL),
(1419, 16, 2, 2, 119, 200, NULL, 0, 0, 0, NULL),
(1420, 16, 2, 2, 933, 300, NULL, 0, 0, 0, NULL),
(1421, 16, 2, 2, 901, 300, NULL, 0, 0, 0, NULL),
(1422, 16, 2, 2, 935, 300, 100, 0, 0, 0, NULL),
(1423, 16, 3, 1, 936, 300, 100, 0, 0, 0, NULL),
(1424, 16, 3, 1, 937, 300, 100, 0, 0, 0, NULL),
(1425, 16, 3, 1, 938, 300, 200, 0, 0, 0, NULL),
(1426, 16, 3, 1, 863, 300, NULL, 0, 0, 0, NULL),
(1427, 16, 3, 1, 864, 300, NULL, 0, 0, 0, NULL),
(1428, 16, 3, 1, 865, 300, NULL, 0, 0, 0, NULL),
(1429, 16, 3, 1, 942, 300, NULL, 0, 0, 0, NULL),
(1430, 16, 3, 2, 943, 300, 100, 0, 0, 0, NULL),
(1431, 16, 3, 2, 944, 300, NULL, 0, 0, 0, NULL),
(1432, 16, 3, 2, 945, 300, NULL, 0, 0, 0, NULL),
(1433, 16, 3, 2, 871, 300, NULL, 0, 0, 0, NULL),
(1434, 16, 3, 2, 915, 300, NULL, 0, 0, 0, NULL),
(1435, 16, 3, 2, 873, 300, NULL, 0, 0, 0, NULL),
(1436, 16, 3, 2, 1012, 300, NULL, 0, 0, 0, NULL),
(1437, 16, 3, 2, 1010, 300, NULL, 0, 0, 0, NULL),
(1438, 16, 3, 2, 1009, 300, 100, 0, 0, 0, NULL),
(1439, 16, 4, 1, 875, 300, NULL, 0, 0, 0, NULL),
(1440, 16, 4, 1, 876, 300, NULL, 0, 0, 0, NULL),
(1441, 16, 4, 1, 919, 300, NULL, 0, 0, 0, NULL),
(1442, 16, 4, 2, 878, 600, NULL, 0, 0, 0, NULL),
(1443, 17, 1, 1, 115, 300, NULL, 0, 0, 0, NULL),
(1444, 17, 1, 1, 90, 300, NULL, 0, 0, 0, NULL),
(1445, 17, 1, 1, 881, 300, NULL, 0, 0, 0, NULL),
(1446, 17, 1, 1, 100, 300, NULL, 0, 0, 0, NULL),
(1447, 17, 1, 1, 883, 200, NULL, 0, 0, 0, NULL),
(1448, 17, 1, 1, 198, 300, NULL, 0, 0, 0, NULL),
(1449, 17, 1, 1, 885, 300, NULL, 0, 0, 0, NULL),
(1450, 17, 1, 1, 886, 300, NULL, 0, 0, 0, NULL),
(1451, 17, 1, 1, 923, NULL, NULL, 0, 0, 0, NULL),
(1452, 17, 1, 1, 95, NULL, NULL, 0, 0, 0, NULL),
(1453, 17, 1, 2, 108, 200, 100, 0, 0, 0, NULL),
(1454, 17, 1, 2, 831, 300, NULL, 0, 0, 0, NULL),
(1455, 17, 1, 2, 102, 200, NULL, 0, 0, 0, NULL),
(1456, 17, 1, 2, 957, 300, NULL, 0, 0, 0, NULL),
(1457, 17, 1, 2, 129, 300, NULL, 0, 0, 0, NULL),
(1458, 17, 1, 2, 977, 300, NULL, 0, 0, 0, NULL),
(1459, 17, 1, 2, 887, 300, NULL, 0, 0, 0, NULL),
(1460, 17, 1, 2, 888, 300, NULL, 0, 0, 0, NULL),
(1461, 17, 1, 2, 889, 300, NULL, 0, 0, 0, NULL),
(1462, 17, 1, 2, 766, NULL, NULL, 0, 0, 0, NULL),
(1463, 17, 1, 2, 104, NULL, NULL, 0, 0, 0, NULL),
(1464, 17, 2, 1, 512, 300, NULL, 0, 0, 0, NULL),
(1465, 17, 2, 1, 128, 300, NULL, 0, 0, 0, NULL),
(1466, 17, 2, 1, 109, 200, NULL, 0, 0, 0, NULL),
(1467, 17, 2, 1, 891, 400, NULL, 0, 0, 0, NULL),
(1468, 17, 2, 1, 892, 300, NULL, 0, 0, 0, NULL),
(1469, 17, 2, 1, 893, 300, NULL, 0, 0, 0, NULL),
(1470, 17, 2, 1, 894, 300, NULL, 0, 0, 0, NULL),
(1471, 17, 2, 1, 846, 300, NULL, 0, 0, 0, NULL),
(1472, 17, 2, 1, 847, 300, NULL, 0, 0, 0, NULL),
(1473, 17, 2, 2, 798, 300, NULL, 0, 0, 0, NULL);
INSERT INTO `program_tagging_table` (`program_tagging_id`, `curriculum_id`, `year_level_id`, `semester_id`, `course_id`, `lec_fee`, `lab_fee`, `iscomputer_lab`, `islaboratory_fee`, `is_nstp`, `amount`) VALUES
(1474, 17, 2, 2, 117, 300, NULL, 0, 0, 0, NULL),
(1475, 17, 2, 2, 331, 300, NULL, 0, 0, 0, NULL),
(1476, 17, 2, 2, 119, 200, NULL, 0, 0, 0, NULL),
(1478, 17, 2, 2, 898, 300, NULL, 0, 0, 0, NULL),
(1480, 17, 2, 2, 933, 300, NULL, 0, 0, 0, NULL),
(1481, 17, 2, 2, 901, 300, NULL, 0, 0, 0, NULL),
(1482, 17, 3, 1, 902, 300, NULL, 0, 0, 0, NULL),
(1483, 17, 3, 1, 903, 300, NULL, 0, 0, 0, NULL),
(1484, 17, 3, 1, 904, 300, NULL, 0, 0, 0, NULL),
(1485, 17, 3, 1, 905, 400, NULL, 0, 0, 0, NULL),
(1486, 17, 3, 1, 906, 300, NULL, 0, 0, 0, NULL),
(1487, 17, 3, 1, 863, 300, NULL, 0, 0, 0, NULL),
(1488, 17, 3, 1, 864, 300, NULL, 0, 0, 0, NULL),
(1489, 17, 3, 1, 865, 300, NULL, 0, 0, 0, NULL),
(1490, 17, 3, 2, 910, 300, NULL, 0, 0, 0, NULL),
(1491, 17, 3, 2, 911, 300, NULL, 0, 0, 0, NULL),
(1492, 17, 3, 2, 912, 300, NULL, 0, 0, 0, NULL),
(1493, 17, 3, 2, 913, 300, NULL, 0, 0, 0, NULL),
(1494, 17, 3, 2, 871, 300, NULL, 0, 0, 0, NULL),
(1495, 17, 3, 2, 915, 300, NULL, 0, 0, 0, NULL),
(1496, 17, 3, 2, 873, 300, NULL, 0, 0, 0, NULL),
(1497, 17, 4, 1, 875, 300, NULL, 0, 0, 0, NULL),
(1498, 17, 4, 1, 876, 300, NULL, 0, 0, 0, NULL),
(1499, 17, 4, 1, 919, 300, NULL, 0, 0, 0, NULL),
(1500, 17, 4, 2, 878, 600, NULL, 0, 0, 0, NULL),
(1501, 18, 1, 1, 817, 300, NULL, 0, 0, 0, NULL),
(1502, 18, 1, 1, 818, 300, NULL, 0, 0, 0, NULL),
(1503, 18, 1, 1, 819, 300, NULL, 0, 0, 0, NULL),
(1504, 18, 1, 1, 115, 300, NULL, 0, 0, 0, NULL),
(1505, 18, 1, 1, 90, 300, NULL, 0, 0, 0, NULL),
(1506, 18, 1, 1, 881, 300, NULL, 0, 0, 0, NULL),
(1507, 18, 1, 1, 100, 300, NULL, 0, 0, 0, NULL),
(1508, 18, 1, 1, 883, 200, NULL, 0, 0, 0, NULL),
(1509, 18, 1, 1, 138, 300, NULL, 0, 0, 0, NULL),
(1510, 18, 1, 1, 923, NULL, NULL, 0, 0, 0, NULL),
(1511, 18, 1, 1, 95, NULL, NULL, 0, 0, 0, NULL),
(1512, 18, 1, 2, 828, 300, NULL, 0, 0, 0, NULL),
(1513, 18, 1, 2, 829, 300, NULL, 0, 0, 0, NULL),
(1514, 18, 1, 2, 108, 200, 100, 0, 0, 0, NULL),
(1515, 18, 1, 2, 831, 300, NULL, 0, 0, 0, NULL),
(1516, 18, 1, 2, 102, 200, NULL, 0, 0, 0, NULL),
(1517, 18, 1, 2, 957, 300, NULL, 0, 0, 0, NULL),
(1518, 18, 1, 2, 129, 300, NULL, 0, 0, 0, NULL),
(1519, 18, 1, 2, 977, 300, NULL, 0, 0, 0, NULL),
(1520, 18, 1, 2, 836, 300, NULL, 0, 0, 0, NULL),
(1521, 18, 1, 2, 766, NULL, NULL, 0, 0, 0, NULL),
(1522, 18, 1, 2, 104, NULL, NULL, 0, 0, 0, NULL),
(1523, 18, 2, 1, 839, 300, NULL, 0, 0, 0, NULL),
(1524, 18, 2, 1, 840, 300, NULL, 0, 0, 0, NULL),
(1525, 18, 2, 1, 512, 300, NULL, 0, 0, 0, NULL),
(1526, 18, 2, 1, 128, 300, NULL, 0, 0, 0, NULL),
(1527, 18, 2, 1, 331, 300, NULL, 0, 0, 0, NULL),
(1528, 18, 2, 1, 109, 200, NULL, 0, 0, 0, NULL),
(1529, 18, 2, 1, 845, 300, NULL, 0, 0, 0, NULL),
(1530, 18, 2, 1, 846, 300, NULL, 0, 0, 0, NULL),
(1531, 18, 2, 1, 847, 300, NULL, 0, 0, 0, NULL),
(1532, 18, 2, 2, 848, 300, NULL, 0, 0, 0, NULL),
(1533, 18, 2, 2, 849, 300, NULL, 0, 0, 0, NULL),
(1534, 18, 2, 2, 117, 300, NULL, 0, 0, 0, NULL),
(1535, 18, 2, 2, 119, 200, NULL, 0, 0, 0, NULL),
(1536, 18, 2, 2, 852, 300, NULL, 0, 0, 0, NULL),
(1537, 18, 2, 2, 853, 300, NULL, 0, 0, 0, NULL),
(1538, 18, 2, 2, 854, 300, NULL, 0, 0, 0, NULL),
(1539, 18, 2, 2, 933, 300, NULL, 0, 0, 0, NULL),
(1540, 18, 2, 2, 901, 300, NULL, 0, 0, 0, NULL),
(1541, 18, 3, 1, 857, 300, NULL, 0, 0, 0, NULL),
(1542, 18, 3, 1, 858, 300, NULL, 0, 0, 0, NULL),
(1543, 18, 3, 1, 859, 300, NULL, 0, 0, 0, NULL),
(1544, 18, 3, 1, 860, 300, NULL, 0, 0, 0, NULL),
(1545, 18, 3, 1, 861, 300, NULL, 0, 0, 0, NULL),
(1546, 18, 3, 1, 862, 300, NULL, 0, 0, 0, NULL),
(1547, 18, 3, 1, 863, 300, NULL, 0, 0, 0, NULL),
(1548, 18, 3, 1, 864, 300, NULL, 0, 0, 0, NULL),
(1549, 18, 3, 1, 865, 300, NULL, 0, 0, 0, NULL),
(1550, 18, 3, 2, 866, 300, NULL, 0, 0, 0, NULL),
(1551, 18, 3, 2, 867, 300, NULL, 0, 0, 0, NULL),
(1552, 18, 3, 2, 868, 300, NULL, 0, 0, 0, NULL),
(1553, 18, 3, 2, 869, 300, NULL, 0, 0, 0, NULL),
(1554, 18, 3, 2, 870, 300, NULL, 0, 0, 0, NULL),
(1555, 18, 3, 2, 871, 300, NULL, 0, 0, 0, NULL),
(1556, 18, 3, 2, 915, 300, NULL, 0, 0, 0, NULL),
(1557, 18, 3, 2, 873, 300, NULL, 0, 0, 0, NULL),
(1558, 18, 4, 1, 874, 300, NULL, 0, 0, 0, NULL),
(1559, 18, 4, 1, 875, 300, NULL, 0, 0, 0, NULL),
(1560, 18, 4, 1, 876, 300, NULL, 0, 0, 0, NULL),
(1561, 18, 4, 1, 919, 300, NULL, 0, 0, 0, NULL),
(1562, 18, 4, 2, 878, 600, NULL, 0, 0, 0, NULL),
(1563, 19, 1, 1, 108, 200, 100, 0, 0, 0, NULL),
(1564, 19, 1, 1, 90, 300, NULL, 0, 0, 0, NULL),
(1565, 19, 1, 1, 883, 200, NULL, 0, 0, 0, NULL),
(1566, 19, 1, 1, 957, 300, NULL, 0, 0, 0, NULL),
(1567, 19, 1, 1, 129, 300, NULL, 0, 0, 0, NULL),
(1568, 19, 1, 1, 977, 300, NULL, 0, 0, 0, NULL),
(1569, 19, 1, 1, 923, NULL, NULL, 0, 0, 0, NULL),
(1570, 19, 1, 1, 95, NULL, NULL, 0, 0, 0, NULL),
(1571, 19, 1, 1, 846, 300, NULL, 0, 0, 0, NULL),
(1572, 19, 1, 2, 1315, 300, NULL, 0, 0, 0, NULL),
(1573, 19, 1, 2, 115, 300, NULL, 0, 0, 0, NULL),
(1574, 19, 1, 2, 831, 300, NULL, 0, 0, 0, NULL),
(1575, 19, 1, 2, 881, 300, NULL, 0, 0, 0, NULL),
(1576, 19, 1, 2, 100, 300, NULL, 0, 0, 0, NULL),
(1577, 19, 1, 2, 102, 200, NULL, 0, 0, 0, NULL),
(1578, 19, 1, 2, 198, 300, NULL, 0, 0, 0, NULL),
(1579, 19, 1, 2, 766, NULL, NULL, 0, 0, 0, NULL),
(1580, 19, 1, 2, 104, NULL, NULL, 0, 0, 0, NULL),
(1581, 19, 2, 1, 522, 300, NULL, 0, 0, 0, NULL),
(1582, 19, 2, 1, 117, 300, NULL, 0, 0, 0, NULL),
(1583, 19, 2, 1, 331, 300, NULL, 0, 0, 0, NULL),
(1584, 19, 2, 1, 109, 200, NULL, 0, 0, 0, NULL),
(1585, 19, 2, 1, 873, 300, NULL, 0, 0, 0, NULL),
(1586, 19, 2, 1, 847, 300, NULL, 0, 0, 0, NULL),
(1587, 19, 2, 1, 1316, 300, NULL, 0, 0, 0, NULL),
(1588, 19, 2, 1, 1317, 300, NULL, 0, 0, 0, NULL),
(1589, 19, 2, 1, 1318, 300, NULL, 0, 0, 0, NULL),
(1590, 19, 2, 2, 512, 300, NULL, 0, 0, 0, NULL),
(1591, 19, 2, 2, 128, 300, NULL, 0, 0, 0, NULL),
(1592, 19, 2, 2, 119, 200, NULL, 0, 0, 0, NULL),
(1593, 19, 2, 2, 864, 300, NULL, 0, 0, 0, NULL),
(1594, 19, 2, 2, 933, 300, NULL, 0, 0, 0, NULL),
(1595, 19, 2, 2, 901, 300, NULL, 0, 0, 0, NULL),
(1596, 19, 2, 2, 1319, 300, NULL, 0, 0, 0, NULL),
(1597, 19, 2, 2, 1320, 300, NULL, 0, 0, 0, NULL),
(1598, 19, 2, 2, 1321, 300, NULL, 0, 0, 0, NULL),
(1599, 19, 3, 1, 863, 300, NULL, 0, 0, 0, NULL),
(1600, 19, 3, 1, 915, 300, NULL, 0, 0, 0, NULL),
(1601, 19, 3, 1, 1322, 300, NULL, 0, 0, 0, NULL),
(1602, 19, 3, 1, 1323, 300, NULL, 0, 0, 0, NULL),
(1603, 19, 3, 1, 1324, 300, NULL, 0, 0, 0, NULL),
(1604, 19, 3, 1, 1325, 300, NULL, 0, 0, 0, NULL),
(1605, 19, 3, 1, 1326, 300, NULL, 0, 0, 0, NULL),
(1606, 19, 3, 2, 871, 300, NULL, 0, 0, 0, NULL),
(1607, 19, 3, 2, 1327, 300, NULL, 0, 0, 0, NULL),
(1608, 19, 3, 2, 1328, 300, NULL, 0, 0, 0, NULL),
(1609, 19, 3, 2, 1329, 300, NULL, 0, 0, 0, NULL),
(1610, 19, 3, 2, 1330, 300, NULL, 0, 0, 0, NULL),
(1611, 19, 4, 1, 875, 300, NULL, 0, 0, 0, NULL),
(1612, 19, 4, 1, 876, 300, NULL, 0, 0, 0, NULL),
(1613, 20, 1, 1, 115, 300, NULL, 0, 0, 0, NULL),
(1614, 20, 1, 1, 90, 300, NULL, 0, 0, 0, NULL),
(1615, 20, 1, 1, 881, 300, NULL, 0, 0, 0, NULL),
(1616, 20, 1, 1, 100, 300, NULL, 0, 0, 0, NULL),
(1617, 20, 1, 1, 883, 200, NULL, 0, 0, 0, NULL),
(1618, 20, 1, 1, 198, 300, NULL, 0, 0, 0, NULL),
(1619, 20, 1, 1, 923, NULL, NULL, 0, 0, 0, NULL),
(1620, 20, 1, 1, 95, NULL, NULL, 0, 0, 0, NULL),
(1621, 20, 1, 1, 1365, 300, NULL, 0, 0, 0, NULL),
(1622, 20, 1, 1, 1382, 300, NULL, 0, 0, 0, NULL),
(1623, 20, 1, 1, 1383, 300, NULL, 0, 0, 0, NULL),
(1624, 20, 1, 2, 108, 200, 100, 0, 0, 0, NULL),
(1625, 20, 1, 2, 831, 300, NULL, 0, 0, 0, NULL),
(1626, 20, 1, 2, 102, 200, NULL, 0, 0, 0, NULL),
(1627, 20, 1, 2, 957, 300, NULL, 0, 0, 0, NULL),
(1628, 20, 1, 2, 129, 300, NULL, 0, 0, 0, NULL),
(1629, 20, 1, 2, 977, 300, NULL, 0, 0, 0, NULL),
(1630, 20, 1, 2, 766, NULL, NULL, 0, 0, 0, NULL),
(1631, 20, 1, 2, 104, NULL, NULL, 0, 0, 0, NULL),
(1632, 20, 1, 2, 1384, 300, NULL, 0, 0, 0, NULL),
(1633, 20, 1, 2, 1385, 300, NULL, 0, 0, 0, NULL),
(1634, 20, 1, 2, 1386, 300, NULL, 0, 0, 0, NULL),
(1635, 20, 2, 1, 512, 300, NULL, 0, 0, 0, NULL),
(1636, 20, 2, 1, 128, 300, NULL, 0, 0, 0, NULL),
(1637, 20, 2, 1, 331, 300, NULL, 0, 0, 0, NULL),
(1638, 20, 2, 1, 109, 200, NULL, 0, 0, 0, NULL),
(1639, 20, 2, 1, 846, 300, NULL, 0, 0, 0, NULL),
(1640, 20, 2, 1, 847, 300, NULL, 0, 0, 0, NULL),
(1641, 20, 2, 1, 1387, 300, NULL, 0, 0, 0, NULL),
(1642, 20, 2, 1, 1388, 300, NULL, 0, 0, 0, NULL),
(1643, 20, 2, 1, 1389, 100, 200, 0, 0, 0, NULL),
(1644, 20, 2, 1, 1390, 100, 200, 0, 0, 0, NULL),
(1645, 20, 2, 2, 522, 300, NULL, 0, 0, 0, NULL),
(1646, 20, 2, 2, 117, 300, NULL, 0, 0, 0, NULL),
(1647, 20, 2, 2, 119, 200, NULL, 0, 0, 0, NULL),
(1648, 20, 2, 2, 1391, 300, NULL, 0, 0, 0, NULL),
(1649, 20, 2, 2, 901, 300, NULL, 0, 0, 0, NULL),
(1650, 20, 2, 2, 1392, 300, NULL, 0, 0, 0, NULL),
(1651, 20, 2, 2, 1393, 300, NULL, 0, 0, 0, NULL),
(1652, 20, 2, 2, 1394, 100, 200, 0, 0, 0, NULL),
(1653, 20, 2, 2, 1395, 100, 200, 0, 0, 0, NULL),
(1654, 20, 2, 2, 1396, 100, 200, 0, 0, 0, NULL),
(1655, 20, 3, 1, 1397, 300, NULL, 0, 0, 0, NULL),
(1656, 20, 3, 1, 1398, 300, NULL, 0, 0, 0, NULL),
(1657, 20, 3, 1, 865, 300, NULL, 0, 0, 0, NULL),
(1658, 20, 3, 1, 1467, 300, NULL, 0, 0, 0, NULL),
(1659, 20, 3, 1, 1399, 300, NULL, 0, 0, 0, NULL),
(1660, 20, 3, 1, 1400, 100, 200, 0, 0, 0, NULL),
(1661, 20, 3, 1, 1401, 300, NULL, 0, 0, 0, NULL),
(1662, 20, 3, 1, 1402, 100, 200, 0, 0, 0, NULL),
(1663, 20, 3, 1, 1403, 100, 200, 0, 0, 0, NULL),
(1664, 20, 3, 2, 1404, 300, NULL, 0, 0, 0, NULL),
(1665, 20, 3, 2, 915, 300, NULL, 0, 0, 0, NULL),
(1666, 20, 3, 2, 1405, 300, NULL, 0, 0, 0, NULL),
(1667, 20, 3, 2, 1406, 300, NULL, 0, 0, 0, NULL),
(1668, 20, 3, 2, 1407, 100, 200, 0, 0, 0, NULL),
(1669, 20, 3, 2, 1408, 100, 200, 0, 0, 0, NULL),
(1670, 20, 3, 2, 1409, 100, 200, 0, 0, 0, NULL),
(1671, 20, 3, 2, 1410, 300, NULL, 0, 0, 0, NULL),
(1672, 20, 4, 1, 875, 300, NULL, 0, 0, 0, NULL),
(1673, 20, 4, 1, 876, 300, NULL, 0, 0, 0, NULL),
(1674, 21, 1, 1, 115, 300, NULL, 0, 0, 0, NULL),
(1675, 21, 1, 1, 90, 300, NULL, 0, 0, 0, NULL),
(1676, 21, 1, 1, 881, 300, NULL, 0, 0, 0, NULL),
(1677, 21, 1, 1, 100, 300, NULL, 0, 0, 0, NULL),
(1678, 21, 1, 1, 883, 200, NULL, 0, 0, 0, NULL),
(1679, 21, 1, 1, 198, 300, NULL, 0, 0, 0, NULL),
(1680, 21, 1, 1, 923, NULL, NULL, 0, 0, 0, NULL),
(1681, 21, 1, 1, 95, NULL, NULL, 0, 0, 0, NULL),
(1682, 21, 1, 1, 1365, 300, NULL, 0, 0, 0, NULL),
(1683, 21, 1, 1, 1382, 300, NULL, 0, 0, 0, NULL),
(1684, 21, 1, 1, 1411, 300, NULL, 0, 0, 0, NULL),
(1685, 21, 1, 2, 108, 200, 100, 0, 0, 0, NULL),
(1686, 21, 1, 2, 831, 300, NULL, 0, 0, 0, NULL),
(1687, 21, 1, 2, 102, 200, NULL, 0, 0, 0, NULL),
(1688, 21, 1, 2, 957, 300, NULL, 0, 0, 0, NULL),
(1689, 21, 1, 2, 129, 300, NULL, 0, 0, 0, NULL),
(1690, 21, 1, 2, 977, 300, NULL, 0, 0, 0, NULL),
(1691, 21, 1, 2, 766, NULL, NULL, 0, 0, 0, NULL),
(1692, 21, 1, 2, 104, NULL, NULL, 0, 0, 0, NULL),
(1693, 21, 1, 2, 1384, 300, NULL, 0, 0, 0, NULL),
(1694, 21, 1, 2, 1385, 300, NULL, 0, 0, 0, NULL),
(1695, 21, 1, 2, 1386, 300, NULL, 0, 0, 0, NULL),
(1696, 21, 2, 1, 512, 300, NULL, 0, 0, 0, NULL),
(1697, 21, 2, 1, 128, 300, NULL, 0, 0, 0, NULL),
(1698, 21, 2, 1, 331, 300, NULL, 0, 0, 0, NULL),
(1699, 21, 2, 1, 109, 200, NULL, 0, 0, 0, NULL),
(1700, 21, 2, 1, 846, 300, NULL, 0, 0, 0, NULL),
(1701, 21, 2, 1, 847, 300, NULL, 0, 0, 0, NULL),
(1702, 21, 2, 1, 1387, 300, NULL, 0, 0, 0, NULL),
(1703, 21, 2, 1, 1388, 300, NULL, 0, 0, 0, NULL),
(1704, 21, 2, 1, 1412, 100, 200, 0, 0, 0, NULL),
(1705, 21, 2, 1, 1413, 100, 200, 0, 0, 0, NULL),
(1706, 21, 2, 2, 522, 300, NULL, 0, 0, 0, NULL),
(1707, 21, 2, 2, 117, 300, NULL, 0, 0, 0, NULL),
(1708, 21, 2, 2, 119, 200, NULL, 0, 0, 0, NULL),
(1709, 21, 2, 2, 1391, 300, NULL, 0, 0, 0, NULL),
(1710, 21, 2, 2, 901, 300, NULL, 0, 0, 0, NULL),
(1711, 21, 2, 2, 1392, 300, NULL, 0, 0, 0, NULL),
(1712, 21, 2, 2, 1393, 300, NULL, 0, 0, 0, NULL),
(1713, 21, 2, 2, 1414, 100, 200, 0, 0, 0, NULL),
(1714, 21, 2, 2, 1415, 100, 200, 0, 0, 0, NULL),
(1715, 21, 3, 1, 1397, 300, NULL, 0, 0, 0, NULL),
(1716, 21, 3, 1, 1398, 300, NULL, 0, 0, 0, NULL),
(1717, 21, 3, 1, 865, 300, NULL, 0, 0, 0, NULL),
(1718, 21, 3, 1, 1416, 300, NULL, 0, 0, 0, NULL),
(1719, 21, 3, 1, 1399, 300, NULL, 0, 0, 0, NULL),
(1720, 21, 3, 1, 1417, 100, 200, 0, 0, 0, NULL),
(1721, 21, 3, 1, 1418, 100, 200, 0, 0, 0, NULL),
(1722, 21, 3, 1, 1419, 100, 200, 0, 0, 0, NULL),
(1723, 21, 3, 1, 1420, 100, 200, 0, 0, 0, NULL),
(1724, 21, 3, 2, 1404, 300, NULL, 0, 0, 0, NULL),
(1725, 21, 3, 2, 915, 300, NULL, 0, 0, 0, NULL),
(1726, 21, 3, 2, 1405, 300, NULL, 0, 0, 0, NULL),
(1727, 21, 3, 2, 1421, 300, NULL, 0, 0, 0, NULL),
(1728, 21, 3, 2, 1422, 100, 200, 0, 0, 0, NULL),
(1729, 21, 3, 2, 1423, 100, 200, 0, 0, 0, NULL),
(1730, 21, 3, 2, 1424, 100, 200, 0, 0, 0, NULL),
(1731, 21, 3, 2, 1425, 100, 200, 0, 0, 0, NULL),
(1732, 21, 4, 1, 875, 300, NULL, 0, 0, 0, NULL),
(1733, 21, 4, 1, 876, 300, NULL, 0, 0, 0, NULL),
(1734, 21, 4, 1, 919, 300, NULL, 0, 0, 0, NULL),
(1735, 21, 4, 2, 878, 600, NULL, 0, 0, 0, NULL),
(1736, 23, 1, 1, 554, 300, NULL, 0, 0, 0, NULL),
(1737, 23, 1, 1, 90, 300, NULL, 0, 0, 0, NULL),
(1738, 23, 1, 1, 100, 300, NULL, 0, 0, 0, NULL),
(1739, 23, 1, 1, 883, 200, NULL, 0, 0, 0, NULL),
(1740, 23, 1, 1, 957, 300, NULL, 0, 0, 0, NULL),
(1741, 23, 1, 1, 129, 300, NULL, 0, 0, 0, NULL),
(1742, 23, 1, 1, 198, 300, NULL, 0, 0, 0, NULL),
(1743, 23, 1, 1, 1018, 300, 100, 0, 0, 0, NULL),
(1744, 23, 1, 1, 95, NULL, NULL, 0, 0, 0, NULL),
(1745, 23, 1, 2, 563, 400, 100, 0, 0, 0, NULL),
(1746, 23, 1, 2, 115, 300, NULL, 0, 0, 0, NULL),
(1747, 23, 1, 2, 331, 300, NULL, 0, 0, 0, NULL),
(1748, 23, 1, 2, 102, 200, NULL, 0, 0, 0, NULL),
(1749, 23, 1, 2, 1021, 300, NULL, 0, 0, 0, NULL),
(1750, 23, 1, 2, 568, 300, 100, 0, 0, 0, NULL),
(1751, 23, 1, 2, 104, NULL, NULL, 0, 0, 0, NULL),
(1752, 23, 2, 1, 570, 400, 100, 0, 0, 0, NULL),
(1753, 23, 2, 1, 571, 300, 100, 0, 0, 0, NULL),
(1754, 23, 2, 1, 288, 300, NULL, 0, 0, 0, NULL),
(1755, 23, 2, 1, 573, 300, NULL, 0, 0, 0, NULL),
(1756, 23, 2, 1, 881, 300, NULL, 0, 0, 0, NULL),
(1757, 23, 2, 1, 109, 200, NULL, 0, 0, 0, NULL),
(1758, 23, 2, 1, 977, 300, NULL, 0, 0, 0, NULL),
(1759, 23, 2, 1, 577, 300, NULL, 0, 0, 0, NULL),
(1760, 23, 2, 2, 578, 200, 100, 0, 0, 0, NULL),
(1761, 23, 2, 2, 579, 300, NULL, 0, 0, 0, NULL),
(1762, 23, 2, 2, 580, 200, 100, 0, 0, 0, NULL),
(1763, 23, 2, 2, 581, 300, NULL, 0, 0, 0, NULL),
(1764, 23, 2, 2, 582, 300, NULL, 0, 0, 0, NULL),
(1765, 23, 2, 2, 583, NULL, 400, 0, 0, 0, NULL),
(1766, 23, 2, 2, 119, 200, NULL, 0, 0, 0, NULL),
(1767, 23, 2, 2, 382, 300, NULL, 0, 0, 0, NULL),
(1768, 23, 3, 1, 586, 300, NULL, 0, 0, 0, NULL),
(1769, 23, 3, 1, 587, 300, NULL, 0, 0, 0, NULL),
(1770, 23, 3, 1, 588, 400, 100, 0, 0, 0, NULL),
(1771, 23, 3, 1, 589, 200, 100, 0, 0, 0, NULL),
(1772, 23, 3, 1, 590, 300, NULL, 0, 0, 0, NULL),
(1773, 23, 3, 1, 591, 300, NULL, 0, 0, 0, NULL),
(1774, 23, 3, 1, 592, 200, 100, 0, 0, 0, NULL),
(1775, 23, 3, 1, 593, NULL, 100, 0, 0, 0, NULL),
(1776, 23, 3, 1, 116, 300, NULL, 0, 0, 0, NULL),
(1777, 23, 3, 2, 595, 300, NULL, 0, 0, 0, NULL),
(1778, 23, 3, 2, 596, 300, NULL, 0, 0, 0, NULL),
(1779, 23, 3, 2, 597, 300, 100, 0, 0, 0, NULL),
(1780, 23, 3, 2, 598, NULL, 100, 0, 0, 0, NULL),
(1781, 23, 3, 2, 599, 200, 100, 0, 0, 0, NULL),
(1782, 23, 3, 2, 600, 200, 100, 0, 0, 0, NULL),
(1783, 23, 3, 2, 601, 300, NULL, 0, 0, 0, NULL),
(1784, 23, 3, 2, 602, 300, NULL, 0, 0, 0, NULL),
(1785, 23, 3, 2, 108, 200, 100, 0, 0, 0, NULL),
(1786, 23, 3, 3, 541, 300, NULL, 0, 0, 0, NULL),
(1787, 23, 4, 1, 605, 100, 100, 0, 0, 0, NULL),
(1788, 23, 4, 1, 606, 300, NULL, 0, 0, 0, NULL),
(1789, 23, 4, 1, 607, NULL, 100, 0, 0, 0, NULL),
(1790, 23, 4, 1, 608, NULL, 100, 0, 0, 0, NULL),
(1791, 23, 4, 1, 532, 200, NULL, 0, 0, 0, NULL),
(1792, 23, 4, 1, 128, 300, NULL, 0, 0, 0, NULL),
(1793, 23, 4, 1, 117, 300, NULL, 0, 0, 0, NULL),
(1794, 23, 4, 1, 612, 100, NULL, 0, 0, 0, NULL),
(1795, 23, 4, 1, 613, 300, NULL, 0, 0, 0, NULL),
(1796, 23, 4, 2, 614, 300, NULL, 0, 0, 0, NULL),
(1797, 23, 4, 2, 615, 200, 100, 0, 0, 0, NULL),
(1798, 23, 4, 2, 616, 200, 100, 0, 0, 0, NULL),
(1799, 23, 4, 2, 617, 300, NULL, 0, 0, 0, NULL),
(1800, 23, 4, 2, 618, 300, NULL, 0, 0, 0, NULL),
(1801, 23, 4, 2, 619, NULL, 100, 0, 0, 0, NULL),
(1802, 23, 4, 2, 620, 300, NULL, 0, 0, 0, NULL),
(1803, 23, 4, 2, 621, 300, NULL, 0, 0, 0, NULL),
(1804, 23, 4, 2, 622, 300, NULL, 0, 0, 0, NULL),
(1805, 24, 1, 1, 1465, 200, NULL, 0, 0, 0, NULL),
(1806, 24, 1, 1, 554, 300, NULL, 0, 0, 0, NULL),
(1807, 24, 1, 1, 625, 300, NULL, 0, 0, 0, NULL),
(1808, 24, 1, 1, 115, 300, NULL, 0, 0, 0, NULL),
(1809, 24, 1, 1, 90, 300, NULL, 0, 0, 0, NULL),
(1810, 24, 1, 1, 100, 300, NULL, 0, 0, 0, NULL),
(1811, 24, 1, 1, 883, 200, NULL, 0, 0, 0, NULL),
(1812, 24, 1, 1, 198, 300, NULL, 0, 0, 0, NULL),
(1813, 24, 1, 1, 1018, 300, 100, 0, 0, 0, NULL),
(1814, 24, 1, 1, 95, NULL, NULL, 0, 0, 0, NULL),
(1815, 24, 1, 2, 1468, NULL, 200, 0, 0, 0, NULL),
(1816, 24, 1, 2, 1466, NULL, 100, 0, 0, 0, NULL),
(1817, 24, 1, 2, 331, 300, NULL, 0, 0, 0, NULL),
(1818, 24, 1, 2, 102, 200, NULL, 0, 0, 0, NULL),
(1819, 24, 1, 2, 957, 300, NULL, 0, 0, 0, NULL),
(1820, 24, 1, 2, 129, 300, NULL, 0, 0, 0, NULL),
(1821, 24, 1, 2, 977, 300, NULL, 0, 0, 0, NULL),
(1822, 24, 1, 2, 1021, 300, NULL, 0, 0, 0, NULL),
(1823, 24, 1, 2, 568, 300, 100, 0, 0, 0, NULL),
(1824, 24, 1, 2, 104, NULL, NULL, 0, 0, 0, NULL),
(1825, 24, 2, 1, 508, NULL, 100, 0, 0, 0, NULL),
(1826, 24, 2, 1, 509, 300, 100, 0, 0, 0, NULL),
(1827, 24, 2, 1, 288, 300, NULL, 0, 0, 0, NULL),
(1828, 24, 2, 1, 1029, 300, NULL, 0, 0, 0, NULL),
(1829, 24, 2, 1, 512, 300, NULL, 0, 0, 0, NULL),
(1830, 24, 2, 1, 128, 300, NULL, 0, 0, 0, NULL),
(1831, 24, 2, 1, 881, 300, NULL, 0, 0, 0, NULL),
(1832, 24, 2, 1, 109, 200, NULL, 0, 0, 0, NULL),
(1833, 24, 2, 1, 373, 300, NULL, 0, 0, 0, NULL),
(1834, 24, 2, 2, 517, 500, NULL, 0, 0, 0, NULL),
(1835, 24, 2, 2, 518, 200, 100, 0, 0, 0, NULL),
(1836, 24, 2, 2, 519, 300, NULL, 0, 0, 0, NULL),
(1837, 24, 2, 2, 520, 200, 200, 0, 0, 0, NULL),
(1838, 24, 2, 2, 521, 200, NULL, 0, 0, 0, NULL),
(1839, 24, 2, 2, 522, 300, NULL, 0, 0, 0, NULL),
(1840, 24, 2, 2, 117, 300, NULL, 0, 0, 0, NULL),
(1841, 24, 2, 2, 119, 200, NULL, 0, 0, 0, NULL),
(1842, 24, 2, 2, 525, 200, NULL, 0, 0, 0, NULL),
(1843, 24, 3, 1, 587, 300, NULL, 0, 0, 0, NULL),
(1844, 24, 3, 1, 527, 300, NULL, 0, 0, 0, NULL),
(1845, 24, 3, 1, 528, 300, NULL, 0, 0, 0, NULL),
(1846, 24, 3, 1, 529, 300, NULL, 0, 0, 0, NULL),
(1847, 24, 3, 1, 530, 200, 100, 0, 0, 0, NULL),
(1848, 24, 3, 1, 531, 400, 100, 0, 0, 0, NULL),
(1849, 24, 3, 1, 532, 200, NULL, 0, 0, 0, NULL),
(1850, 24, 3, 1, 108, 200, 100, 0, 0, 0, NULL),
(1851, 24, 3, 2, 617, 300, NULL, 0, 0, 0, NULL),
(1852, 24, 3, 2, 535, 200, 100, 0, 0, 0, NULL),
(1853, 24, 3, 2, 536, 400, 100, 0, 0, 0, NULL),
(1854, 24, 3, 2, 537, 300, 100, 0, 0, 0, NULL),
(1855, 24, 3, 2, 538, 300, 100, 0, 0, 0, NULL),
(1856, 24, 3, 2, 539, 200, 100, 0, 0, 0, NULL),
(1857, 24, 3, 2, 540, 200, NULL, 0, 0, 0, NULL),
(1858, 24, 3, 3, 541, 300, NULL, 0, 0, 0, NULL),
(1859, 24, 4, 1, 542, 100, 100, 0, 0, 0, NULL),
(1860, 24, 4, 1, 543, 300, 100, 0, 0, 0, NULL),
(1861, 24, 4, 1, 544, 300, NULL, 0, 0, 0, NULL),
(1862, 24, 4, 1, 545, 300, NULL, 0, 0, 0, NULL),
(1863, 24, 4, 1, 546, 300, NULL, 0, 0, 0, NULL),
(1864, 24, 4, 1, 547, 300, NULL, 0, 0, 0, NULL),
(1865, 24, 4, 2, 548, 100, 100, 0, 0, 0, NULL),
(1866, 24, 4, 2, 549, 300, 100, 0, 0, 0, NULL),
(1867, 24, 4, 2, 550, 100, 100, 0, 0, 0, NULL),
(1868, 24, 4, 2, 551, 300, NULL, 0, 0, 0, NULL),
(1869, 24, 4, 2, 552, 300, NULL, 0, 0, 0, NULL),
(1870, 24, 4, 2, 553, 300, NULL, 0, 0, 0, NULL),
(1871, 25, 1, 1, 623, NULL, 100, 0, 0, 0, NULL),
(1872, 25, 1, 1, 554, 300, NULL, 0, 0, 0, NULL),
(1873, 25, 1, 1, 115, 300, NULL, 0, 0, 0, NULL),
(1874, 25, 1, 1, 90, 300, NULL, 0, 0, 0, NULL),
(1875, 25, 1, 1, 100, 300, NULL, 0, 0, 0, NULL),
(1876, 25, 1, 1, 883, 200, NULL, 0, 0, 0, NULL),
(1877, 25, 1, 1, 198, 300, NULL, 0, 0, 0, NULL),
(1878, 25, 1, 1, 1018, 300, 100, 0, 0, 0, NULL),
(1879, 25, 1, 2, 108, 200, 100, 0, 0, 0, NULL),
(1880, 25, 1, 1, 95, NULL, NULL, 0, 0, 0, NULL),
(1881, 25, 1, 2, 331, 300, NULL, 0, 0, 0, NULL),
(1882, 25, 1, 2, 102, 200, NULL, 0, 0, 0, NULL),
(1883, 25, 1, 2, 957, 300, NULL, 0, 0, 0, NULL),
(1884, 25, 1, 2, 129, 300, NULL, 0, 0, 0, NULL),
(1885, 25, 1, 2, 977, 300, NULL, 0, 0, 0, NULL),
(1886, 25, 1, 2, 1021, 300, NULL, 0, 0, 0, NULL),
(1887, 25, 1, 2, 568, 300, 100, 0, 0, 0, NULL),
(1888, 25, 1, 2, 104, NULL, NULL, 0, 0, 0, NULL),
(1889, 25, 2, 1, 1026, NULL, 100, 0, 0, 0, NULL),
(1890, 25, 2, 1, 288, 300, NULL, 0, 0, 0, NULL),
(1891, 25, 2, 1, 573, 300, NULL, 0, 0, 0, NULL),
(1892, 25, 2, 1, 1077, 200, NULL, 0, 0, 0, NULL),
(1893, 25, 2, 1, 128, 300, NULL, 0, 0, 0, NULL),
(1895, 25, 2, 1, 117, 300, NULL, 0, 0, 0, NULL),
(1896, 25, 2, 1, 109, 200, NULL, 0, 0, 0, NULL),
(1897, 25, 2, 1, 577, 300, NULL, 0, 0, 0, NULL),
(1898, 25, 2, 2, 1080, 300, 100, 0, 0, 0, NULL),
(1899, 25, 2, 2, 1460, 300, 100, 0, 0, 0, NULL),
(1900, 25, 2, 2, 1081, 300, NULL, 0, 0, 0, NULL),
(1901, 25, 2, 2, 1082, 200, NULL, 0, 0, 0, NULL),
(1902, 25, 2, 2, 1083, 200, NULL, 0, 0, 0, NULL),
(1903, 25, 2, 2, 1084, 200, NULL, 0, 0, 0, NULL),
(1905, 25, 2, 2, 119, 200, NULL, 0, 0, 0, NULL),
(1906, 25, 3, 1, 596, 300, NULL, 0, 0, 0, NULL),
(1907, 25, 3, 1, 1085, 200, NULL, 0, 0, 0, NULL),
(1908, 25, 3, 1, 1086, 200, 100, 0, 0, 0, NULL),
(1909, 25, 3, 1, 1087, 300, 100, 0, 0, 0, NULL),
(1910, 25, 3, 1, 1088, 300, NULL, 0, 0, 0, NULL),
(1911, 25, 3, 1, 1089, 300, 100, 0, 0, 0, NULL),
(1912, 25, 3, 1, 1090, 200, 100, 0, 0, 0, NULL),
(1913, 25, 3, 2, 587, 300, NULL, 0, 0, 0, NULL),
(1914, 25, 3, 2, 1091, 200, 100, 0, 0, 0, NULL),
(1915, 25, 3, 2, 1092, 300, NULL, 0, 0, 0, NULL),
(1916, 25, 3, 2, 1093, 300, 100, 0, 0, 0, NULL),
(1917, 25, 3, 2, 1094, 200, 100, 0, 0, 0, NULL),
(1918, 25, 3, 2, 1095, 300, NULL, 0, 0, 0, NULL),
(1919, 25, 3, 2, 1096, 300, 100, 0, 0, 0, NULL),
(1920, 25, 3, 2, 1097, 300, NULL, 0, 0, 0, NULL),
(1921, 25, 3, 3, 541, 300, NULL, 0, 0, 0, NULL),
(1922, 25, 4, 1, 1098, 300, NULL, 0, 0, 0, NULL),
(1923, 25, 4, 1, 617, 300, NULL, 0, 0, 0, NULL),
(1925, 25, 4, 1, 593, NULL, 100, 0, 0, 0, NULL),
(1926, 25, 4, 1, 1099, 300, 200, 0, 0, 0, NULL),
(1927, 25, 4, 1, 1100, 300, NULL, 0, 0, 0, NULL),
(1928, 25, 4, 1, 1101, 100, 100, 0, 0, 0, NULL),
(1929, 25, 4, 1, 1102, 200, 100, 0, 0, 0, NULL),
(1930, 25, 4, 1, 1103, NULL, 200, 0, 0, 0, NULL),
(1931, 25, 4, 1, 1104, NULL, 100, 0, 0, 0, NULL),
(1932, 25, 4, 1, 881, 300, NULL, 0, 0, 0, NULL),
(1933, 25, 4, 2, 1105, 400, 100, 0, 0, 0, NULL),
(1934, 25, 4, 2, 1106, 300, NULL, 0, 0, 0, NULL),
(1935, 25, 4, 2, 1107, NULL, 200, 0, 0, 0, NULL),
(1936, 25, 4, 2, 1108, NULL, 100, 0, 0, 0, NULL),
(1937, 25, 4, 2, 1109, NULL, 100, 0, 0, 0, NULL),
(1938, 25, 4, 2, 1110, 200, 100, 0, 0, 0, NULL),
(1939, 25, 4, 2, 1111, NULL, 200, 0, 0, 0, NULL),
(1940, 26, 1, 1, 623, NULL, 100, 0, 0, 0, NULL),
(1941, 26, 1, 1, 554, 300, NULL, 0, 0, 0, NULL),
(1942, 26, 1, 1, 625, 300, NULL, 0, 0, 0, NULL),
(1943, 26, 1, 1, 115, 300, NULL, 0, 0, 0, NULL),
(1944, 26, 1, 1, 90, 300, NULL, 0, 0, 0, NULL),
(1945, 26, 1, 1, 100, 300, NULL, 0, 0, 0, NULL),
(1946, 26, 1, 1, 883, 200, NULL, 0, 0, 0, NULL),
(1947, 26, 1, 1, 198, 300, NULL, 0, 0, 0, NULL),
(1948, 26, 1, 1, 1018, 300, 100, 0, 0, 0, NULL),
(1949, 26, 1, 1, 95, NULL, NULL, 0, 0, 0, NULL),
(1950, 26, 1, 2, 587, 300, NULL, 0, 0, 0, NULL),
(1951, 26, 1, 2, 1019, 300, 100, 0, 0, 0, NULL),
(1952, 26, 1, 2, 1020, NULL, 100, 0, 0, 0, NULL),
(1953, 26, 1, 2, 108, 200, 100, 0, 0, 0, NULL),
(1954, 26, 1, 2, 331, 300, NULL, 0, 0, 0, NULL),
(1955, 26, 1, 2, 102, 200, NULL, 0, 0, 0, NULL),
(1956, 26, 1, 2, 129, 300, NULL, 0, 0, 0, NULL),
(1957, 26, 1, 2, 1021, 300, NULL, 0, 0, 0, NULL),
(1958, 26, 1, 2, 568, 300, 100, 0, 0, 0, NULL),
(1959, 26, 1, 2, 104, NULL, NULL, 0, 0, 0, NULL),
(1960, 26, 2, 1, 1024, 300, NULL, 0, 0, 0, NULL),
(1961, 26, 2, 1, 1026, NULL, 100, 0, 0, 0, NULL),
(1962, 21, 1, 2, 1470, NULL, NULL, 0, 0, 0, NULL),
(1963, 25, 2, 1, 1469, 300, 100, 0, 0, 0, NULL),
(1964, 26, 2, 1, 288, 300, NULL, 0, 0, 0, NULL),
(1965, 26, 2, 1, 1027, 300, 100, 0, 0, 0, NULL),
(1966, 26, 2, 1, 1029, 300, NULL, 0, 0, 0, NULL),
(1967, 26, 2, 1, 1469, 300, 100, 0, 0, 0, NULL),
(1968, 26, 2, 1, 512, 300, NULL, 0, 0, 0, NULL),
(1969, 26, 2, 1, 109, 200, NULL, 0, 0, 0, NULL),
(1970, 26, 2, 1, 577, 300, NULL, 0, 0, 0, NULL),
(1971, 26, 2, 2, 532, 200, NULL, 0, 0, 0, NULL),
(1972, 26, 2, 2, 1436, 300, 100, 0, 0, 0, NULL),
(1973, 26, 2, 2, 1437, 300, 100, 0, 0, 0, NULL),
(1974, 26, 2, 2, 1080, 300, 100, 0, 0, 0, NULL),
(1975, 26, 2, 2, 1471, 300, NULL, 0, 0, 0, NULL),
(1976, 26, 2, 2, 522, 300, NULL, 0, 0, 0, NULL),
(1977, 26, 2, 2, 119, 200, NULL, 0, 0, 0, NULL),
(1978, 26, 2, 2, 977, 300, NULL, 0, 0, 0, NULL),
(1979, 26, 2, 2, 1438, 300, NULL, 0, 0, 0, NULL),
(1980, 26, 3, 1, 1439, 300, 100, 0, 0, 0, NULL),
(1981, 26, 3, 1, 1440, 300, 100, 0, 0, 0, NULL),
(1982, 26, 3, 1, 1441, 300, 100, 0, 0, 0, NULL),
(1983, 26, 3, 1, 1442, 300, 100, 0, 0, 0, NULL),
(1984, 26, 3, 1, 128, 300, NULL, 0, 0, 0, NULL),
(1985, 26, 3, 1, 117, 300, NULL, 0, 0, 0, NULL),
(1986, 26, 3, 1, 881, 300, NULL, 0, 0, 0, NULL),
(1987, 26, 3, 2, 1461, 300, 100, 0, 0, 0, NULL),
(1988, 26, 3, 2, 1443, 300, 100, 0, 0, 0, NULL),
(1989, 26, 3, 2, 1444, 300, 100, 0, 0, 0, NULL),
(1990, 26, 3, 2, 1445, 300, 100, 0, 0, 0, NULL),
(1991, 26, 3, 2, 1446, 300, NULL, 0, 0, 0, NULL),
(1992, 26, 3, 2, 957, 300, NULL, 0, 0, 0, NULL),
(1993, 26, 3, 3, 541, 300, NULL, 0, 0, 0, NULL),
(1994, 26, 4, 1, 617, 300, NULL, 0, 0, 0, NULL),
(1995, 26, 4, 1, 1447, 300, NULL, 0, 0, 0, NULL),
(1996, 26, 4, 1, 1448, 300, 100, 0, 0, 0, NULL),
(1997, 26, 4, 1, 1449, 300, 100, 0, 0, 0, NULL),
(1998, 26, 4, 1, 1450, 300, 100, 0, 0, 0, NULL),
(1999, 26, 4, 1, 1451, NULL, 100, 0, 0, 0, NULL),
(2000, 26, 4, 1, 1452, NULL, 200, 0, 0, 0, NULL),
(2001, 26, 4, 2, 1453, NULL, 100, 0, 0, 0, NULL),
(2002, 26, 4, 2, 1454, NULL, 100, 0, 0, 0, NULL),
(2003, 26, 4, 2, 1455, 300, 100, 0, 0, 0, NULL),
(2004, 26, 4, 2, 1456, 300, 100, 0, 0, 0, NULL),
(2005, 26, 4, 2, 1457, 300, 100, 0, 0, 0, NULL),
(2006, 26, 4, 2, 1458, NULL, 200, 0, 0, 0, NULL),
(2007, 27, 1, 1, 1272, NULL, 100, 0, 0, 0, NULL),
(2008, 27, 1, 1, 554, 300, NULL, 0, 0, 0, NULL),
(2009, 27, 1, 1, 798, 300, NULL, 0, 0, 0, NULL),
(2010, 27, 1, 1, 100, 300, NULL, 0, 0, 0, NULL),
(2011, 27, 1, 1, 883, 200, NULL, 0, 0, 0, NULL),
(2012, 27, 1, 1, 957, 300, NULL, 0, 0, 0, NULL),
(2013, 27, 1, 1, 129, 300, NULL, 0, 0, 0, NULL),
(2014, 27, 1, 1, 977, 300, NULL, 0, 0, 0, NULL),
(2015, 27, 1, 1, 1273, 100, NULL, 0, 0, 0, NULL),
(2016, 27, 1, 1, 1018, 300, 100, 0, 0, 0, NULL),
(2017, 27, 1, 1, 95, NULL, NULL, 0, 0, 0, NULL),
(2018, 27, 1, 2, 1274, 100, 100, 0, 0, 0, NULL),
(2019, 27, 1, 2, 115, 300, NULL, 0, 0, 0, NULL),
(2020, 27, 1, 2, 128, 300, NULL, 0, 0, 0, NULL),
(2021, 27, 1, 2, 116, 300, NULL, 0, 0, 0, NULL),
(2022, 27, 1, 2, 881, 300, NULL, 0, 0, 0, NULL),
(2023, 27, 1, 2, 102, 200, NULL, 0, 0, 0, NULL),
(2024, 27, 1, 2, 198, 300, NULL, 0, 0, 0, NULL),
(2025, 27, 1, 2, 1021, 300, NULL, 0, 0, 0, NULL),
(2026, 27, 1, 2, 568, 300, 100, 0, 0, 0, NULL),
(2027, 27, 1, 2, 104, NULL, NULL, 0, 0, 0, NULL),
(2028, 27, 2, 1, 1275, 200, 100, 0, 0, 0, NULL),
(2029, 27, 2, 1, 1276, 200, 100, 0, 0, 0, NULL),
(2030, 27, 2, 1, 108, 200, 100, 0, 0, 0, NULL),
(2031, 27, 2, 1, 117, 300, NULL, 0, 0, 0, NULL),
(2032, 27, 2, 1, 90, 300, NULL, 0, 0, 0, NULL),
(2033, 27, 2, 1, 109, 200, NULL, 0, 0, 0, NULL),
(2034, 27, 2, 1, 1277, 300, NULL, 0, 0, 0, NULL),
(2036, 27, 2, 1, 1279, 300, NULL, 0, 0, 0, NULL),
(2037, 27, 2, 1, 1280, 300, NULL, 0, 0, 0, NULL),
(2038, 27, 2, 2, 532, 200, NULL, 0, 0, 0, NULL),
(2039, 27, 2, 2, 1281, 200, 100, 0, 0, 0, NULL),
(2040, 27, 2, 2, 331, 300, NULL, 0, 0, 0, NULL),
(2041, 27, 2, 2, 119, 200, NULL, 0, 0, 0, NULL),
(2042, 27, 2, 2, 1282, 300, NULL, 0, 0, 0, NULL),
(2043, 27, 2, 2, 525, 200, NULL, 0, 0, 0, NULL),
(2044, 27, 2, 2, 1284, 300, NULL, 0, 0, 0, NULL),
(2045, 27, 2, 2, 1285, NULL, 200, 0, 0, 0, NULL),
(2046, 27, 2, 2, 577, 300, NULL, 0, 0, 0, NULL),
(2047, 27, 3, 1, 596, 300, NULL, 0, 0, 0, NULL),
(2048, 27, 3, 1, 517, 500, NULL, 0, 0, 0, NULL),
(2049, 27, 3, 1, 927, 300, NULL, 0, 0, 0, NULL),
(2050, 27, 3, 1, 1286, 200, NULL, 0, 0, 0, NULL),
(2051, 27, 3, 1, 1287, 200, 100, 0, 0, 0, NULL),
(2052, 27, 3, 1, 1288, 200, NULL, 0, 0, 0, NULL),
(2053, 27, 3, 1, 1289, 100, 100, 0, 0, 0, NULL),
(2054, 27, 3, 1, 1290, 200, 100, 0, 0, 0, NULL),
(2055, 27, 3, 1, 1291, 200, 100, 0, 0, 0, NULL),
(2056, 27, 3, 2, 1292, 100, 100, 0, 0, 0, NULL),
(2057, 27, 3, 2, 1293, 300, NULL, 0, 0, 0, NULL),
(2058, 27, 3, 2, 1294, 300, NULL, 0, 0, 0, NULL),
(2059, 27, 3, 2, 1295, 200, NULL, 0, 0, 0, NULL),
(2060, 27, 3, 2, 1296, 200, 100, 0, 0, 0, NULL),
(2061, 27, 3, 2, 1297, NULL, 200, 0, 0, 0, NULL),
(2062, 27, 3, 2, 1298, 200, 100, 0, 0, 0, NULL),
(2063, 27, 3, 2, 1299, 200, 100, 0, 0, 0, NULL),
(2064, 27, 3, 3, 541, 300, NULL, 0, 0, 0, NULL),
(2065, 27, 4, 1, 617, 300, NULL, 0, 0, 0, NULL),
(2066, 27, 4, 1, 1300, 300, 100, 0, 0, 0, NULL),
(2067, 27, 4, 1, 1301, NULL, 200, 0, 0, 0, NULL),
(2068, 27, 4, 1, 1302, 300, 100, 0, 0, 0, NULL),
(2069, 27, 4, 1, 1303, NULL, 200, 0, 0, 0, NULL),
(2070, 27, 4, 1, 1304, 200, NULL, 0, 0, 0, NULL),
(2071, 27, 4, 1, 1305, NULL, 100, 0, 0, 0, NULL),
(2073, 27, 4, 2, 1307, 300, 100, 0, 0, 0, NULL),
(2074, 27, 4, 2, 1308, NULL, 100, 0, 0, 0, NULL),
(2075, 27, 4, 2, 1309, 300, 100, 0, 0, 0, NULL),
(2076, 27, 4, 2, 1310, 300, NULL, 0, 0, 0, NULL),
(2077, 27, 4, 2, 1311, 100, 100, 0, 0, 0, NULL),
(2078, 27, 4, 2, 1312, NULL, 200, 0, 0, 0, NULL),
(2079, 27, 4, 2, 1313, 300, NULL, 0, 0, 0, NULL),
(2080, 27, 4, 2, 1314, 300, 100, 0, 0, 0, NULL),
(2081, 27, 2, 1, 1278, 100, 100, 0, 0, 0, NULL),
(2083, 31, 1, 1, 1227, 300, 300, 0, 0, 0, NULL),
(2084, 31, 1, 1, 90, 300, NULL, 0, 0, 0, NULL),
(2085, 31, 1, 1, 883, 200, NULL, 0, 0, 0, NULL),
(2086, 31, 1, 1, 957, 300, NULL, 0, 0, 0, NULL),
(2087, 31, 1, 1, 977, 300, NULL, 0, 0, 0, NULL),
(2088, 31, 1, 1, 961, 200, 100, 0, 0, 0, NULL),
(2089, 31, 1, 1, 95, NULL, NULL, 0, 0, 0, NULL),
(2090, 31, 1, 2, 1228, 300, 300, 0, 0, 0, NULL),
(2091, 31, 1, 2, 831, 300, NULL, 0, 0, 0, NULL),
(2092, 31, 1, 2, 100, 300, NULL, 0, 0, 0, NULL),
(2093, 31, 1, 2, 102, 200, NULL, 0, 0, 0, NULL),
(2094, 31, 1, 2, 198, 300, NULL, 0, 0, 0, NULL),
(2095, 31, 1, 2, 973, 200, 100, 0, 0, 0, NULL),
(2096, 31, 1, 2, 765, NULL, NULL, 0, 0, 0, NULL),
(2097, 31, 1, 2, 282, NULL, NULL, 0, 0, 0, NULL),
(2098, 31, 1, 2, 104, NULL, NULL, 0, 0, 0, NULL),
(2099, 31, 2, 1, 1229, 300, 300, 0, 0, 0, NULL),
(2100, 31, 2, 1, 1230, 200, 100, 0, 0, 0, NULL),
(2101, 31, 2, 1, 949, 300, NULL, 0, 0, 0, NULL),
(2102, 31, 2, 1, 108, 200, 100, 0, 0, 0, NULL),
(2103, 31, 2, 1, 117, 300, NULL, 0, 0, 0, NULL),
(2104, 31, 2, 1, 109, 200, NULL, 0, 0, 0, NULL),
(2105, 31, 2, 1, 950, 300, NULL, 0, 0, 0, NULL),
(2106, 31, 2, 2, 1231, 300, 300, 0, 0, 0, NULL),
(2107, 31, 2, 2, 951, 200, 100, 0, 0, 0, NULL),
(2108, 31, 2, 2, 1232, 200, 100, 0, 0, 0, NULL),
(2109, 31, 2, 2, 128, 300, NULL, 0, 0, 0, NULL),
(2110, 31, 2, 2, 116, 300, NULL, 0, 0, 0, NULL),
(2111, 31, 2, 2, 881, 300, NULL, 0, 0, 0, NULL),
(2112, 31, 2, 2, 119, 200, NULL, 0, 0, 0, NULL),
(2113, 31, 3, 1, 1233, 300, 300, 0, 0, 0, NULL),
(2114, 31, 3, 1, 1234, 200, 100, 0, 0, 0, NULL),
(2115, 31, 3, 1, 956, 300, NULL, 0, 0, 0, NULL),
(2116, 31, 3, 1, 798, 300, NULL, 0, 0, 0, NULL),
(2117, 31, 3, 1, 129, 300, NULL, 0, 0, 0, NULL),
(2118, 31, 3, 1, 958, 300, NULL, 0, 0, 0, NULL),
(2119, 31, 3, 1, 959, 300, NULL, 0, 0, 0, NULL),
(2120, 31, 3, 2, 1235, 300, 300, 0, 0, 0, NULL),
(2121, 31, 3, 2, 1236, 200, 100, 0, 0, 0, NULL),
(2122, 31, 3, 2, 115, 300, NULL, 0, 0, 0, NULL),
(2123, 31, 3, 2, 962, 300, NULL, 0, 0, 0, NULL),
(2124, 31, 3, 2, 963, 300, NULL, 0, 0, 0, NULL),
(2125, 31, 3, 2, 964, 300, NULL, 0, 0, 0, NULL),
(2126, 31, 3, 2, 965, 300, NULL, 0, 0, 0, NULL),
(2127, 31, 4, 1, 966, NULL, 1000, 0, 0, 0, NULL),
(2128, 31, 4, 1, 968, 100, NULL, 0, 0, 0, NULL),
(2129, 31, 4, 2, 970, NULL, 1000, 0, 0, 0, NULL),
(2130, 31, 4, 2, 971, 100, NULL, 0, 0, 0, NULL),
(2131, 28, 1, 1, 623, NULL, 100, 0, 0, 0, NULL),
(2132, 28, 1, 1, 554, 300, NULL, 0, 0, 0, NULL),
(2133, 28, 1, 1, 625, 300, NULL, 0, 0, 0, NULL),
(2134, 28, 1, 1, 626, 100, NULL, 0, 0, 0, NULL),
(2135, 28, 1, 1, 90, 300, NULL, 0, 0, 0, NULL),
(2136, 28, 1, 1, 883, 200, NULL, 0, 0, 0, NULL),
(2137, 28, 1, 1, 129, 300, NULL, 0, 0, 0, NULL),
(2138, 28, 1, 1, 977, 300, NULL, 0, 0, 0, NULL),
(2139, 28, 1, 1, 1018, 300, 100, 0, 0, 0, NULL),
(2140, 28, 1, 1, 95, NULL, NULL, 0, 0, 0, NULL),
(2141, 28, 1, 2, 632, NULL, 200, 0, 0, 0, NULL),
(2142, 28, 1, 2, 633, NULL, 200, 0, 0, 0, NULL),
(2143, 28, 1, 2, 831, 300, NULL, 0, 0, 0, NULL),
(2144, 28, 1, 2, 100, 300, NULL, 0, 0, 0, NULL),
(2145, 28, 1, 2, 102, 200, NULL, 0, 0, 0, NULL),
(2146, 28, 1, 2, 637, 500, NULL, 0, 0, 0, NULL),
(2147, 28, 1, 2, 638, 300, NULL, 0, 0, 0, NULL),
(2148, 28, 1, 2, 568, 300, 100, 0, 0, 0, NULL),
(2149, 28, 1, 2, 104, NULL, NULL, 0, 0, 0, NULL),
(2150, 28, 2, 1, 641, NULL, 200, 0, 0, 0, NULL),
(2151, 28, 2, 1, 288, 300, NULL, 0, 0, 0, NULL),
(2152, 28, 2, 1, 643, 300, 100, 0, 0, 0, NULL),
(2153, 28, 2, 1, 115, 300, NULL, 0, 0, 0, NULL),
(2154, 28, 2, 1, 798, 300, NULL, 0, 0, 0, NULL),
(2155, 28, 2, 1, 108, 200, 100, 0, 0, 0, NULL),
(2156, 28, 2, 1, 117, 300, NULL, 0, 0, 0, NULL),
(2157, 28, 2, 1, 109, 200, NULL, 0, 0, 0, NULL),
(2158, 28, 2, 1, 957, 300, NULL, 0, 0, 0, NULL),
(2159, 28, 2, 2, 596, 300, NULL, 0, 0, 0, NULL),
(2160, 28, 2, 2, 651, 300, NULL, 0, 0, 0, NULL),
(2161, 28, 2, 2, 652, 300, 100, 0, 0, 0, NULL),
(2162, 28, 2, 2, 653, 300, 100, 0, 0, 0, NULL),
(2163, 28, 2, 2, 128, 300, NULL, 0, 0, 0, NULL),
(2164, 28, 2, 2, 881, 300, NULL, 0, 0, 0, NULL),
(2165, 28, 2, 2, 119, 200, NULL, 0, 0, 0, NULL),
(2166, 28, 2, 2, 198, 300, NULL, 0, 0, 0, NULL),
(2167, 28, 3, 1, 587, 300, NULL, 0, 0, 0, NULL),
(2168, 28, 3, 1, 659, 300, NULL, 0, 0, 0, NULL),
(2169, 28, 3, 1, 660, 300, 100, 0, 0, 0, NULL),
(2170, 28, 3, 1, 661, 300, NULL, 0, 0, 0, NULL),
(2171, 28, 3, 1, 662, NULL, 100, 0, 0, 0, NULL),
(2172, 28, 3, 1, 663, 300, 100, 0, 0, 0, NULL),
(2173, 28, 3, 1, 664, 300, NULL, 0, 0, 0, NULL),
(2174, 28, 3, 1, 665, 300, NULL, 0, 0, 0, NULL),
(2175, 28, 3, 2, 617, 300, NULL, 0, 0, 0, NULL),
(2176, 28, 3, 2, 667, 300, NULL, 0, 0, 0, NULL),
(2177, 28, 3, 2, 668, 300, NULL, 0, 0, 0, NULL),
(2178, 28, 3, 2, 669, 300, 100, 0, 0, 0, NULL),
(2179, 28, 3, 2, 670, 300, 100, 0, 0, 0, NULL),
(2180, 28, 3, 2, 671, 200, NULL, 0, 0, 0, NULL),
(2181, 28, 3, 2, 532, 200, NULL, 0, 0, 0, NULL),
(2182, 28, 3, 3, 541, 300, NULL, 0, 0, 0, NULL),
(2183, 28, 4, 1, 674, 200, NULL, 0, 0, 0, NULL),
(2184, 28, 4, 1, 675, 300, 100, 0, 0, 0, NULL),
(2185, 28, 4, 1, 676, 300, 100, 0, 0, 0, NULL),
(2186, 28, 4, 1, 677, 300, NULL, 0, 0, 0, NULL),
(2187, 28, 4, 1, 678, NULL, 100, 0, 0, 0, NULL),
(2188, 28, 4, 1, 679, 300, NULL, 0, 0, 0, NULL),
(2189, 28, 4, 1, 116, 300, NULL, 0, 0, 0, NULL),
(2190, 28, 4, 2, 681, 300, NULL, 0, 0, 0, NULL),
(2191, 28, 4, 2, 682, NULL, 200, 0, 0, 0, NULL),
(2192, 28, 4, 2, 683, 300, 100, 0, 0, 0, NULL),
(2193, 28, 4, 2, 684, NULL, 100, 0, 0, 0, NULL),
(2194, 28, 4, 2, 685, NULL, 100, 0, 0, 0, NULL),
(2195, 29, 1, 1, 108, 200, 100, 0, 0, 0, NULL),
(2196, 29, 1, 1, 90, 300, NULL, 0, 0, 0, NULL),
(2197, 29, 1, 1, 883, 200, NULL, 0, 0, 0, NULL),
(2198, 29, 1, 1, 977, 300, NULL, 0, 0, 0, NULL),
(2199, 29, 1, 1, 95, NULL, NULL, 0, 0, 0, NULL),
(2200, 29, 1, 1, 1042, 300, NULL, 0, 0, 0, NULL),
(2201, 29, 1, 1, 1043, 300, NULL, 0, 0, 0, NULL),
(2202, 29, 1, 1, 1044, 300, NULL, 0, 0, 0, NULL),
(2203, 29, 1, 2, 100, 300, NULL, 0, 0, 0, NULL),
(2204, 29, 1, 2, 331, 300, NULL, 0, 0, 0, NULL),
(2205, 29, 1, 2, 102, 200, NULL, 0, 0, 0, NULL),
(2206, 29, 1, 2, 198, 300, NULL, 0, 0, 0, NULL),
(2207, 29, 1, 2, 765, NULL, NULL, 0, 0, 0, NULL),
(2208, 29, 1, 2, 766, NULL, NULL, 0, 0, 0, NULL),
(2209, 29, 1, 2, 282, NULL, NULL, 0, 0, 0, NULL),
(2210, 29, 1, 2, 104, NULL, NULL, 0, 0, 0, NULL),
(2211, 29, 1, 2, 1470, NULL, NULL, 0, 0, 0, NULL),
(2212, 29, 1, 2, 1047, 300, NULL, 0, 0, 0, NULL),
(2213, 29, 1, 2, 1048, 300, NULL, 0, 0, 0, NULL),
(2214, 29, 1, 2, 1049, 300, NULL, 0, 0, 0, NULL),
(2215, 29, 1, 2, 1050, 300, NULL, 0, 0, 0, NULL),
(2216, 29, 2, 1, 109, 200, NULL, 0, 0, 0, NULL),
(2217, 29, 2, 1, 957, 300, NULL, 0, 0, 0, NULL),
(2218, 29, 2, 1, 129, 300, NULL, 0, 0, 0, NULL),
(2219, 29, 2, 1, 1051, 300, NULL, 0, 0, 0, NULL),
(2220, 29, 2, 1, 1052, 300, NULL, 0, 0, 0, NULL),
(2221, 29, 2, 1, 1053, 300, NULL, 0, 0, 0, NULL),
(2222, 29, 2, 1, 1054, 300, NULL, 0, 0, 0, NULL),
(2223, 29, 2, 1, 1055, 300, NULL, 0, 0, 0, NULL),
(2224, 29, 2, 2, 1056, 300, NULL, 0, 0, 0, NULL),
(2225, 29, 2, 2, 1057, 300, NULL, 0, 0, 0, NULL),
(2226, 29, 2, 2, 128, 300, NULL, 0, 0, 0, NULL),
(2227, 29, 2, 2, 119, 200, NULL, 0, 0, 0, NULL),
(2228, 29, 2, 2, 1058, 300, NULL, 0, 0, 0, NULL),
(2229, 29, 2, 2, 1059, 300, NULL, 0, 0, 0, NULL),
(2230, 29, 2, 2, 1060, 300, NULL, 0, 0, 0, NULL),
(2231, 29, 2, 2, 1061, 300, NULL, 0, 0, 0, NULL),
(2232, 29, 3, 1, 798, 300, NULL, 0, 0, 0, NULL),
(2233, 29, 3, 1, 117, 300, NULL, 0, 0, 0, NULL),
(2234, 29, 3, 1, 1136, 300, NULL, 0, 0, 0, NULL),
(2235, 29, 3, 1, 1062, 300, NULL, 0, 0, 0, NULL),
(2236, 29, 3, 1, 1063, 300, NULL, 0, 0, 0, NULL),
(2237, 29, 3, 1, 1064, 200, 99, 0, 0, 0, NULL),
(2238, 29, 3, 1, 1065, 200, 100, 0, 0, 0, NULL),
(2239, 29, 3, 1, 1066, 300, NULL, 0, 0, 0, NULL),
(2240, 29, 3, 2, 115, 300, NULL, 0, 0, 0, NULL),
(2241, 29, 3, 2, 1067, 300, NULL, 0, 0, 0, NULL),
(2242, 29, 3, 2, 1132, 300, NULL, 0, 0, 0, NULL),
(2243, 29, 3, 2, 1069, 300, NULL, 0, 0, 0, NULL),
(2244, 29, 3, 2, 1070, 200, 100, 0, 0, 0, NULL),
(2245, 29, 3, 2, 1071, 300, NULL, 0, 0, 0, NULL),
(2246, 29, 3, 2, 1072, 300, NULL, 0, 0, 0, NULL),
(2247, 29, 3, 2, 1073, 300, NULL, 0, 0, 0, NULL),
(2248, 29, 4, 1, 1074, 300, NULL, 0, 0, 0, NULL),
(2249, 29, 4, 1, 881, 300, NULL, 0, 0, 0, NULL),
(2250, 29, 4, 1, 1075, 300, NULL, 0, 0, 0, NULL),
(2251, 29, 4, 1, 1380, 300, NULL, 0, 0, 0, NULL),
(2252, 29, 4, 1, 1381, 300, NULL, 0, 0, 0, NULL),
(2253, 29, 4, 2, 1079, 600, NULL, 0, 0, 0, NULL),
(2254, 30, 1, 1, 115, 300, NULL, 0, 0, 0, NULL),
(2255, 30, 1, 1, 90, 300, NULL, 0, 0, 0, NULL),
(2256, 30, 1, 1, 100, 300, NULL, 0, 0, 0, NULL),
(2257, 30, 1, 1, 883, 200, NULL, 0, 0, 0, NULL),
(2258, 30, 1, 1, 198, 300, NULL, 0, 0, 0, NULL),
(2259, 30, 1, 1, 95, NULL, NULL, 0, 0, 0, NULL),
(2260, 30, 1, 1, 1042, 300, NULL, 0, 0, 0, NULL),
(2261, 30, 1, 1, 1043, 300, NULL, 0, 0, 0, NULL),
(2262, 30, 1, 2, 108, 200, 100, 0, 0, 0, NULL),
(2263, 30, 1, 2, 331, 300, NULL, 0, 0, 0, NULL),
(2264, 30, 1, 2, 102, 200, NULL, 0, 0, 0, NULL),
(2265, 30, 1, 2, 957, 300, NULL, 0, 0, 0, NULL),
(2266, 30, 1, 2, 1128, 200, 100, 0, 0, 0, NULL),
(2267, 30, 1, 2, 1129, 100, 200, 0, 0, 0, NULL),
(2268, 30, 1, 2, 765, NULL, NULL, 0, 0, 0, NULL),
(2269, 30, 1, 2, 766, NULL, NULL, 0, 0, 0, NULL),
(2270, 30, 1, 2, 282, NULL, NULL, 0, 0, 0, NULL),
(2271, 30, 1, 2, 104, NULL, NULL, 0, 0, 0, NULL),
(2272, 30, 1, 2, 1470, NULL, NULL, 0, 0, 0, NULL),
(2273, 30, 1, 2, 1047, 300, NULL, 0, 0, 0, NULL),
(2274, 30, 1, 2, 1048, 300, NULL, 0, 0, 0, NULL),
(2275, 30, 2, 1, 1056, 300, NULL, 0, 0, 0, NULL),
(2276, 30, 2, 1, 1057, 300, NULL, 0, 0, 0, NULL),
(2277, 30, 2, 1, 128, 300, NULL, 0, 0, 0, NULL),
(2278, 30, 2, 1, 109, 200, NULL, 0, 0, 0, NULL),
(2279, 30, 2, 1, 1130, 100, 200, 0, 0, 0, NULL),
(2280, 30, 2, 1, 1131, 200, 100, 0, 0, 0, NULL),
(2282, 30, 2, 1, 1132, 200, 100, 0, 0, 0, NULL),
(2283, 30, 2, 2, 119, 200, NULL, 0, 0, 0, NULL),
(2284, 30, 2, 2, 1133, 100, 200, 0, 0, 0, NULL),
(2285, 30, 2, 2, 1134, 200, 100, 0, 0, 0, NULL),
(2286, 30, 2, 2, 1135, 200, 100, 0, 0, 0, NULL),
(2287, 30, 2, 2, 1058, 300, NULL, 0, 0, 0, NULL),
(2288, 30, 2, 2, 1059, 300, NULL, 0, 0, 0, NULL),
(2289, 30, 2, 2, 1136, 300, NULL, 0, 0, 0, NULL),
(2290, 30, 2, 2, 1067, 300, NULL, 0, 0, 0, NULL),
(2292, 30, 3, 1, 1064, 200, 100, 0, 0, 0, NULL),
(2293, 30, 3, 1, 1074, 300, NULL, 0, 0, 0, NULL),
(2294, 30, 3, 1, 1063, 300, NULL, 0, 0, 0, NULL),
(2295, 30, 3, 1, 1137, 200, 100, 0, 0, 0, NULL),
(2296, 30, 3, 1, 1138, 200, 100, 0, 0, 0, NULL),
(2299, 30, 3, 1, 798, 300, NULL, 0, 0, 0, NULL),
(2300, 30, 3, 2, 1140, 300, NULL, 0, 0, 0, NULL),
(2301, 30, 3, 2, 1142, 100, 200, 0, 0, 0, NULL),
(2302, 30, 3, 2, 1143, 200, 100, 0, 0, 0, NULL),
(2303, 30, 3, 2, 1144, 300, NULL, 0, 0, 0, NULL),
(2304, 30, 3, 2, 1145, 200, NULL, 0, 0, 0, NULL),
(2305, 30, 3, 2, 1069, 300, NULL, 0, 0, 0, NULL),
(2306, 30, 3, 2, 129, 300, NULL, 0, 0, 0, NULL),
(2307, 30, 4, 1, 117, 300, NULL, 0, 0, 0, NULL),
(2308, 30, 4, 1, 881, 300, NULL, 0, 0, 0, NULL),
(2309, 30, 4, 1, 1146, 100, 200, 0, 0, 0, NULL),
(2310, 30, 4, 1, 1147, 300, NULL, 0, 0, 0, NULL),
(2311, 30, 4, 1, 1062, 300, NULL, 0, 0, 0, NULL),
(2312, 30, 4, 2, 1148, 600, NULL, 0, 0, 0, NULL),
(2313, 30, 2, 1, 1051, 300, NULL, 0, 0, 0, NULL),
(2316, 14, 1, 1, 746, NULL, 100, 0, 0, 0, NULL),
(2317, 14, 1, 1, 747, 200, NULL, 0, 0, 0, NULL),
(2318, 14, 1, 1, 881, 300, NULL, 0, 0, 0, NULL),
(2319, 14, 1, 1, 755, 300, NULL, 0, 0, 0, NULL),
(2320, 14, 1, 2, 756, NULL, 100, 0, 0, 0, NULL),
(2321, 14, 1, 2, 757, 200, NULL, 0, 0, 0, NULL),
(2322, 14, 1, 2, 758, 300, NULL, 0, 0, 0, NULL),
(2323, 14, 1, 2, 831, 300, NULL, 0, 0, 0, NULL),
(2324, 14, 1, 2, 763, NULL, 100, 0, 0, 0, NULL),
(2325, 14, 1, 2, 764, 200, NULL, 0, 0, 0, NULL),
(2326, 14, 1, 2, 765, NULL, NULL, 0, 0, 0, NULL),
(2327, 14, 1, 2, 766, NULL, NULL, 0, 0, 0, NULL),
(2328, 14, 1, 2, 282, NULL, NULL, 0, 0, 0, NULL),
(2329, 14, 2, 1, 769, NULL, 100, 0, 0, 0, NULL),
(2330, 14, 2, 1, 770, 200, NULL, 0, 0, 0, NULL),
(2331, 14, 2, 1, 771, 300, NULL, 0, 0, 0, NULL),
(2332, 14, 2, 1, 772, NULL, 100, 0, 0, 0, NULL),
(2333, 14, 2, 1, 773, 200, NULL, 0, 0, 0, NULL),
(2334, 14, 2, 1, 116, 300, NULL, 0, 0, 0, NULL),
(2335, 14, 2, 1, 777, 200, NULL, 0, 0, 0, NULL),
(2336, 14, 2, 1, 776, NULL, 100, 0, 0, 0, NULL),
(2337, 14, 2, 1, 778, NULL, 100, 0, 0, 0, NULL),
(2338, 14, 2, 1, 779, 200, NULL, 0, 0, 0, NULL),
(2339, 14, 2, 2, 780, 300, NULL, 0, 0, 0, NULL),
(2340, 14, 2, 2, 782, NULL, 100, 0, 0, 0, NULL),
(2341, 14, 2, 2, 783, 200, NULL, 0, 0, 0, NULL),
(2342, 14, 2, 2, 784, 200, 100, 0, 0, 0, NULL),
(2343, 14, 2, 2, 785, NULL, 100, 0, 0, 0, NULL),
(2344, 14, 2, 2, 786, 200, 100, 0, 0, 0, NULL),
(2345, 14, 2, 2, 787, NULL, 100, 0, 0, 0, NULL),
(2346, 14, 2, 2, 788, 200, NULL, 0, 0, 0, NULL),
(2347, 14, 3, 1, 789, 300, NULL, 0, 0, 0, NULL),
(2348, 14, 3, 1, 790, NULL, 100, 0, 0, 0, NULL),
(2349, 14, 3, 1, 791, 200, NULL, 0, 0, 0, NULL),
(2350, 14, 3, 1, 792, 300, NULL, 0, 0, 0, NULL),
(2351, 14, 3, 1, 793, 100, NULL, 0, 0, 0, NULL),
(2352, 14, 3, 1, 794, 300, NULL, 0, 0, 0, NULL),
(2353, 14, 3, 1, 795, 200, 100, 0, 0, 0, NULL),
(2354, 14, 3, 1, 796, 200, 100, 0, 0, 0, NULL),
(2355, 14, 3, 2, 797, 300, NULL, 0, 0, 0, NULL),
(2356, 14, 3, 2, 798, 300, NULL, 0, 0, 0, NULL),
(2357, 14, 3, 2, 799, NULL, 100, 0, 0, 0, NULL),
(2358, 14, 3, 2, 800, 200, NULL, 0, 0, 0, NULL),
(2359, 14, 3, 2, 801, NULL, 100, 0, 0, 0, NULL),
(2360, 14, 3, 2, 1476, 200, NULL, 0, 0, 0, NULL),
(2361, 14, 3, 2, 802, 300, NULL, 0, 0, 0, NULL),
(2362, 14, 3, 2, 803, NULL, 100, 0, 0, 0, NULL),
(2363, 14, 3, 2, 804, 200, NULL, 0, 0, 0, NULL),
(2364, 14, 4, 1, 805, 300, NULL, 0, 0, 0, NULL),
(2365, 14, 4, 1, 806, 200, NULL, 0, 0, 0, NULL),
(2366, 14, 4, 1, 807, NULL, 100, 0, 0, 0, NULL),
(2367, 14, 4, 1, 128, 300, NULL, 0, 0, 0, NULL),
(2368, 14, 4, 1, 143, 300, NULL, 0, 0, 0, NULL),
(2369, 14, 4, 1, 977, 300, NULL, 0, 0, 0, NULL),
(2370, 14, 4, 1, 811, 200, NULL, 0, 0, 0, NULL),
(2371, 14, 4, 1, 812, 300, NULL, 0, 0, 0, NULL),
(2372, 14, 4, 2, 813, 600, NULL, 0, 0, 0, NULL),
(2373, 14, 4, 2, 117, 300, NULL, 0, 0, 0, NULL),
(2374, 14, 4, 2, 129, 300, NULL, 0, 0, 0, NULL),
(2376, 14, 4, 2, 816, 300, NULL, 0, 0, 0, NULL),
(2377, 11, 1, 1, 95, NULL, NULL, 0, 0, 0, NULL),
(2390, 30, 3, 2, 1141, 200, 100, 0, 0, 0, NULL),
(2391, 15, 3, 2, 1214, 50, NULL, 0, 0, 0, NULL),
(2395, 32, 1, 1, 1426, 300, 300, 0, 0, 0, NULL),
(2396, 33, 1, 1, 972, 300, 300, 0, 0, 0, NULL),
(2398, 33, 1, 1, 923, NULL, NULL, 0, 0, 0, NULL),
(2399, 33, 3, 1, 983, 200, 100, 0, 0, 0, NULL),
(2400, 33, 3, 1, 984, 300, 300, 0, 0, 0, NULL),
(2401, 33, 3, 2, 986, 300, 300, 0, 0, 0, NULL),
(2402, 33, 2, 1, 978, 200, 100, 0, 0, 0, NULL),
(2403, 33, 1, 2, 976, 300, 300, 0, 0, 0, NULL),
(2404, 33, 2, 2, 981, 200, 100, 0, 0, 0, NULL),
(2405, 33, 2, 1, 979, 300, 300, 0, 0, 0, NULL),
(2406, 33, 2, 2, 982, 300, 300, 0, 0, 0, NULL),
(2411, 36, 1, 1, 993, 300, 300, 0, 0, 0, NULL),
(2412, 36, 2, 1, 995, 300, NULL, 0, 0, 0, NULL),
(2413, 36, 1, 2, 831, 300, NULL, 0, 0, 0, NULL),
(2414, 36, 1, 2, 994, 300, 300, 0, 0, 0, NULL),
(2415, 36, 3, 1, 999, 200, 100, 0, 0, 0, NULL),
(2416, 36, 3, 1, 1000, 300, 300, 0, 0, 0, NULL),
(2418, 36, 2, 2, 997, 200, 100, 0, 0, 0, NULL),
(2419, 36, 2, 2, 998, 300, 300, 0, 0, 0, NULL),
(2420, 39, 1, 1, 90, 300, NULL, 0, 0, 0, NULL),
(2421, 39, 1, 1, 883, 200, NULL, 0, 0, 0, NULL),
(2422, 39, 1, 1, 957, 300, NULL, 0, 0, 0, NULL),
(2423, 39, 1, 1, 977, 300, NULL, 0, 0, 0, NULL),
(2424, 39, 1, 1, 961, 200, 100, 0, 0, 0, NULL),
(2425, 39, 1, 1, 1022, 300, 300, 0, 0, 0, NULL),
(2426, 39, 1, 1, 95, NULL, NULL, 0, 0, 0, NULL),
(2427, 39, 1, 2, 831, 300, NULL, 0, 0, 0, NULL),
(2428, 39, 1, 2, 100, 300, NULL, 0, 0, 0, NULL),
(2429, 39, 1, 2, 102, 200, NULL, 0, 0, 0, NULL),
(2430, 39, 1, 2, 198, 300, NULL, 0, 0, 0, NULL),
(2431, 39, 1, 2, 973, 200, 100, 0, 0, 0, NULL),
(2432, 39, 1, 2, 1023, 300, 300, 0, 0, 0, NULL),
(2433, 39, 1, 2, 104, NULL, NULL, 0, 0, 0, NULL),
(2434, 39, 2, 1, 1025, 200, 100, 0, 0, 0, NULL),
(2435, 39, 2, 1, 949, 300, NULL, 0, 0, 0, NULL),
(2436, 39, 2, 1, 117, 300, NULL, 0, 0, 0, NULL),
(2437, 39, 2, 1, 1028, 300, 300, 0, 0, 0, NULL),
(2438, 39, 2, 1, 950, 300, NULL, 0, 0, 0, NULL),
(2439, 39, 2, 2, 119, 200, NULL, 0, 0, 0, NULL),
(2440, 32, 1, 2, 831, 300, NULL, 0, 0, 0, NULL),
(2441, 39, 2, 2, 1032, 300, 300, 0, 0, 0, NULL),
(2442, 39, 3, 1, 956, 300, NULL, 0, 0, 0, NULL),
(2443, 39, 3, 1, 798, 300, NULL, 0, 0, 0, NULL),
(2444, 32, 2, 1, 947, 200, 100, 0, 0, 0, NULL),
(2445, 39, 3, 1, 1034, 300, 300, 0, 0, 0, NULL),
(2446, 32, 2, 1, 948, 300, 300, 0, 0, 0, NULL),
(2447, 39, 3, 2, 1035, 200, 100, 0, 0, 0, NULL),
(2448, 39, 3, 2, 115, 300, NULL, 0, 0, 0, NULL),
(2449, 39, 3, 2, 1435, 300, 300, 0, 0, 0, NULL),
(2450, 39, 3, 2, 963, 300, NULL, 0, 0, 0, NULL),
(2451, 39, 3, 2, 964, 300, NULL, 0, 0, 0, NULL),
(2452, 39, 4, 1, 966, NULL, 1000, 0, 0, 0, NULL),
(2453, 39, 4, 1, 968, 100, NULL, 0, 0, 0, NULL),
(2454, 39, 4, 2, 971, 100, NULL, 0, 0, 0, NULL),
(2455, 39, 2, 2, 116, 300, NULL, 0, 0, 0, NULL),
(2456, 40, 1, 1, 1003, 300, 300, 0, 0, 0, NULL),
(2457, 40, 2, 1, 1006, 300, 300, 0, 0, 0, NULL),
(2458, 40, 3, 1, 1013, 300, 300, 0, 0, 0, NULL),
(2459, 40, 3, 2, 1017, 300, 300, 0, 0, 0, NULL),
(2460, 37, 1, 1, 1237, 300, 300, 0, 0, 0, NULL),
(2461, 37, 1, 1, 90, 300, NULL, 0, 0, 0, NULL),
(2462, 37, 1, 1, 883, 200, NULL, 0, 0, 0, NULL),
(2463, 37, 1, 1, 957, 300, NULL, 0, 0, 0, NULL),
(2464, 37, 1, 1, 977, 300, NULL, 0, 0, 0, NULL),
(2465, 37, 1, 1, 961, 200, 100, 0, 0, 0, NULL),
(2466, 37, 1, 1, 95, NULL, NULL, 0, 0, 0, NULL),
(2467, 37, 1, 2, 1238, 300, 300, 0, 0, 0, NULL),
(2468, 37, 1, 2, 831, 300, NULL, 0, 0, 0, NULL),
(2469, 37, 1, 2, 100, 300, NULL, 0, 0, 0, NULL),
(2470, 37, 1, 2, 102, 200, NULL, 0, 0, 0, NULL),
(2471, 37, 1, 2, 198, 300, NULL, 0, 0, 0, NULL),
(2472, 37, 1, 2, 973, 200, 100, 0, 0, 0, NULL),
(2473, 37, 1, 2, 104, NULL, NULL, 0, 0, 0, NULL),
(2474, 37, 2, 1, 1239, 300, 300, 0, 0, 0, NULL),
(2475, 37, 2, 1, 1240, 200, 100, 0, 0, 0, NULL),
(2476, 37, 2, 1, 949, 300, NULL, 0, 0, 0, NULL),
(2477, 37, 2, 1, 108, 200, 100, 0, 0, 0, NULL),
(2478, 37, 2, 1, 117, 300, NULL, 0, 0, 0, NULL),
(2479, 37, 2, 1, 109, 200, NULL, 0, 0, 0, NULL),
(2480, 37, 2, 1, 950, 300, NULL, 0, 0, 0, NULL),
(2481, 37, 2, 2, 951, 200, 100, 0, 0, 0, NULL),
(2482, 37, 2, 2, 1241, 300, 300, 0, 0, 0, NULL),
(2483, 37, 2, 2, 1242, 200, 100, 0, 0, 0, NULL),
(2484, 37, 2, 2, 128, 300, NULL, 0, 0, 0, NULL),
(2485, 37, 2, 2, 116, 300, NULL, 0, 0, 0, NULL),
(2486, 37, 2, 2, 881, 300, NULL, 0, 0, 0, NULL),
(2487, 37, 2, 2, 119, 200, NULL, 0, 0, 0, NULL),
(2488, 37, 3, 1, 1243, 300, 300, 0, 0, 0, NULL),
(2489, 37, 3, 1, 1244, 200, 100, 0, 0, 0, NULL),
(2490, 37, 3, 1, 956, 300, NULL, 0, 0, 0, NULL),
(2491, 37, 3, 1, 798, 300, NULL, 0, 0, 0, NULL),
(2492, 37, 3, 1, 129, 300, NULL, 0, 0, 0, NULL),
(2493, 37, 3, 1, 958, 300, NULL, 0, 0, 0, NULL),
(2494, 37, 3, 1, 959, 300, NULL, 0, 0, 0, NULL),
(2495, 37, 3, 2, 1245, 300, 300, 0, 0, 0, NULL),
(2496, 37, 3, 2, 1246, 200, 100, 0, 0, 0, NULL),
(2497, 37, 3, 2, 115, 300, NULL, 0, 0, 0, NULL),
(2498, 37, 3, 2, 962, 300, NULL, 0, 0, 0, NULL),
(2499, 37, 3, 2, 963, 300, NULL, 0, 0, 0, NULL),
(2500, 37, 3, 2, 964, 300, NULL, 0, 0, 0, NULL),
(2501, 37, 3, 2, 965, 300, NULL, 0, 0, 0, NULL),
(2502, 37, 4, 1, 966, NULL, 1000, 0, 0, 0, NULL),
(2503, 37, 4, 1, 968, 100, NULL, 0, 0, 0, NULL),
(2504, 37, 4, 2, 970, NULL, 1000, 0, 0, 0, NULL),
(2505, 37, 4, 2, 971, 100, NULL, 0, 0, 0, NULL),
(2506, 35, 1, 1, 1036, 300, 300, 0, 0, 0, NULL),
(2507, 35, 1, 1, 90, 300, NULL, 0, 0, 0, NULL),
(2508, 35, 1, 1, 883, 200, NULL, 0, 0, 0, NULL),
(2509, 35, 1, 1, 957, 300, NULL, 0, 0, 0, NULL),
(2510, 35, 1, 1, 977, 300, NULL, 0, 0, 0, NULL),
(2511, 35, 1, 1, 961, 200, 100, 0, 0, 0, NULL),
(2512, 35, 1, 1, 95, NULL, NULL, 0, 0, 0, NULL),
(2513, 35, 1, 2, 1037, 300, 300, 0, 0, 0, NULL),
(2514, 35, 1, 2, 831, 300, NULL, 0, 0, 0, NULL),
(2515, 35, 1, 2, 100, 300, NULL, 0, 0, 0, NULL),
(2516, 35, 1, 2, 102, 200, NULL, 0, 0, 0, NULL),
(2517, 35, 1, 2, 198, 300, NULL, 0, 0, 0, NULL),
(2518, 35, 1, 2, 973, 200, 100, 0, 0, 0, NULL),
(2519, 35, 1, 2, 104, NULL, NULL, 0, 0, 0, NULL),
(2520, 35, 2, 1, 1429, 200, 100, 0, 0, 0, NULL),
(2521, 35, 2, 1, 949, 300, NULL, 0, 0, 0, NULL),
(2522, 35, 2, 1, 1430, 300, 300, 0, 0, 0, NULL),
(2523, 35, 2, 1, 108, 200, 100, 0, 0, 0, NULL),
(2524, 35, 2, 1, 117, 300, NULL, 0, 0, 0, NULL),
(2525, 35, 2, 1, 109, 200, NULL, 0, 0, 0, NULL),
(2526, 35, 2, 1, 950, 300, NULL, 0, 0, 0, NULL),
(2527, 35, 2, 2, 951, 200, 100, 0, 0, 0, NULL),
(2528, 35, 2, 2, 1431, 200, 100, 0, 0, 0, NULL),
(2529, 35, 2, 2, 1432, 300, 300, 0, 0, 0, NULL),
(2530, 35, 2, 2, 128, 300, NULL, 0, 0, 0, NULL),
(2531, 35, 2, 2, 116, 300, NULL, 0, 0, 0, NULL),
(2532, 35, 2, 2, 881, 300, NULL, 0, 0, 0, NULL),
(2533, 35, 2, 2, 119, 200, NULL, 0, 0, 0, NULL),
(2534, 35, 3, 1, 1039, 200, 100, 0, 0, 0, NULL),
(2535, 35, 3, 1, 1433, 300, 300, 0, 0, 0, NULL),
(2536, 35, 3, 1, 956, 300, NULL, 0, 0, 0, NULL),
(2537, 35, 3, 1, 798, 300, NULL, 0, 0, 0, NULL),
(2538, 35, 3, 1, 129, 300, NULL, 0, 0, 0, NULL),
(2539, 35, 3, 1, 958, 300, NULL, 0, 0, 0, NULL),
(2540, 35, 3, 1, 959, 300, NULL, 0, 0, 0, NULL),
(2541, 35, 3, 2, 1040, 200, 100, 0, 0, 0, NULL),
(2542, 35, 3, 2, 1041, 300, 300, 0, 0, 0, NULL),
(2543, 35, 3, 2, 115, 300, NULL, 0, 0, 0, NULL),
(2544, 35, 3, 2, 962, 300, NULL, 0, 0, 0, NULL),
(2545, 35, 3, 2, 963, 300, NULL, 0, 0, 0, NULL),
(2546, 35, 3, 2, 964, 300, NULL, 0, 0, 0, NULL),
(2547, 35, 3, 2, 965, 300, NULL, 0, 0, 0, NULL),
(2548, 35, 4, 1, 966, NULL, 1000, 0, 0, 0, NULL),
(2549, 35, 4, 1, 968, 100, NULL, 0, 0, 0, NULL),
(2550, 35, 4, 2, 970, NULL, 1000, 0, 0, 0, NULL),
(2551, 35, 4, 2, 971, 100, NULL, 0, 0, 0, NULL),
(2552, 34, 1, 1, 1434, 300, 300, 0, 0, 0, NULL),
(2553, 34, 1, 1, 90, 300, NULL, 0, 0, 0, NULL),
(2554, 34, 1, 1, 883, 200, NULL, 0, 0, 0, NULL),
(2555, 34, 1, 1, 957, 300, NULL, 0, 0, 0, NULL),
(2556, 34, 1, 1, 977, 300, NULL, 0, 0, 0, NULL),
(2557, 34, 1, 1, 961, 200, 100, 0, 0, 0, NULL),
(2558, 34, 1, 1, 95, NULL, NULL, 0, 0, 0, NULL),
(2559, 34, 1, 2, 967, 300, 300, 0, 0, 0, NULL),
(2560, 34, 1, 2, 831, 300, NULL, 0, 0, 0, NULL),
(2561, 34, 1, 2, 100, 300, NULL, 0, 0, 0, NULL),
(2562, 34, 1, 2, 102, 200, NULL, 0, 0, 0, NULL),
(2563, 34, 1, 2, 198, 300, NULL, 0, 0, 0, NULL),
(2564, 34, 1, 2, 973, 200, 100, 0, 0, 0, NULL),
(2565, 34, 1, 2, 104, NULL, NULL, 0, 0, 0, NULL),
(2566, 34, 2, 1, 974, 200, 100, 0, 0, 0, NULL);
INSERT INTO `program_tagging_table` (`program_tagging_id`, `curriculum_id`, `year_level_id`, `semester_id`, `course_id`, `lec_fee`, `lab_fee`, `iscomputer_lab`, `islaboratory_fee`, `is_nstp`, `amount`) VALUES
(2567, 34, 2, 1, 949, 300, NULL, 0, 0, 0, NULL),
(2568, 34, 2, 1, 980, 300, 300, 0, 0, 0, NULL),
(2569, 34, 2, 1, 108, 200, 100, 0, 0, 0, NULL),
(2570, 34, 2, 1, 117, 300, NULL, 0, 0, 0, NULL),
(2571, 34, 2, 1, 109, 200, NULL, 0, 0, 0, NULL),
(2572, 34, 2, 1, 950, 300, NULL, 0, 0, 0, NULL),
(2573, 34, 2, 2, 951, 200, 100, 0, 0, 0, NULL),
(2574, 34, 2, 2, 987, 200, 100, 0, 0, 0, NULL),
(2575, 34, 2, 2, 988, 300, 300, 0, 0, 0, NULL),
(2576, 34, 2, 2, 128, 300, NULL, 0, 0, 0, NULL),
(2577, 34, 2, 2, 116, 300, NULL, 0, 0, 0, NULL),
(2578, 34, 2, 2, 881, 300, NULL, 0, 0, 0, NULL),
(2579, 34, 2, 2, 119, 200, NULL, 0, 0, 0, NULL),
(2580, 34, 3, 1, 989, 200, 100, 0, 0, 0, NULL),
(2581, 34, 3, 1, 990, 300, 300, 0, 0, 0, NULL),
(2582, 34, 3, 1, 956, 300, NULL, 0, 0, 0, NULL),
(2583, 34, 3, 1, 798, 300, NULL, 0, 0, 0, NULL),
(2584, 34, 3, 1, 129, 300, NULL, 0, 0, 0, NULL),
(2585, 34, 3, 1, 958, 300, NULL, 0, 0, 0, NULL),
(2586, 34, 3, 1, 959, 300, NULL, 0, 0, 0, NULL),
(2587, 34, 3, 2, 991, 200, 100, 0, 0, 0, NULL),
(2588, 34, 3, 2, 992, 300, 300, 0, 0, 0, NULL),
(2589, 34, 3, 2, 115, 300, NULL, 0, 0, 0, NULL),
(2590, 34, 3, 2, 962, 300, NULL, 0, 0, 0, NULL),
(2591, 34, 3, 2, 963, 300, NULL, 0, 0, 0, NULL),
(2592, 34, 3, 2, 964, 300, NULL, 0, 0, 0, NULL),
(2593, 34, 3, 2, 965, 300, NULL, 0, 0, 0, NULL),
(2594, 34, 4, 1, 966, NULL, 1000, 0, 0, 0, NULL),
(2595, 34, 4, 1, 968, 100, NULL, 0, 0, 0, NULL),
(2596, 34, 4, 2, 970, NULL, 1000, 0, 0, 0, NULL),
(2597, 34, 4, 2, 971, 100, NULL, 0, 0, 0, NULL),
(2605, 30, 3, 1, 977, 300, NULL, 0, 0, 0, NULL),
(2606, 30, 3, 1, 1139, 100, 200, 0, 0, 0, NULL),
(2607, 32, 1, 2, 1427, 300, 300, 0, 0, 0, NULL),
(2608, 32, 2, 2, 952, 200, 100, 0, 0, 0, NULL),
(2609, 32, 2, 2, 953, 300, 300, 0, 0, 0, NULL),
(2610, 32, 3, 1, 954, 200, 100, 0, 0, 0, NULL),
(2611, 32, 3, 1, 955, 300, 300, 0, 0, 0, NULL),
(2613, 32, 3, 2, 1428, 300, 300, 0, 0, 0, NULL),
(2614, 32, 3, 2, 960, 200, 100, 0, 0, 0, NULL),
(2615, 33, 3, 2, 960, 200, 100, 0, 0, 0, NULL),
(2616, 40, 2, 2, 1008, 300, 300, 0, 0, 0, NULL),
(2617, 17, 2, 2, 279, 500, NULL, 0, 0, 0, NULL),
(2618, 17, 2, 2, 899, 300, NULL, 0, 0, 0, NULL),
(2619, 27, 4, 1, 1306, 400, 100, 0, 0, 0, NULL),
(2620, 25, 2, 1, 116, 300, NULL, 0, 0, 0, NULL),
(2621, 25, 2, 2, 798, 300, NULL, 0, 0, 0, NULL),
(2622, 15, 1, 2, 831, 300, NULL, 0, 0, 0, NULL),
(2623, 15, 2, 1, 772, 0, 100, 0, 0, 0, NULL),
(2624, 15, 2, 1, 773, 200, 0, 0, 0, 0, NULL),
(2625, 15, 2, 1, 1473, 0, 100, 0, 0, 0, NULL),
(2626, 15, 2, 1, 1472, 200, 0, 0, 0, 0, NULL),
(2627, 15, 2, 1, 1475, 0, 100, 0, 0, 0, NULL),
(2628, 15, 2, 1, 1474, 200, 0, 0, 0, 0, NULL),
(2629, 3, 2, 2, 100, 300, NULL, 0, 0, 0, NULL),
(2630, 13, 1, 1, 1480, 300, 0, 0, 0, 0, NULL);

-- --------------------------------------------------------

--
-- Table structure for table `question_category_table`
--

CREATE TABLE `question_category_table` (
  `id` int(11) NOT NULL,
  `title` varchar(255) NOT NULL,
  `description` text NOT NULL
) ENGINE=InnoDB DEFAULT CHARSET=utf8mb4 COLLATE=utf8mb4_general_ci;

--
-- Dumping data for table `question_category_table`
--

INSERT INTO `question_category_table` (`id`, `title`, `description`) VALUES
(1, 'Management of Teaching and Learning', 'Management of Teaching and Learning refers to the intentional and organized handling of classroom presence, clear communication of academic expectations, efficient use of time, and the purposeful use of student-centered activities that promote critical thinking, independent learning, reflection, decision-making, and continuous academic improvement through constructive feedback'),
(2, 'Content Knowledge, Pedagogy and Technology', 'Content Knowledge, Pedagogy, and Technology refer to a teacher\'s ability to demonstrate a strong grasp of subject matter, present complex concepts in a clear and accessible way, relate content to real-world contexts and current developments, engage students through appropriate instructional strategies and digital tools, and apply assessment  methods aligned with intending learning outcomes');

-- --------------------------------------------------------

--
-- Table structure for table `question_table`
--

CREATE TABLE `question_table` (
  `id` int(11) NOT NULL,
  `category` int(11) NOT NULL,
  `question_description` varchar(255) NOT NULL,
  `first_choice` varchar(255) NOT NULL,
  `second_choice` varchar(255) NOT NULL,
  `third_choice` varchar(255) NOT NULL,
  `fourth_choice` varchar(255) NOT NULL,
  `fifth_choice` varchar(255) NOT NULL
) ENGINE=InnoDB DEFAULT CHARSET=utf8mb4 COLLATE=utf8mb4_general_ci;

--
-- Dumping data for table `question_table`
--

INSERT INTO `question_table` (`id`, `category`, `question_description`, `first_choice`, `second_choice`, `third_choice`, `fourth_choice`, `fifth_choice`) VALUES
(7, 1, 'Comes to class on time', '5', '4', '3', '2', '1'),
(8, 1, 'Explains learning outcomes, expectations, grading system, and various requirements of the subjetc/course.', '5', '4', '3', '2', '1'),
(9, 1, 'Maximizes the allocated time/learning hours effectively.', '5', '4', '3', '2', '1'),
(10, 2, 'The instructor uses examples or demonstrations that help me learn.', '1', '2', '3', '4', '5'),
(11, 2, 'The instructor explains concepts clearly and in an understandable manne', '1', '2', '3', '4', '5'),
(12, 2, 'The instructor is knowledgeable about the course content.', '1', '2', '3', '4', '5'),
(13, 2, 'The instructor provides feedback that helps me improve.', '1', '2', '3', '4', '5'),
(14, 2, 'The instructor encourages students to ask questions and participate.', '1', '2', '3', '4', '5'),
(15, 1, 'Facilitates students to think critically and creatively by providing appropriate learning activities', '5', '4', '3', '2', '1'),
(16, 1, 'Guides students to learn on their own, reflect on new ideas and experiences, and make decisions in accomplishing given tasks', '5', '4', '3', '2', '1'),
(17, 1, 'Communicates constructive feedback to students for their academic growth', '5', '4', '3', '2', '1'),
(18, 2, 'Demonstrate extensive and broad knowledge of the subject/course', '5', '4', '3', '2', '1'),
(19, 2, 'Simplifies complex ideas in the lesson for ease of understanding', '5', '4', '3', '2', '1'),
(20, 2, 'Relates the subject matter to the contemporary issues and developments in the discipline and/or  daily life activities', '5', '4', '3', '2', '1'),
(21, 2, 'Promotes active learning and student engagement by using appropriate teaching and learning resources including ICT tools and platforms', '5', '4', '3', '2', '1'),
(22, 2, 'Uses appropriate assessments  (projects, exams, quizzes, assignments, etc.) aligned with the learning outcomes', '5', '4', '3', '2', '1');

-- --------------------------------------------------------

--
-- Table structure for table `requirements_table`
--

CREATE TABLE `requirements_table` (
  `id` int(11) NOT NULL,
  `description` varchar(255) NOT NULL,
  `short_label` varchar(255) DEFAULT NULL,
  `label` varchar(255) DEFAULT NULL,
  `category` varchar(50) DEFAULT 'Regular',
  `is_verifiable` tinyint(1) DEFAULT 1
) ENGINE=InnoDB DEFAULT CHARSET=utf8mb4 COLLATE=utf8mb4_general_ci;

--
-- Dumping data for table `requirements_table`
--

INSERT INTO `requirements_table` (`id`, `description`, `short_label`, `label`, `category`, `is_verifiable`) VALUES
(1, 'PSA Birth Certificate', 'PSA', NULL, 'Regular', 1),
(2, 'Form 138 (4th Quarter / No failing Grades)', 'F138', NULL, 'Regular', 1),
(3, 'Certificate of Good Moral Character', 'CGMC', NULL, 'Regular', 1),
(4, 'Certificate belonging to Graduating Class', 'CBGC', NULL, 'Regular', 1),
(5, 'Copy of Vaccine Card (1st and 2nd Dose)', 'CVC', NULL, 'Medical', 1);

-- --------------------------------------------------------

--
-- Table structure for table `requirement_uploads`
--

CREATE TABLE `requirement_uploads` (
  `upload_id` int(11) NOT NULL,
  `requirements_id` int(11) NOT NULL,
  `person_id` int(11) NOT NULL,
  `submitted_documents` int(11) DEFAULT NULL,
  `file_path` varchar(255) NOT NULL,
  `original_name` varchar(100) DEFAULT NULL,
  `remarks` varchar(255) DEFAULT NULL,
  `status` int(11) DEFAULT NULL,
  `document_status` varchar(255) DEFAULT NULL,
  `missing_documents` varchar(255) DEFAULT NULL,
  `registrar_status` int(11) DEFAULT NULL,
  `created_at` datetime DEFAULT current_timestamp(),
  `last_updated_by` int(11) DEFAULT NULL
) ENGINE=InnoDB DEFAULT CHARSET=latin1 COLLATE=latin1_swedish_ci;

--
-- Dumping data for table `requirement_uploads`
--

INSERT INTO `requirement_uploads` (`upload_id`, `requirements_id`, `person_id`, `submitted_documents`, `file_path`, `original_name`, `remarks`, `status`, `document_status`, `missing_documents`, `registrar_status`, `created_at`, `last_updated_by`) VALUES
(1, 1, 1, NULL, '2025100001_PSA_2025.jpg', '594356692_1350671940405508_2882115776391298937_n.jpg', NULL, 1, 'Documents Verified & ECAT', NULL, NULL, '2025-12-02 14:21:56', NULL),
(2, 2, 1, NULL, '2025100001_F138_2025.webp', '594310936_1970981603838297_2798307342816336025_n.webp', NULL, 1, 'Documents Verified & ECAT', NULL, NULL, '2025-12-02 14:22:52', NULL),
(3, 3, 1, NULL, '2025100001_CGMC_2025.png', '594039884_877176391537851_4730275361593935458_n.png', NULL, 1, 'Documents Verified & ECAT', NULL, NULL, '2025-12-02 14:23:05', NULL),
(4, 4, 1, NULL, '2025100001_CBGC_2025.jpg', '438246372_1112634963353842_3477992500473611072_n.jpg', NULL, 1, 'Documents Verified & ECAT', NULL, NULL, '2025-12-02 14:23:28', NULL),
(5, 5, 1, NULL, '2025100001_CVC_2025.jpg', '590437545_4218540075079399_2149840376645997838_n.jpg', NULL, 1, 'Documents Verified & ECAT', NULL, NULL, '2025-12-02 14:23:37', NULL),
(6, 2, 4, NULL, '2025100004_F138_2025.webp', 'FORM 138.webp', NULL, 1, 'Documents Verified & ECAT', NULL, NULL, '2025-12-02 14:17:44', NULL),
(7, 3, 4, NULL, '2025100004_CGMC_2025.png', 'GOOD MORAL.png', NULL, 1, 'Documents Verified & ECAT', NULL, NULL, '2025-12-02 14:17:49', NULL),
(8, 1, 4, NULL, '2025100004_PSA_2025.jpg', 'BIRTHCERT.jpg', NULL, 1, 'Documents Verified & ECAT', NULL, NULL, '2025-12-02 14:17:51', NULL),
(9, 4, 4, NULL, '2025100004_CBGC_2025.jpg', 'GRADUATE DIPLOMA.jpg', NULL, 1, 'Documents Verified & ECAT', NULL, NULL, '2025-12-02 14:19:53', NULL),
(10, 5, 4, NULL, '2025100004_CVC_2025.jpg', 'VACCINE CARD.jpg', NULL, 1, 'Documents Verified & ECAT', NULL, NULL, '2025-12-02 14:20:02', NULL),
(11, 1, 14, NULL, '2025100014_PSA_2025.jpg', '594356692_1350671940405508_2882115776391298937_n.jpg', NULL, 1, 'Documents Verified & ECAT', NULL, NULL, '2025-12-02 15:24:24', NULL),
(12, 2, 14, NULL, '2025100014_F138_2025.webp', '594310936_1970981603838297_2798307342816336025_n.webp', NULL, 1, 'Documents Verified & ECAT', NULL, NULL, '2025-12-02 15:24:32', NULL),
(13, 3, 14, NULL, '2025100014_CGMC_2025.png', '594039884_877176391537851_4730275361593935458_n.png', NULL, 1, 'Documents Verified & ECAT', NULL, NULL, '2025-12-02 15:24:35', NULL),
(14, 4, 14, NULL, '2025100014_CBGC_2025.jpg', '438246372_1112634963353842_3477992500473611072_n.jpg', NULL, 1, 'Documents Verified & ECAT', NULL, NULL, '2025-12-02 15:24:38', NULL),
(15, 5, 14, NULL, '2025100014_CVC_2025.jpg', '590437545_4218540075079399_2149840376645997838_n.jpg', NULL, 1, 'Documents Verified & ECAT', NULL, NULL, '2025-12-02 15:24:41', NULL),
(16, 1, 21, NULL, '2025100021_PSA_2025.jpg', 'BIRTHCERT.jpg', NULL, 1, 'Documents Verified & ECAT', NULL, NULL, '2025-12-02 16:15:55', NULL),
(17, 4, 21, NULL, '2025100021_CBGC_2025.jpg', 'GRADUATE DIPLOMA.jpg', NULL, 1, 'Documents Verified & ECAT', NULL, NULL, '2025-12-02 16:16:32', NULL),
(18, 5, 21, NULL, '2025100021_CVC_2025.jpg', 'VACCINE CARD.jpg', NULL, 1, 'Documents Verified & ECAT', NULL, NULL, '2025-12-02 16:16:35', NULL),
(19, 3, 21, NULL, '2025100021_CGMC_2025.png', 'GOOD MORAL.png', NULL, 1, 'Documents Verified & ECAT', NULL, NULL, '2025-12-02 16:16:36', NULL),
(20, 2, 21, NULL, '2025100021_F138_2025.jpg', 'download (1).jpg', NULL, 1, 'Documents Verified & ECAT', NULL, NULL, '2025-12-02 16:19:00', NULL),
(21, 1, 11, NULL, '2025100011_PSA_2025.jpg', 'BIRTH CERT.jpg', NULL, 1, 'Documents Verified & ECAT', NULL, NULL, '2025-12-02 15:34:33', NULL),
(22, 2, 11, NULL, '2025100011_F138_2025.pdf', 'Sumalabe-Lendhy-Andrey-D..pdf', NULL, 1, 'Documents Verified & ECAT', NULL, NULL, '2025-12-02 15:34:45', NULL),
(23, 3, 11, NULL, '2025100011_CGMC_2025.jpg', 'GOOD MORAL.jpg', NULL, 1, 'Documents Verified & ECAT', NULL, NULL, '2025-12-02 15:34:49', NULL),
(24, 4, 11, NULL, '2025100011_CBGC_2025.jpg', '438246372_1112634963353842_3477992500473611072_n.jpg', NULL, 1, 'Documents Verified & ECAT', NULL, NULL, '2025-12-02 15:34:52', NULL),
(25, 5, 11, NULL, '2025100011_CVC_2025.jpg', 'VACCINATION CARD.jpg', NULL, 1, 'Documents Verified & ECAT', NULL, NULL, '2025-12-02 15:34:58', NULL),
(26, 1, 24, NULL, '2025100024_PSA_2025.jpg', 'BIRTHCERT.jpg', NULL, 1, 'Documents Verified & ECAT', NULL, NULL, '2025-12-02 17:29:17', NULL),
(27, 3, 24, NULL, '2025100024_CGMC_2025.png', 'GOOD MORAL.png', NULL, 1, 'Documents Verified & ECAT', NULL, NULL, '2025-12-02 17:29:36', NULL),
(28, 5, 24, NULL, '2025100024_CVC_2025.jpg', 'VACCINE CARD.jpg', NULL, 1, 'Documents Verified & ECAT', NULL, NULL, '2025-12-02 17:29:53', NULL),
(29, 1, 24, NULL, '2025100024_PSA_2025.jpg', 'BIRTHCERT.jpg', NULL, 1, 'Documents Verified & ECAT', NULL, NULL, '2025-12-02 17:29:17', NULL),
(30, 2, 24, NULL, '2025100024_F138_2025.jpg', 'download (1).jpg', NULL, 1, 'Documents Verified & ECAT', NULL, NULL, '2025-12-02 17:30:04', NULL),
(31, 3, 24, NULL, '2025100024_CGMC_2025.png', 'GOOD MORAL.png', NULL, 1, 'Documents Verified & ECAT', NULL, NULL, '2025-12-02 17:29:36', NULL),
(32, 4, 24, NULL, '2025100024_CBGC_2025.jpg', 'GRADUATE DIPLOMA.jpg', NULL, 1, 'Documents Verified & ECAT', NULL, NULL, '2025-12-02 17:30:08', NULL),
(33, 5, 24, NULL, '2025100024_CVC_2025.jpg', 'VACCINE CARD.jpg', NULL, 1, 'Documents Verified & ECAT', NULL, NULL, '2025-12-02 17:29:53', NULL),
(34, 2, 24, NULL, '2025100024_F138_2025.jpg', 'download (1).jpg', NULL, 1, 'Documents Verified & ECAT', NULL, NULL, '2025-12-02 17:30:04', NULL),
(35, 4, 24, NULL, '2025100024_CBGC_2025.jpg', 'GRADUATE DIPLOMA.jpg', NULL, 1, 'Documents Verified & ECAT', NULL, NULL, '2025-12-02 17:30:08', NULL),
(36, 1, 15, NULL, '2025100015_PSA_2025.jpg', 'BIRTHCERT.jpg', NULL, 1, 'Documents Verified & ECAT', NULL, NULL, '2025-12-02 15:30:02', NULL),
(37, 2, 15, NULL, '2025100015_F138_2025.webp', 'FORM 138.webp', NULL, 1, 'Documents Verified & ECAT', NULL, NULL, '2025-12-02 15:30:40', NULL),
(38, 4, 15, NULL, '2025100015_CBGC_2025.jpg', 'GRADUATE DIPLOMA.jpg', NULL, 1, 'Documents Verified & ECAT', NULL, NULL, '2025-12-02 15:31:19', NULL),
(39, 5, 15, NULL, '2025100015_CVC_2025.jpg', 'VACCINE CARD.jpg', NULL, 1, 'Documents Verified & ECAT', NULL, NULL, '2025-12-02 15:31:32', NULL),
(40, 3, 15, NULL, '2025100015_CGMC_2025.png', 'GOOD MORAL.png', NULL, 1, 'Documents Verified & ECAT', NULL, NULL, '2025-12-02 15:31:32', NULL),
(41, 1, 18, NULL, '2025100018_PSA_2025.jpg', '594356692_1350671940405508_2882115776391298937_n.jpg', NULL, 1, 'Documents Verified & ECAT', NULL, NULL, '2025-12-02 15:36:59', NULL),
(42, 2, 18, NULL, '2025100018_F138_2025.webp', '594310936_1970981603838297_2798307342816336025_n.webp', NULL, 1, 'Documents Verified & ECAT', NULL, NULL, '2025-12-02 15:37:05', NULL),
(43, 3, 18, NULL, '2025100018_CGMC_2025.png', '594039884_877176391537851_4730275361593935458_n.png', NULL, 1, 'Documents Verified & ECAT', NULL, NULL, '2025-12-02 15:37:18', NULL),
(44, 4, 18, NULL, '2025100018_CBGC_2025.jpg', '438246372_1112634963353842_3477992500473611072_n.jpg', NULL, 1, 'Documents Verified & ECAT', NULL, NULL, '2025-12-02 15:37:22', NULL),
(45, 5, 18, NULL, '2025100018_CVC_2025.jpg', '590437545_4218540075079399_2149840376645997838_n.jpg', NULL, 1, 'Documents Verified & ECAT', NULL, NULL, '2025-12-02 15:37:25', NULL),
(46, 4, 20, NULL, '2025100020_CBGC_2025.jpg', '438246372_1112634963353842_3477992500473611072_n.jpg', NULL, 1, 'Documents Verified & ECAT', NULL, NULL, '2025-12-02 16:12:13', NULL),
(47, 1, 20, NULL, '2025100020_PSA_2025.jpg', 'BIRTH CERT.jpg', NULL, 1, 'Documents Verified & ECAT', NULL, NULL, '2025-12-02 16:19:28', NULL),
(48, 2, 20, NULL, '2025100020_F138_2025.pdf', 'Sumalabe-Lendhy-Andrey-D..pdf', NULL, 1, 'Documents Verified & ECAT', NULL, NULL, '2025-12-02 16:19:35', NULL),
(49, 3, 20, NULL, '2025100020_CGMC_2025.jpg', 'GOOD MORAL.jpg', NULL, 1, 'Documents Verified & ECAT', NULL, NULL, '2025-12-02 16:19:38', NULL),
(50, 5, 20, NULL, '2025100020_CVC_2025.jpg', 'VACCINATION CARD.jpg', NULL, 1, 'Documents Verified & ECAT', NULL, NULL, '2025-12-02 16:19:47', NULL),
(51, 1, 2, NULL, '2025100002_PSA_2025.jpg', 'Birthcert.jpg', NULL, 1, 'Documents Verified & ECAT', NULL, NULL, '2025-12-02 14:23:25', NULL),
(52, 2, 2, NULL, '2025100002_F138_2025.webp', 'report card.webp', NULL, 1, 'Documents Verified & ECAT', NULL, NULL, '2025-12-02 14:24:28', NULL),
(53, 4, 2, NULL, '2025100002_CBGC_2025.jpg', 'diploma.jpg', NULL, 1, 'Documents Verified & ECAT', NULL, NULL, '2025-12-02 14:25:03', NULL),
(54, 3, 2, NULL, '2025100002_CGMC_2025.png', 'goodmoral.png', NULL, 1, 'Documents Verified & ECAT', NULL, NULL, '2025-12-02 14:25:03', NULL),
(55, 5, 2, NULL, '2025100002_CVC_2025.jpg', 'vaccine card.jpg', NULL, 1, 'Documents Verified & ECAT', NULL, NULL, '2025-12-02 14:25:12', NULL),
(56, 1, 10, NULL, '2025100010_PSA_2025.jpg', '594356692_1350671940405508_2882115776391298937_n.jpg', NULL, 1, 'Documents Verified & ECAT', NULL, NULL, '2025-12-02 15:09:31', NULL),
(57, 2, 10, NULL, '2025100010_F138_2025.webp', '594310936_1970981603838297_2798307342816336025_n.webp', NULL, 1, 'Documents Verified & ECAT', NULL, NULL, '2025-12-02 15:09:41', NULL),
(58, 3, 10, NULL, '2025100010_CGMC_2025.png', '594039884_877176391537851_4730275361593935458_n.png', NULL, 1, 'Documents Verified & ECAT', NULL, NULL, '2025-12-02 15:09:46', NULL),
(59, 4, 10, NULL, '2025100010_CBGC_2025.jpg', '438246372_1112634963353842_3477992500473611072_n.jpg', NULL, 1, 'Documents Verified & ECAT', NULL, NULL, '2025-12-02 15:09:49', NULL),
(60, 5, 10, NULL, '2025100010_CVC_2025.jpg', '590437545_4218540075079399_2149840376645997838_n.jpg', NULL, 1, 'Documents Verified & ECAT', NULL, NULL, '2025-12-02 15:09:54', NULL),
(61, 1, 8, NULL, '2025100008_PSA_2025.jpg', 'BIRTHCERT.jpg', NULL, 1, 'Documents Verified & ECAT', NULL, NULL, '2025-12-02 14:38:22', NULL),
(62, 2, 8, NULL, '2025100008_F138_2025.webp', 'FORM 138.webp', NULL, 1, 'Documents Verified & ECAT', NULL, NULL, '2025-12-02 14:38:32', NULL),
(63, 3, 8, NULL, '2025100008_CGMC_2025.png', 'GOOD MORAL.png', NULL, 1, 'Documents Verified & ECAT', NULL, NULL, '2025-12-02 14:38:37', NULL),
(64, 4, 8, NULL, '2025100008_CBGC_2025.jpg', 'GRADUATE DIPLOMA.jpg', NULL, 1, 'Documents Verified & ECAT', NULL, NULL, '2025-12-02 14:38:41', NULL),
(65, 5, 8, NULL, '2025100008_CVC_2025.jpg', 'VACCINE CARD.jpg', NULL, 1, 'Documents Verified & ECAT', NULL, NULL, '2025-12-02 14:38:47', NULL),
(66, 1, 19, NULL, '2025100019_PSA_2025.jpg', '594356692_1350671940405508_2882115776391298937_n.jpg', NULL, 1, 'Documents Verified & ECAT', NULL, NULL, '2025-12-02 15:57:37', NULL),
(67, 2, 19, NULL, '2025100019_F138_2025.webp', '594310936_1970981603838297_2798307342816336025_n.webp', NULL, 1, 'Documents Verified & ECAT', NULL, NULL, '2025-12-02 15:57:46', NULL),
(68, 3, 19, NULL, '2025100019_CGMC_2025.png', '594039884_877176391537851_4730275361593935458_n.png', NULL, 1, 'Documents Verified & ECAT', NULL, NULL, '2025-12-02 15:57:50', NULL),
(69, 4, 19, NULL, '2025100019_CBGC_2025.jpg', '438246372_1112634963353842_3477992500473611072_n.jpg', NULL, 1, 'Documents Verified & ECAT', NULL, NULL, '2025-12-02 15:57:53', NULL),
(70, 1, 13, NULL, '2025100013_PSA_2025.jpg', 'Birthcert.jpg', NULL, 1, 'Documents Verified & ECAT', NULL, NULL, '2025-12-02 15:16:25', NULL),
(71, 2, 13, NULL, '2025100013_F138_2025.webp', 'report card.webp', NULL, 1, 'Documents Verified & ECAT', NULL, NULL, '2025-12-02 15:16:35', NULL),
(72, 3, 13, NULL, '2025100013_CGMC_2025.png', 'goodmoral.png', NULL, 1, 'Documents Verified & ECAT', NULL, NULL, '2025-12-02 15:16:41', NULL),
(73, 4, 13, NULL, '2025100013_CBGC_2025.jpg', 'diploma.jpg', NULL, 1, 'Documents Verified & ECAT', NULL, NULL, '2025-12-02 15:16:52', NULL),
(74, 5, 13, NULL, '2025100013_CVC_2025.jpg', 'vaccine card.jpg', NULL, 1, 'Documents Verified & ECAT', NULL, NULL, '2025-12-02 15:17:05', NULL),
(75, 1, 12, NULL, '2025100012_PSA_2025.jpg', 'BIRTHCERT.jpg', NULL, 1, 'Documents Verified & ECAT', NULL, NULL, '2025-12-02 15:07:14', NULL),
(76, 3, 12, NULL, '2025100012_CGMC_2025.png', 'GOOD MORAL.png', NULL, 1, 'Documents Verified & ECAT', NULL, NULL, '2025-12-02 15:07:37', NULL),
(77, 4, 12, NULL, '2025100012_CBGC_2025.jpg', 'GRADUATE DIPLOMA.jpg', NULL, 1, 'Documents Verified & ECAT', NULL, NULL, '2025-12-02 15:07:51', NULL),
(78, 2, 12, NULL, '2025100012_F138_2025.webp', 'FORM 138.webp', NULL, 1, 'Documents Verified & ECAT', NULL, NULL, '2025-12-02 15:08:05', NULL),
(79, 5, 12, NULL, '2025100012_CVC_2025.jpg', 'VACCINE CARD.jpg', NULL, 1, 'Documents Verified & ECAT', NULL, NULL, '2025-12-02 15:08:17', NULL),
(80, 2, 3, NULL, '2025100003_F138_2025.jpg', 'GR 12 GRADES (1ST SEM).jpg', NULL, 1, 'Documents Verified & ECAT', NULL, NULL, '2025-12-02 14:09:35', NULL),
(81, 5, 3, NULL, '2025100003_CVC_2025.jpg', 'VACCINATION CARD.jpg', NULL, 1, 'Documents Verified & ECAT', NULL, NULL, '2025-12-02 14:10:07', NULL),
(82, 1, 3, NULL, '2025100003_PSA_2025.jpg', 'BIRTH CERT.jpg', NULL, 1, 'Documents Verified & ECAT', NULL, NULL, '2025-12-02 14:12:31', NULL),
(83, 3, 3, NULL, '2025100003_CGMC_2025.jpg', 'GOOD MORAL.jpg', NULL, 1, 'Documents Verified & ECAT', NULL, NULL, '2025-12-02 14:12:34', NULL),
(84, 4, 3, NULL, '2025100003_CBGC_2025.jpg', '438246372_1112634963353842_3477992500473611072_n.jpg', NULL, 1, 'Documents Verified & ECAT', NULL, NULL, '2025-12-02 14:13:45', NULL),
(85, 1, 17, NULL, '2025100017_PSA_2025.jpg', 'Birthcert.jpg', NULL, 1, 'Documents Verified & ECAT', NULL, NULL, '2025-12-02 15:34:37', NULL),
(86, 2, 17, NULL, '2025100017_F138_2025.webp', 'report card.webp', NULL, 1, 'Documents Verified & ECAT', NULL, NULL, '2025-12-02 15:34:56', NULL),
(87, 3, 17, NULL, '2025100017_CGMC_2025.png', 'goodmoral.png', NULL, 1, 'Documents Verified & ECAT', NULL, NULL, '2025-12-02 15:35:01', NULL),
(88, 4, 17, NULL, '2025100017_CBGC_2025.jpg', 'diploma.jpg', NULL, 1, 'Documents Verified & ECAT', NULL, NULL, '2025-12-02 15:35:14', NULL),
(89, 5, 17, NULL, '2025100017_CVC_2025.jpg', 'vaccine card.jpg', NULL, 1, 'Documents Verified & ECAT', NULL, NULL, '2025-12-02 15:35:19', NULL),
(90, 1, 7, NULL, '2025100007_PSA_2025.jpg', 'BIRTH CERT.jpg', NULL, 1, 'Documents Verified & ECAT', NULL, NULL, '2025-12-02 14:37:03', NULL),
(91, 2, 7, NULL, '2025100007_F138_2025.pdf', 'Sumalabe-Lendhy-Andrey-D..pdf', NULL, 1, 'Documents Verified & ECAT', NULL, NULL, '2025-12-02 14:37:23', NULL),
(92, 4, 7, NULL, '2025100007_CBGC_2025.jpg', '438246372_1112634963353842_3477992500473611072_n.jpg', NULL, 1, 'Documents Verified & ECAT', NULL, NULL, '2025-12-02 14:37:40', NULL),
(93, 3, 7, NULL, '2025100007_CGMC_2025.jpg', 'GOOD MORAL.jpg', NULL, 1, 'Documents Verified & ECAT', NULL, NULL, '2025-12-02 14:38:13', NULL),
(94, 5, 7, NULL, '2025100007_CVC_2025.jpg', 'VACCINATION CARD.jpg', NULL, 1, 'Documents Verified & ECAT', NULL, NULL, '2025-12-02 14:38:19', NULL),
(95, 1, 9, NULL, '2025100009_PSA_2025.jpg', 'Birthcert.jpg', NULL, 1, 'Documents Verified & ECAT', NULL, NULL, '2025-12-02 15:05:16', NULL),
(96, 2, 9, NULL, '2025100009_F138_2025.webp', 'report card.webp', NULL, 1, 'Documents Verified & ECAT', NULL, NULL, '2025-12-02 15:05:38', NULL),
(97, 3, 9, NULL, '2025100009_CGMC_2025.png', 'goodmoral.png', NULL, 1, 'Documents Verified & ECAT', NULL, NULL, '2025-12-02 15:05:43', NULL),
(98, 4, 9, NULL, '2025100009_CBGC_2025.jpg', 'diploma.jpg', NULL, 1, 'Documents Verified & ECAT', NULL, NULL, '2025-12-02 15:05:47', NULL),
(99, 5, 9, NULL, '2025100009_CVC_2025.jpg', 'vaccine card.jpg', NULL, 1, 'Documents Verified & ECAT', NULL, NULL, '2025-12-02 15:05:58', NULL),
(100, 4, 22, NULL, '2025100022_CBGC_2025.jpg', 'diploma.jpg', NULL, 1, 'Documents Verified & ECAT', NULL, NULL, '2025-12-02 16:03:32', NULL),
(101, 2, 22, NULL, '2025100022_F138_2025.webp', 'report card.webp', NULL, 1, 'Documents Verified & ECAT', NULL, NULL, '2025-12-02 16:03:32', NULL),
(102, 1, 22, NULL, '2025100022_PSA_2025.jpg', 'Birthcert.jpg', NULL, 1, 'Documents Verified & ECAT', NULL, NULL, '2025-12-02 16:03:32', NULL),
(103, 3, 22, NULL, '2025100022_CGMC_2025.png', 'goodmoral.png', NULL, 1, 'Documents Verified & ECAT', NULL, NULL, '2025-12-02 16:04:23', NULL),
(104, 5, 22, NULL, '2025100022_CVC_2025.jpg', 'vaccine card.jpg', NULL, 1, 'Documents Verified & ECAT', NULL, NULL, '2025-12-02 16:04:41', NULL),
(105, 5, 16, NULL, '2025100016_CVC_2025.jpg', 'vaccination.jpg', NULL, 1, 'Documents Verified & ECAT', NULL, NULL, '2025-12-02 16:04:15', NULL),
(106, 3, 16, NULL, '2025100016_CGMC_2025.png', 'goodmoral.png', NULL, 1, 'Documents Verified & ECAT', NULL, NULL, '2025-12-02 16:04:25', NULL),
(107, 4, 16, NULL, '2025100016_CBGC_2025.png', 'form138.png', NULL, 1, 'Documents Verified & ECAT', NULL, NULL, '2025-12-02 16:04:47', NULL),
(108, 2, 16, NULL, '2025100016_F138_2025.png', 'form138.png', NULL, 1, 'Documents Verified & ECAT', NULL, NULL, '2025-12-02 16:04:53', NULL),
(109, 1, 16, NULL, '2025100016_PSA_2025.jpg', 'birthcert.jpg', NULL, 1, 'Documents Verified & ECAT', NULL, NULL, '2025-12-02 16:05:01', NULL),
(110, 1, 5, NULL, '2025100005_PSA_2025.jpg', 'birthcert.jpg', NULL, 1, 'Documents Verified & ECAT', NULL, NULL, '2025-12-02 15:08:54', NULL),
(111, 2, 5, NULL, '2025100005_F138_2025.png', 'form138.png', NULL, 1, 'Documents Verified & ECAT', NULL, NULL, '2025-12-02 15:11:17', NULL),
(112, 3, 5, NULL, '2025100005_CGMC_2025.png', 'goodmoral.png', NULL, 1, 'Documents Verified & ECAT', NULL, NULL, '2025-12-02 15:11:22', NULL),
(113, 4, 5, NULL, '2025100005_CBGC_2025.jpg', 'graduationcert.jpg', NULL, 1, 'Documents Verified & ECAT', NULL, NULL, '2025-12-02 15:11:30', NULL),
(114, 5, 5, NULL, '2025100005_CVC_2025.png', 'form138.png', NULL, 1, 'Documents Verified & ECAT', NULL, NULL, '2025-12-02 15:13:32', NULL),
(115, 1, 27, NULL, '2025100027_PSA_2025.jpg', 'Birthcert.jpg', NULL, 1, 'Documents Verified & ECAT', NULL, NULL, '2025-12-03 16:18:48', NULL),
(116, 2, 27, NULL, '2025100027_F138_2025.jpg', 'Form 138.jpg', NULL, 1, 'Documents Verified & ECAT', NULL, NULL, '2025-12-03 16:18:56', NULL),
(117, 3, 27, NULL, '2025100027_CGMC_2025.jpg', 'Cert Good Moral.jpg', NULL, 1, 'Documents Verified & ECAT', NULL, NULL, '2025-12-03 16:19:02', NULL),
(118, 4, 27, NULL, '2025100027_CBGC_2025.jpg', 'Diploma.jpg', NULL, 1, 'Documents Verified & ECAT', NULL, NULL, '2025-12-03 16:19:10', NULL),
(119, 1, 25, NULL, '2025100025_PSA_2025.jpg', 'birthcert.jpg', NULL, 1, 'Documents Verified & ECAT', NULL, NULL, '2025-12-03 16:16:55', NULL),
(120, 2, 25, NULL, '2025100025_F138_2025.jpg', 'f137.jpg', NULL, 1, 'Documents Verified & ECAT', NULL, NULL, '2025-12-03 16:17:50', NULL),
(121, 3, 25, NULL, '2025100025_CGMC_2025.png', 'good moral.png', NULL, 1, 'Documents Verified & ECAT', NULL, NULL, '2025-12-03 16:18:01', NULL),
(122, 4, 25, NULL, '2025100025_CBGC_2025.jpg', 'certificate.jpg', NULL, 1, 'Documents Verified & ECAT', NULL, NULL, '2025-12-03 16:18:08', NULL),
(123, 5, 25, NULL, '2025100025_CVC_2025.jpg', 'vacc card.jpg', NULL, 1, 'Documents Verified & ECAT', NULL, NULL, '2025-12-03 16:18:17', NULL),
(124, 1, 27, NULL, '2025100027_PSA_2025.jpg', 'Birthcert.jpg', NULL, 1, 'Documents Verified & ECAT', NULL, NULL, '2025-12-03 16:18:48', NULL),
(125, 2, 27, NULL, '2025100027_F138_2025.jpg', 'Form 138.jpg', NULL, 1, 'Documents Verified & ECAT', NULL, NULL, '2025-12-03 16:18:56', NULL),
(126, 3, 27, NULL, '2025100027_CGMC_2025.jpg', 'Cert Good Moral.jpg', NULL, 1, 'Documents Verified & ECAT', NULL, NULL, '2025-12-03 16:19:02', NULL),
(127, 4, 27, NULL, '2025100027_CBGC_2025.jpg', 'Diploma.jpg', NULL, 1, 'Documents Verified & ECAT', NULL, NULL, '2025-12-03 16:19:10', NULL),
(128, 1, 26, NULL, '2025100026_PSA_2025.jpg', 'Birthcert.jpg', NULL, 1, 'Documents Verified & ECAT', NULL, NULL, '2025-12-03 16:10:24', NULL),
(129, 2, 26, NULL, '2025100026_F138_2025.jpg', 'Form 138.jpg', NULL, 1, 'Documents Verified & ECAT', NULL, NULL, '2025-12-03 16:10:29', NULL),
(130, 3, 26, NULL, '2025100026_CGMC_2025.jpg', 'Cert Good Moral.jpg', NULL, 1, 'Documents Verified & ECAT', NULL, NULL, '2025-12-03 16:10:36', NULL),
(131, 4, 26, NULL, '2025100026_CBGC_2025.jpg', 'Diploma.jpg', NULL, 1, 'Documents Verified & ECAT', NULL, NULL, '2025-12-03 16:10:44', NULL),
(132, 5, 26, NULL, '2025100026_CVC_2025.jpg', 'Vaccine card.jpg', NULL, 1, 'Documents Verified & ECAT', NULL, NULL, '2025-12-03 16:10:54', NULL),
(133, 1, 25, NULL, '2025100025_PSA_2025.jpg', 'birthcert.jpg', NULL, 1, 'Documents Verified & ECAT', NULL, NULL, '2025-12-03 16:16:55', NULL),
(134, 2, 25, NULL, '2025100025_F138_2025.jpg', 'f137.jpg', NULL, 1, 'Documents Verified & ECAT', NULL, NULL, '2025-12-03 16:17:50', NULL),
(135, 3, 25, NULL, '2025100025_CGMC_2025.png', 'good moral.png', NULL, 1, 'Documents Verified & ECAT', NULL, NULL, '2025-12-03 16:18:01', NULL),
(136, 4, 25, NULL, '2025100025_CBGC_2025.jpg', 'certificate.jpg', NULL, 1, 'Documents Verified & ECAT', NULL, NULL, '2025-12-03 16:18:08', NULL),
(137, 5, 25, NULL, '2025100025_CVC_2025.jpg', 'vacc card.jpg', NULL, 1, 'Documents Verified & ECAT', NULL, NULL, '2025-12-03 16:18:17', NULL),
(138, 1, 27, NULL, '2025100027_PSA_2025.jpg', 'Birthcert.jpg', NULL, 1, 'Documents Verified & ECAT', NULL, NULL, '2025-12-03 16:18:48', NULL),
(139, 2, 27, NULL, '2025100027_F138_2025.jpg', 'Form 138.jpg', NULL, 1, 'Documents Verified & ECAT', NULL, NULL, '2025-12-03 16:18:56', NULL),
(140, 3, 27, NULL, '2025100027_CGMC_2025.jpg', 'Cert Good Moral.jpg', NULL, 1, 'Documents Verified & ECAT', NULL, NULL, '2025-12-03 16:19:02', NULL),
(141, 4, 27, NULL, '2025100027_CBGC_2025.jpg', 'Diploma.jpg', NULL, 1, 'Documents Verified & ECAT', NULL, NULL, '2025-12-03 16:19:10', NULL),
(142, 1, 25, NULL, '2025100025_PSA_2025.jpg', 'birthcert.jpg', NULL, 1, 'Documents Verified & ECAT', NULL, NULL, '2025-12-03 16:16:55', NULL),
(143, 2, 25, NULL, '2025100025_F138_2025.jpg', 'f137.jpg', NULL, 1, 'Documents Verified & ECAT', NULL, NULL, '2025-12-03 16:17:50', NULL),
(144, 3, 25, NULL, '2025100025_CGMC_2025.png', 'good moral.png', NULL, 1, 'Documents Verified & ECAT', NULL, NULL, '2025-12-03 16:18:01', NULL),
(145, 4, 25, NULL, '2025100025_CBGC_2025.jpg', 'certificate.jpg', NULL, 1, 'Documents Verified & ECAT', NULL, NULL, '2025-12-03 16:18:08', NULL),
(146, 5, 25, NULL, '2025100025_CVC_2025.jpg', 'vacc card.jpg', NULL, 1, 'Documents Verified & ECAT', NULL, NULL, '2025-12-03 16:18:17', NULL),
(147, 1, 26, NULL, '2025100026_PSA_2025.jpg', 'Birthcert.jpg', NULL, 1, 'Documents Verified & ECAT', NULL, NULL, '2025-12-03 16:10:24', NULL),
(148, 2, 26, NULL, '2025100026_F138_2025.jpg', 'Form 138.jpg', NULL, 1, 'Documents Verified & ECAT', NULL, NULL, '2025-12-03 16:10:29', NULL),
(149, 3, 26, NULL, '2025100026_CGMC_2025.jpg', 'Cert Good Moral.jpg', NULL, 1, 'Documents Verified & ECAT', NULL, NULL, '2025-12-03 16:10:36', NULL),
(150, 4, 26, NULL, '2025100026_CBGC_2025.jpg', 'Diploma.jpg', NULL, 1, 'Documents Verified & ECAT', NULL, NULL, '2025-12-03 16:10:44', NULL),
(151, 5, 26, NULL, '2025100026_CVC_2025.jpg', 'Vaccine card.jpg', NULL, 1, 'Documents Verified & ECAT', NULL, NULL, '2025-12-03 16:10:54', NULL),
(152, 1, 38, 1, '2025100038_PSA_2026.jpg', 'ARDEN 1x1.jpg', '1', 1, 'Documents Verified & ECAT', NULL, 1, '2026-01-21 12:46:34', NULL),
(153, 2, 38, 1, '2025100038_F138_2026.jpg', 'BIRTHCERT.jpg', '1', 1, 'Documents Verified & ECAT', NULL, 1, '2026-01-21 12:46:37', NULL),
(154, 3, 38, 1, '2025100038_CGMC_2026.png', 'CERT GOOD MORAL.png', '1', 1, 'Documents Verified & ECAT', NULL, 1, '2026-01-21 12:46:40', NULL),
(155, 4, 38, 1, '2025100038_CBGC_2026.jpg', 'GRADUATING CERT.jpg', '1', 1, 'Documents Verified & ECAT', NULL, 1, '2026-01-21 12:46:43', NULL),
(156, 5, 38, 1, '2025100038_CVC_2026.jpg', 'VACCINE CARD.jpg', '1', 1, 'Documents Verified & ECAT', NULL, 1, '2026-01-21 12:46:46', NULL),
(157, 1, 44, NULL, '2026100001_PSA_2026.pdf', 'Capstoen-ERD.pdf', NULL, 1, 'Documents Verified & ECAT', NULL, NULL, '2026-02-03 23:03:09', NULL),
(158, 2, 44, NULL, '2026100001_F138_2026.pdf', 'Supplemental-Form-2025-4 (5).pdf', NULL, 1, 'Documents Verified & ECAT', NULL, NULL, '2026-02-03 23:03:13', NULL),
(159, 3, 44, NULL, '2026100001_CGMC_2026.pdf', 'Supplemental-Form-2025-4 (3).pdf', NULL, 1, 'Documents Verified & ECAT', NULL, NULL, '2026-02-03 23:03:17', NULL),
(160, 4, 44, NULL, '2026100001_CBGC_2026.pdf', 'Supplemental-Form-2025-4.pdf', NULL, 1, 'Documents Verified & ECAT', NULL, NULL, '2026-02-03 23:03:22', NULL),
(161, 5, 44, NULL, '2026100001_CVC_2026.pdf', 'Supplemental-Form-2025-4.pdf', NULL, 1, 'Documents Verified & ECAT', NULL, NULL, '2026-02-03 23:03:31', NULL),
(162, 1, 45, NULL, '2026100002_PSA_2026.jpg', '594356692_1350671940405508_2882115776391298937_n.jpg', NULL, 1, 'Documents Verified & ECAT', NULL, NULL, '2026-02-04 09:58:37', NULL),
(163, 2, 45, NULL, '2026100002_F138_2026.webp', '594310936_1970981603838297_2798307342816336025_n.webp', NULL, 1, 'Documents Verified & ECAT', NULL, NULL, '2026-02-04 09:59:13', NULL),
(164, 3, 45, NULL, '2026100002_CGMC_2026.png', '594039884_877176391537851_4730275361593935458_n (1).png', NULL, 1, 'Documents Verified & ECAT', NULL, NULL, '2026-02-04 09:59:17', NULL),
(165, 4, 45, NULL, '2026100002_CBGC_2026.jpg', '438246372_1112634963353842_3477992500473611072_n.jpg', NULL, 1, 'Documents Verified & ECAT', NULL, NULL, '2026-02-04 09:59:22', NULL),
(166, 5, 45, NULL, '2026100002_CVC_2026.jpg', '590437545_4218540075079399_2149840376645997838_n.jpg', NULL, 1, 'Documents Verified & ECAT', NULL, NULL, '2026-02-04 09:59:29', NULL);

-- --------------------------------------------------------

--
-- Table structure for table `room_day_table`
--

CREATE TABLE `room_day_table` (
  `id` int(11) NOT NULL,
  `description` varchar(50) NOT NULL
) ENGINE=InnoDB DEFAULT CHARSET=utf8mb4 COLLATE=utf8mb4_general_ci;

--
-- Dumping data for table `room_day_table`
--

INSERT INTO `room_day_table` (`id`, `description`) VALUES
(1, 'SUN'),
(2, 'MON'),
(3, 'TUE'),
(4, 'WED'),
(5, 'THU'),
(6, 'FRI'),
(7, 'SAT');

-- --------------------------------------------------------

--
-- Table structure for table `room_table`
--

CREATE TABLE `room_table` (
  `room_id` int(11) NOT NULL,
  `room_description` varchar(255) DEFAULT NULL,
  `building_description` varchar(255) DEFAULT NULL
) ENGINE=InnoDB DEFAULT CHARSET=utf8mb4 COLLATE=utf8mb4_general_ci;

--
-- Dumping data for table `room_table`
--

INSERT INTO `room_table` (`room_id`, `room_description`, `building_description`) VALUES
(1, 'CCS Room 201', NULL),
(2, 'CCS Room 202', NULL),
(3, 'CCS Room 301', NULL),
(4, 'CCS Room 302', NULL),
(5, 'CCS Room 303', NULL),
(11, 'CSS Room 203', NULL),
(12, 'CAS Room 204', NULL),
(13, 'CAS Room 401', NULL),
(14, 'CAS Room 402', NULL),
(15, 'CAS Room 403', NULL),
(16, 'CAS Room 404', NULL),
(17, 'CAS Room 405', NULL),
(18, 'CAS Room 406', NULL),
(19, 'CAS Room 409', NULL),
(20, 'CAS Room 411', NULL),
(21, 'CAFA', 'NUDAS HALL'),
(22, 'MIS', NULL),
(23, 'MIS101', NULL),
(24, '123 Mabini St.', 'Pureza'),
(25, 'CCS Room 202', 'NUDAS HALL'),
(26, 'Cas Room 203', 'NUDAS HALL Building'),
(27, 'CSS 202', 'MIS Building'),
(28, 'CCS 203', 'MIS Building'),
(29, 'Rm 4', 'nudas hall');

-- --------------------------------------------------------

--
-- Table structure for table `school_time_table`
--

CREATE TABLE `school_time_table` (
  `id` int(11) NOT NULL,
  `description` varchar(50) NOT NULL
) ENGINE=InnoDB DEFAULT CHARSET=utf8mb4 COLLATE=utf8mb4_general_ci;

--
-- Dumping data for table `school_time_table`
--

INSERT INTO `school_time_table` (`id`, `description`) VALUES
(1, '07:00 AM'),
(2, '07:30 AM'),
(3, '08:00 AM'),
(4, '08:30 AM'),
(5, '09:00 AM'),
(6, '09:30 AM'),
(7, '10:00 AM'),
(8, '10:30 AM'),
(9, '11:00 AM'),
(10, '11:30 AM'),
(11, '12:00 PM'),
(12, '12:30 PM'),
(13, '01:00 PM'),
(14, '01:30 PM'),
(15, '02:00 PM'),
(16, '02:30 PM'),
(17, '03:00 PM'),
(18, '03:30 PM'),
(19, '04:00 PM'),
(20, '04:30 PM'),
(21, '05:00 PM'),
(22, '05:30 PM'),
(23, '06:00 PM'),
(24, '06:30 PM'),
(25, '07:00 PM'),
(26, '07:30 PM'),
(27, '08:00 PM'),
(28, '08:30 PM'),
(29, '09:00 PM');

-- --------------------------------------------------------

--
-- Table structure for table `section_table`
--

CREATE TABLE `section_table` (
  `id` int(11) NOT NULL,
  `description` varchar(255) DEFAULT NULL
) ENGINE=InnoDB DEFAULT CHARSET=utf8mb4 COLLATE=utf8mb4_general_ci;

--
-- Dumping data for table `section_table`
--

INSERT INTO `section_table` (`id`, `description`) VALUES
(378, '1A'),
(379, '1B'),
(380, '1C'),
(381, '1D'),
(382, '2A'),
(383, '2B'),
(384, '2C'),
(385, '2D'),
(386, '3A'),
(387, '3B'),
(388, '3C'),
(389, '3D'),
(390, '4A'),
(391, '4B'),
(392, '4C'),
(393, '4D'),
(394, 'A1'),
(395, 'A2'),
(396, 'A3'),
(397, 'A4'),
(398, 'B1'),
(399, 'B2'),
(400, 'B3'),
(401, 'B4'),
(402, 'C1'),
(403, 'C2'),
(404, 'C3'),
(405, 'C4'),
(406, 'D1'),
(407, 'D2'),
(408, 'D3'),
(409, 'D4'),
(410, '1-A'),
(411, '1-B'),
(412, '1-C'),
(413, '1-D'),
(414, '2-A'),
(415, '2-B'),
(416, '2-C'),
(417, '2-D'),
(418, '3-A'),
(419, '3-B'),
(420, '3-C'),
(421, '3-D'),
(422, '4-A'),
(423, '4-B'),
(424, '4-C'),
(425, '4-D'),
(426, 'I-A1'),
(427, 'I-A2'),
(428, 'I-A3'),
(429, 'I-A4'),
(430, 'II-A1'),
(431, 'II-A2'),
(432, 'II-A3'),
(433, 'II-A4'),
(434, 'III-A1'),
(435, 'III-A2'),
(436, 'III-A3'),
(437, 'III-A4'),
(438, 'IV-A1'),
(439, 'IV-A2'),
(440, 'IV-A3'),
(441, 'IV-A4'),
(442, 'V-A1'),
(443, 'V-A2'),
(444, 'V-A3'),
(445, 'V-A4'),
(446, 'I-A'),
(447, 'I-B'),
(448, 'I-C'),
(449, 'I-D'),
(450, 'II-A'),
(451, 'II-B'),
(452, 'II-C'),
(453, 'II-D'),
(454, 'III-A'),
(455, 'III-B'),
(456, 'III-C'),
(457, 'III-D'),
(458, 'IV-A'),
(459, 'IV-B'),
(460, 'IV-C'),
(461, 'IV-D'),
(462, '1'),
(463, '2'),
(464, '3'),
(465, '4'),
(466, '1-1'),
(467, '1-2'),
(468, '1-3'),
(469, '1-4'),
(470, '2-1'),
(471, '2-2'),
(472, '2-3'),
(473, '2-4'),
(474, '3-1'),
(475, '3-2'),
(476, '3-3'),
(477, '3-4'),
(478, '4-1'),
(479, '4-2'),
(480, '4-3'),
(481, '4-4'),
(482, 'PTG1-A1'),
(483, 'PTG1-A2'),
(484, 'PTG2'),
(485, 'PTG3'),
(486, 'PTG4-A1'),
(487, 'PTG4-A2'),
(488, 'VC1-A1'),
(489, 'VC1-A2'),
(490, 'VC1-A3'),
(491, 'VC1-A4'),
(492, 'VC2-A1'),
(493, 'VC2-A2'),
(494, 'VC2-A3'),
(495, 'VC2-A4'),
(496, 'VC3-A1'),
(497, 'VC3-A2'),
(498, 'VC3-A3'),
(499, 'VC3-A4'),
(500, 'VC4-A1'),
(501, 'VC4-A2'),
(502, 'VC4-A3'),
(503, 'VC4-A4'),
(504, 'BIT-AFT1A'),
(505, 'BIT-AFT2A'),
(506, 'BIT-AT1A'),
(507, 'BIT-AT1B'),
(508, 'BIT-AT2A'),
(509, 'BIT-AT2B'),
(510, 'BIT-CT1A'),
(511, 'BIT-CT2A'),
(512, 'BIT-DT1A'),
(513, 'BIT-DT1B'),
(514, 'BIT-ELC1'),
(515, 'BIT-ELC1B'),
(516, 'BIT-ELC2AA'),
(517, 'BIT-ELX'),
(518, 'BIT-ELX1B'),
(519, 'BIT-ELX2'),
(520, 'BIT-HVAC1A'),
(521, 'BIT-HVAC2A'),
(522, 'BIT-IC1A'),
(523, 'BIT-IC2A'),
(524, 'BIT-MT1A'),
(525, 'BIT-MT2A'),
(526, 'AR_I-A1'),
(527, 'AR_I-A2'),
(528, 'AR_II-A1'),
(529, 'AR_II-A2'),
(530, 'AR_III-A1'),
(531, 'AR_III-A2'),
(532, 'AR_IV-A1'),
(533, 'AR_IV-A2'),
(534, 'AR_V-A1'),
(535, 'AR_V-A2'),
(536, 'BSCPE1A'),
(537, 'BSCPE1B'),
(538, 'BSCPE2A'),
(539, 'BSCPE2B'),
(540, 'BSCPE3A'),
(541, 'BSCPE3B'),
(542, 'BSCPE4A'),
(543, 'BSPsych1A'),
(544, 'BSPsych2'),
(545, 'BSPsych3A'),
(546, 'BSPsych3B'),
(547, 'BSPsych4A'),
(548, 'BSPsych4B'),
(549, 'BSPsych4C');

-- --------------------------------------------------------

--
-- Table structure for table `semester_table`
--

CREATE TABLE `semester_table` (
  `semester_id` int(11) NOT NULL,
  `semester_description` varchar(255) DEFAULT NULL,
  `semester_code` varchar(2) DEFAULT NULL
) ENGINE=InnoDB DEFAULT CHARSET=utf8mb4 COLLATE=utf8mb4_general_ci;

--
-- Dumping data for table `semester_table`
--

INSERT INTO `semester_table` (`semester_id`, `semester_description`, `semester_code`) VALUES
(1, 'First Semester', '1'),
(2, 'Second Semester', '2'),
(3, 'Summer', '3');

-- --------------------------------------------------------

--
-- Table structure for table `student_curriculum_table`
--

CREATE TABLE `student_curriculum_table` (
  `id` int(11) NOT NULL,
  `student_numbering_id` int(11) DEFAULT NULL,
  `curriculum_id` int(11) DEFAULT NULL
) ENGINE=InnoDB DEFAULT CHARSET=utf8mb4 COLLATE=utf8mb4_general_ci;

--
-- Dumping data for table `student_curriculum_table`
--

INSERT INTO `student_curriculum_table` (`id`, `student_numbering_id`, `curriculum_id`) VALUES
(1, 19, 14),
(2, 11, 15),
(3, 4, 15),
(4, 4, 15),
(5, 4, 15),
(6, 20, 15),
(7, 20, 15),
(8, 8, 15),
(9, 8, 15),
(10, 15, 15),
(11, 23, 14),
(12, 17, 14),
(13, 17, 14),
(14, 2, 15),
(15, 2, 15),
(16, 22, 14),
(17, 22, 14),
(18, 5, 14),
(19, 9, 15),
(20, 9, 15),
(21, 9, 15),
(22, 10, 15),
(23, 14, 15),
(24, 10, 14),
(25, 10, 14),
(26, 4, 14),
(27, 6, 14),
(28, 6, 14),
(29, 12, 15),
(30, 13, 15),
(31, 16, 14),
(32, 16, 14),
(33, 18, 14),
(34, 21, 14),
(35, 21, 14),
(36, 21, 14),
(37, 3, 14),
(38, 3, 14),
(39, 31, 15),
(40, 31, 15),
(41, 31, 15),
(42, 30, 15),
(43, 30, 15),
(44, 6, 15),
(45, 29, 15),
(46, 29, 15),
(47, 29, 15),
(48, 11, 1),
(49, 34, 15),
(50, 34, 15),
(51, 34, 15),
(52, 35, 15),
(53, 35, 15);

-- --------------------------------------------------------

--
-- Table structure for table `student_evaluation_table`
--

CREATE TABLE `student_evaluation_table` (
  `id` int(11) NOT NULL,
  `student_number` varchar(255) NOT NULL,
  `school_year_id` int(11) NOT NULL DEFAULT 0,
  `prof_id` int(11) DEFAULT NULL,
  `course_id` int(11) NOT NULL DEFAULT 0,
  `question_id` int(11) NOT NULL DEFAULT 0,
  `question_answer` int(11) NOT NULL DEFAULT 0,
  `answered_at` timestamp NOT NULL DEFAULT current_timestamp()
) ENGINE=InnoDB DEFAULT CHARSET=utf8mb4 COLLATE=utf8mb4_general_ci;

-- --------------------------------------------------------

--
-- Table structure for table `student_grade_overall_table`
--

CREATE TABLE `student_grade_overall_table` (
  `id` int(11) NOT NULL,
  `student_number` int(11) NOT NULL,
  `course_id` int(11) NOT NULL,
  `final_grade` decimal(2,2) NOT NULL,
  `active_school_year_id` int(11) NOT NULL,
  `remarks` int(11) NOT NULL
) ENGINE=InnoDB DEFAULT CHARSET=utf8mb4 COLLATE=utf8mb4_general_ci;

--
-- Dumping data for table `student_grade_overall_table`
--

INSERT INTO `student_grade_overall_table` (`id`, `student_number`, `course_id`, `final_grade`, `active_school_year_id`, `remarks`) VALUES
(1, 224095240, 1, 0.99, 2, 1),
(2, 224091140, 2, 0.99, 2, 1);

-- --------------------------------------------------------

--
-- Table structure for table `student_numbering_table`
--

CREATE TABLE `student_numbering_table` (
  `id` int(11) NOT NULL,
  `student_number` varchar(255) NOT NULL,
  `person_id` int(11) NOT NULL
) ENGINE=InnoDB DEFAULT CHARSET=utf8mb4 COLLATE=utf8mb4_general_ci;

--
-- Dumping data for table `student_numbering_table`
--

INSERT INTO `student_numbering_table` (`id`, `student_number`, `person_id`) VALUES
(2, '202500004', 4),
(3, '202500014', 14),
(4, '202500021', 21),
(5, '202500011', 11),
(6, '202500024', 24),
(8, '202500015', 15),
(9, '202500018', 18),
(10, '202500020', 20),
(11, '202500002', 2),
(12, '202500010', 10),
(13, '202500008', 8),
(14, '202500019', 19),
(15, '202500013', 13),
(16, '202500012', 12),
(17, '202500003', 3),
(18, '202500017', 17),
(19, '202500007', 7),
(20, '202500009', 9),
(21, '202500022', 22),
(22, '202500016', 16),
(23, '202500005', 5),
(29, '202500027', 27),
(30, '202500025', 25),
(31, '202500026', 26),
(32, '202600038', 38),
(33, '224-06342M', 39),
(34, '202600044', 44),
(35, '202600045', 45);

-- --------------------------------------------------------

--
-- Table structure for table `student_status_table`
--

CREATE TABLE `student_status_table` (
  `id` int(11) NOT NULL,
  `student_number` varchar(255) DEFAULT NULL,
  `active_curriculum` int(11) DEFAULT NULL,
  `enrolled_status` varchar(11) DEFAULT NULL,
  `year_level_id` int(11) DEFAULT NULL,
  `active_school_year_id` int(11) DEFAULT NULL,
  `control_status` int(11) DEFAULT NULL
) ENGINE=InnoDB DEFAULT CHARSET=utf8mb4 COLLATE=utf8mb4_general_ci;

--
-- Dumping data for table `student_status_table`
--

INSERT INTO `student_status_table` (`id`, `student_number`, `active_curriculum`, `enrolled_status`, `year_level_id`, `active_school_year_id`, `control_status`) VALUES
(1, '202500001', 15, '1', 0, 0, 0),
(2, '202500004', 15, '1', 3, 0, 0),
(3, '202500014', 14, '1', 1, 0, 0),
(4, '202500021', 14, '1', 1, 0, 0),
(5, '202500011', 14, '1', 1, 0, 0),
(6, '202500024', 14, '1', 1, 0, 0),
(7, '202500024', 14, '1', 1, 0, 0),
(8, '202500015', 15, '1', 1, 0, 0),
(9, '202500018', 15, '1', 1, 0, 0),
(10, '202500020', 14, '1', 1, 0, 0),
(11, '202500002', 15, '1', 1, 0, 0),
(12, '202500010', 15, '1', 1, 0, 0),
(13, '202500008', 15, '1', 1, 0, 0),
(14, '202500019', 15, '1', 1, 0, 0),
(15, '202500013', 15, '1', 1, 0, 0),
(16, '202500012', 14, '1', 1, 0, 0),
(17, '202500003', 14, '1', 1, 0, 0),
(18, '202500017', 14, '1', 1, 0, 0),
(19, '202500007', 14, '1', 1, 63, 0),
(20, '202500009', 15, '1', 1, 0, 0),
(21, '202500022', 14, '1', 1, 0, 0),
(22, '202500016', 14, '1', 1, 0, 0),
(23, '202500005', 15, '1', 1, 0, 0),
(24, '202500027', 15, '1', 1, 0, 0),
(25, '202500025', 15, '1', 1, 0, 0),
(26, '202500027', 15, '1', 1, 0, 0),
(27, '202500026', 15, '1', 1, 0, 0),
(28, '202500025', 15, '1', 1, 0, 0),
(29, '202500027', 15, '1', 1, 0, 0),
(30, '202500025', 15, '1', 1, 0, 0),
(31, '202500026', 15, '1', 1, 0, 0),
(32, '202600038', 0, '1', 0, 0, 0),
(33, '224-06342M', 15, '1', 1, 54, NULL),
(34, '224-06342M', 15, '1', 1, 55, NULL),
(35, '224-06342M', 15, '1', 2, 57, NULL),
(36, '224-06342M', 15, '1', 2, 58, NULL),
(37, '224-06342M', 15, '1', 3, 60, NULL),
(38, '224-06342M', 15, '1', 4, 66, NULL),
(40, '202600044', 15, '1', 1, 66, 0),
(41, '202600045', 15, '1', 1, 66, 0);

-- --------------------------------------------------------

--
-- Table structure for table `time_table`
--

CREATE TABLE `time_table` (
  `id` int(11) NOT NULL,
  `room_day` int(11) DEFAULT NULL,
  `school_time_start` varchar(11) DEFAULT NULL,
  `school_time_end` varchar(11) DEFAULT NULL,
  `department_section_id` int(11) DEFAULT NULL,
  `course_id` int(11) DEFAULT NULL,
  `ishonorarium` int(1) NOT NULL DEFAULT 0,
  `professor_id` int(11) DEFAULT NULL,
  `department_room_id` int(11) DEFAULT NULL,
  `school_year_id` int(11) DEFAULT NULL
) ENGINE=InnoDB DEFAULT CHARSET=utf8mb4 COLLATE=utf8mb4_general_ci;

--
-- Dumping data for table `time_table`
--

INSERT INTO `time_table` (`id`, `room_day`, `school_time_start`, `school_time_end`, `department_section_id`, `course_id`, `ishonorarium`, `professor_id`, `department_room_id`, `school_year_id`) VALUES
(163, 3, '7:00 AM', '9:00 AM', 774, 90, 0, 1, 3, 63),
(164, 1, '11:00 AM', '2:00 PM', 774, 95, 0, 1, 5, 63),
(165, 2, '10:00 AM', '1:00 PM', 774, 100, 0, 1, 3, 63),
(166, 6, '9:00 AM', '11:00 AM', 774, 115, 0, 1, 5, 63),
(167, 2, '2:00 PM', '5:00 PM', 774, 198, 0, 1, 4, 63),
(168, 3, '6:00 PM', '8:00 PM', 774, 883, 0, 1, 24, 63),
(169, 4, '10:00 AM', '1:00 PM', 774, 746, 0, 1, 5, 63),
(170, 5, '5:00 PM', '8:00 PM', 774, 747, 0, 1, 3, 63),
(171, 3, '1:00 PM', '4:00 PM', 774, 755, 0, 1, 3, 63),
(172, 2, '7:00 AM', '8:00 AM', 764, 90, 0, 9, 3, 63),
(173, 2, '2:00 PM', '5:00 PM', 764, 115, 0, 9, 3, 63),
(174, 3, '7:00 PM', '9:00 PM', 764, 129, 0, 9, 3, 63),
(175, 4, '9:00 AM', '12:00 PM', 764, 746, 0, 9, 4, 63),
(176, 6, '8:00 AM', '10:00 AM', 764, 747, 0, 9, 3, 63),
(177, 3, '4:00 PM', '6:00 PM', 764, 747, 0, 9, 3, 63),
(178, 4, '7:00 AM', '9:00 AM', 764, 883, 0, 9, 4, 63),
(179, 5, '2:00 PM', '4:00 PM', 764, 957, 0, 9, 3, 63),
(180, 4, '4:00 PM', '6:00 PM', 764, 977, 0, 9, 3, 63),
(181, 5, '7:00 AM', '9:00 AM', 764, 1187, 0, 9, 3, 63),
(182, 6, '5:00 PM', '8:00 PM', 764, 1188, 0, 9, 3, 63),
(183, 1, '3:00 PM', '5:00 PM', 764, 95, 0, 9, 3, 63),
(185, 2, '7:00 AM', '9:00 AM', 764, 100, 0, 9, 3, 64),
(186, 1, '11:00 AM', '1:00 PM', 764, 104, 0, 9, 3, 64),
(187, 3, '9:00 AM', '12:00 PM', 764, 198, 0, 9, 3, 64),
(188, 7, '7:00 PM', '9:00 PM', 764, 282, 0, 9, 3, 64),
(189, 2, '10:00 AM', '1:00 PM', 764, 331, 0, 9, 3, 64),
(190, 5, '9:00 AM', '12:00 PM', 764, 763, 0, 9, 3, 64),
(191, 3, '12:00 PM', '3:00 PM', 764, 764, 0, 9, 3, 64),
(192, 2, '2:00 PM', '4:00 PM', 764, 765, 0, 9, 3, 64),
(193, 2, '6:00 PM', '8:00 PM', 764, 766, 0, 9, 5, 64),
(194, 3, '4:00 PM', '7:00 PM', 764, 1189, 0, 9, 3, 64),
(195, 5, '1:00 PM', '3:00 PM', 764, 1190, 0, 9, 3, 64),
(196, 5, '6:00 PM', '9:00 PM', 764, 1191, 0, 9, 5, 64),
(197, 2, '1:00 PM', '4:00 PM', 774, 102, 0, 1, 4, 64),
(198, 2, '4:00 PM', '6:00 PM', 774, 104, 0, 1, 5, 64),
(199, 1, '7:00 PM', '9:00 PM', 774, 282, 0, 1, 3, 64),
(200, 7, '2:00 PM', '4:00 PM', 774, 765, 0, 1, 3, 64),
(201, 4, '7:00 AM', '9:00 AM', 774, 977, 0, 1, 3, 64),
(202, 4, '9:00 AM', '11:00 AM', 774, 957, 0, 1, 3, 64),
(203, 4, '11:00 AM', '12:00 PM', 774, 831, 0, 1, 3, 64),
(204, 4, '7:00 PM', '9:00 PM', 774, 758, 0, 1, 3, 64),
(205, 4, '1:00 PM', '2:00 PM', 774, 764, 0, 1, 3, 64),
(206, 4, '6:00 PM', '7:00 PM', 774, 331, 0, 1, 3, 64),
(207, 4, '2:00 PM', '3:00 PM', 774, 756, 0, 1, 3, 64),
(208, 4, '3:00 PM', '4:00 PM', 774, 757, 0, 1, 3, 64),
(209, 4, '4:00 PM', '5:00 PM', 774, 763, 0, 1, 3, 64),
(210, 5, '3:00 PM', '5:00 PM', 774, 129, 0, 1, 3, 64),
(211, 2, '7:00 AM', '8:00 AM', 776, 109, 0, 1, 3, 66),
(212, 2, '8:00 AM', '9:00 AM', 776, 116, 0, 1, 3, 66),
(213, 2, '9:00 AM', '10:00 AM', 776, 128, 0, 1, 3, 66),
(214, 2, '10:00 AM', '11:00 AM', 776, 769, 0, 1, 3, 66),
(215, 2, '11:00 AM', '12:00 PM', 776, 770, 0, 1, 3, 66),
(216, 2, '12:00 PM', '1:00 PM', 776, 771, 0, 1, 3, 66),
(217, 2, '2:00 PM', '3:00 PM', 776, 772, 0, 1, 3, 66),
(218, 2, '3:00 PM', '4:00 PM', 776, 773, 0, 1, 3, 66),
(219, 2, '4:00 PM', '5:00 PM', 776, 776, 0, 1, 3, 66),
(220, 2, '5:00 PM', '6:00 PM', 776, 777, 0, 1, 3, 66),
(221, 2, '6:00 PM', '7:00 PM', 776, 778, 0, 1, 3, 66),
(222, 2, '7:00 PM', '8:00 PM', 776, 779, 0, 1, 3, 66),
(223, 3, '7:00 AM', '8:00 AM', 776, 881, 0, 1, 3, 66),
(224, 3, '8:00 AM', '9:00 AM', 766, 109, 0, 9, 3, 66),
(225, 3, '9:00 AM', '10:00 AM', 766, 117, 0, 9, 3, 66),
(226, 3, '10:00 AM', '11:00 AM', 766, 1192, 0, 9, 3, 66),
(227, 3, '11:00 AM', '12:00 PM', 766, 1193, 0, 9, 3, 66),
(228, 3, '12:00 PM', '1:00 PM', 766, 1194, 0, 9, 3, 66),
(229, 3, '1:00 PM', '2:00 PM', 766, 1473, 0, 9, 3, 66),
(230, 3, '3:00 PM', '4:00 PM', 766, 1472, 0, 9, 3, 66),
(231, 2, '7:00 AM', '8:00 AM', 766, 116, 0, 9, 5, 67),
(232, 1, '8:00 AM', '9:00 AM', 766, 119, 0, 9, 3, 67),
(233, 2, '8:00 AM', '9:00 AM', 766, 1195, 0, 9, 3, 67),
(234, 2, '9:00 AM', '10:00 AM', 776, 1196, 0, 9, 3, 67),
(235, 2, '10:00 AM', '11:00 AM', 766, 1197, 0, 9, 3, 67),
(236, 2, '11:00 AM', '12:00 PM', 766, 1198, 0, 9, 5, 67),
(237, 2, '12:00 PM', '1:00 PM', 766, 1199, 0, 9, 3, 67),
(238, 2, '1:00 PM', '2:00 PM', 766, 1200, 0, 9, 3, 67),
(239, 2, '2:00 PM', '3:00 PM', 766, 1204, 0, 9, 3, 67),
(240, 2, '3:00 PM', '4:00 PM', 766, 1203, 0, 9, 3, 67),
(241, 2, '4:00 PM', '5:00 PM', 766, 1201, 0, 9, 3, 67),
(242, 3, '3:00 PM', '4:00 PM', 766, 1202, 0, 9, 3, 67),
(243, 3, '7:00 AM', '8:00 AM', 776, 117, 0, 1, 3, 67),
(244, 3, '8:00 AM', '9:00 AM', 776, 119, 0, 1, 3, 67),
(245, 3, '9:00 AM', '10:00 AM', 776, 522, 0, 1, 3, 67),
(246, 3, '10:00 AM', '11:00 AM', 776, 780, 0, 1, 3, 67),
(247, 2, '5:00 PM', '6:00 PM', 776, 782, 0, 1, 3, 67),
(248, 3, '2:00 PM', '3:00 PM', 776, 783, 0, 1, 3, 67),
(249, 3, '1:00 PM', '2:00 PM', 776, 784, 0, 1, 3, 67),
(250, 2, '7:00 PM', '9:00 PM', 776, 785, 0, 1, 3, 67),
(251, 3, '6:00 PM', '9:00 PM', 776, 786, 0, 1, 3, 67),
(252, 4, '7:00 AM', '8:00 AM', 776, 787, 0, 1, 3, 67),
(253, 4, '8:00 AM', '9:00 AM', 776, 788, 0, 1, 3, 67),
(254, 2, '7:00 AM', '8:00 AM', 768, 790, 0, 9, 3, 69),
(255, 2, '8:00 AM', '9:00 AM', 768, 791, 0, 9, 3, 69),
(256, 2, '9:00 AM', '10:00 AM', 768, 1206, 0, 9, 3, 69),
(257, 2, '10:00 AM', '11:00 AM', 768, 1205, 0, 9, 3, 69),
(258, 2, '11:00 AM', '12:00 PM', 768, 1207, 0, 9, 3, 69),
(259, 2, '12:00 PM', '1:00 PM', 768, 1208, 0, 9, 3, 69),
(260, 2, '2:00 PM', '3:00 PM', 768, 1209, 0, 9, 3, 69),
(261, 2, '3:00 PM', '4:00 PM', 768, 1210, 0, 9, 3, 69),
(262, 2, '4:00 PM', '5:00 PM', 778, 1212, 0, 9, 3, 69),
(263, 2, '5:00 PM', '6:00 PM', 768, 1214, 0, 9, 3, 69),
(264, 5, '2:00 PM', '5:00 PM', 768, 1211, 0, 9, 3, 69),
(265, 4, '2:00 PM', '3:00 PM', 768, 798, 0, 9, 3, 69),
(266, 3, '8:00 AM', '9:00 AM', 778, 789, 0, 1, 3, 69),
(267, 3, '3:00 PM', '5:00 PM', 778, 790, 0, 1, 3, 69),
(268, 3, '2:00 PM', '3:00 PM', 778, 791, 0, 1, 3, 69),
(269, 3, '5:00 PM', '7:00 PM', 778, 792, 0, 1, 3, 69),
(270, 3, '7:00 PM', '9:00 PM', 778, 793, 0, 1, 3, 69),
(271, 3, '11:00 AM', '1:00 PM', 778, 794, 0, 1, 3, 69),
(272, 6, '2:00 PM', '4:00 PM', 778, 795, 0, 1, 3, 69),
(273, 5, '7:00 AM', '8:00 AM', 778, 796, 0, 1, 3, 69),
(274, 2, '7:00 AM', '8:00 AM', 768, 776, 0, 6, 3, 70),
(275, 2, '8:00 AM', '10:00 AM', 768, 777, 0, 9, 3, 70),
(276, 4, '11:00 AM', '2:00 PM', 768, 799, 0, 9, 3, 70),
(277, 3, '7:00 PM', '9:00 PM', 768, 800, 0, 9, 3, 70),
(278, 2, '5:00 PM', '8:00 PM', 768, 1216, 0, 9, 3, 70),
(279, 3, '2:00 PM', '4:00 PM', 768, 881, 0, 9, 3, 70),
(280, 2, '2:00 PM', '5:00 PM', 768, 1213, 0, 9, 3, 70),
(281, 3, '12:00 PM', '2:00 PM', 768, 1215, 0, 9, 3, 70),
(282, 4, '3:00 PM', '5:00 PM', 768, 143, 0, 9, 3, 70),
(283, 3, '10:00 AM', '12:00 PM', 774, 797, 0, 1, 3, 70),
(284, 2, '11:00 AM', '1:00 PM', 778, 799, 0, 1, 3, 70),
(285, 3, '7:00 AM', '9:00 AM', 778, 800, 0, 1, 3, 70),
(286, 4, '6:00 PM', '8:00 PM', 778, 798, 0, 1, 3, 70),
(287, 4, '7:00 AM', '9:00 AM', 778, 801, 0, 1, 3, 70),
(288, 6, '5:00 PM', '6:00 PM', 778, 802, 0, 1, 3, 70),
(289, 3, '5:00 PM', '6:00 PM', 778, 803, 0, 1, 3, 70),
(290, 6, '9:00 AM', '12:00 PM', 778, 804, 0, 1, 3, 70),
(291, 6, '1:00 PM', '3:00 PM', 778, 1476, 0, 1, 3, 70),
(294, 2, '7:00 AM', '9:00 AM', 886, 1157, 0, 38, 21, 63);

-- --------------------------------------------------------

--
-- Table structure for table `tosf`
--

CREATE TABLE `tosf` (
  `tosf_id` int(11) NOT NULL,
  `athletic_fee` varchar(255) NOT NULL DEFAULT '0',
  `cultural_fee` varchar(255) NOT NULL DEFAULT '0',
  `developmental_fee` varchar(255) NOT NULL DEFAULT '0',
  `guidance_fee` varchar(255) NOT NULL DEFAULT '0',
  `library_fee` varchar(255) NOT NULL DEFAULT '0',
  `medical_and_dental_fee` varchar(255) NOT NULL DEFAULT '0',
  `registration_fee` varchar(255) NOT NULL DEFAULT '0',
  `school_id_fees` int(11) NOT NULL,
  `nstp_fees` int(11) DEFAULT NULL,
  `computer_fees` int(11) DEFAULT NULL,
  `laboratory_fees` int(11) DEFAULT NULL
) ENGINE=InnoDB DEFAULT CHARSET=utf8mb4 COLLATE=utf8mb4_general_ci;

--
-- Dumping data for table `tosf`
--

INSERT INTO `tosf` (`tosf_id`, `athletic_fee`, `cultural_fee`, `developmental_fee`, `guidance_fee`, `library_fee`, `medical_and_dental_fee`, `registration_fee`, `school_id_fees`, `nstp_fees`, `computer_fees`, `laboratory_fees`) VALUES
(2, '150', '50', '80', '30', '100', '130', '50', 300, 150, 500, 550);

-- --------------------------------------------------------

--
-- Table structure for table `unifast`
--

CREATE TABLE `unifast` (
  `id` int(11) NOT NULL,
  `campus_name` varchar(60) NOT NULL,
  `student_number` varchar(255) NOT NULL,
  `learner_reference_number` varchar(255) NOT NULL,
  `last_name` varchar(255) NOT NULL,
  `given_name` varchar(255) NOT NULL,
  `middle_initial` varchar(60) NOT NULL,
  `degree_program` varchar(255) NOT NULL,
  `year_level` varchar(255) NOT NULL,
  `sex` varchar(60) NOT NULL,
  `email_address` varchar(255) NOT NULL,
  `phone_number` varchar(255) NOT NULL,
  `laboratory_units` varchar(255) NOT NULL,
  `computer_units` varchar(255) NOT NULL,
  `academic_units_enrolled` varchar(255) NOT NULL,
  `academic_units_nstp_enrolled` varchar(255) NOT NULL,
  `tuition_fees` varchar(255) NOT NULL,
  `nstp_fees` varchar(255) NOT NULL,
  `athletic_fees` varchar(255) NOT NULL,
  `computer_fees` varchar(255) NOT NULL,
  `cultural_fees` varchar(255) NOT NULL,
  `development_fees` varchar(255) NOT NULL,
  `guidance_fees` varchar(255) NOT NULL,
  `laboratory_fees` varchar(255) NOT NULL,
  `library_fees` varchar(255) NOT NULL,
  `medical_and_dental_fees` varchar(255) NOT NULL,
  `registration_fees` varchar(255) NOT NULL,
  `school_id_fees` varchar(255) NOT NULL,
  `total_tosf` varchar(255) NOT NULL,
  `remark` varchar(255) NOT NULL,
  `active_school_year_id` int(11) NOT NULL
) ENGINE=InnoDB DEFAULT CHARSET=utf8mb4 COLLATE=utf8mb4_general_ci;

--
-- Dumping data for table `unifast`
--

INSERT INTO `unifast` (`id`, `campus_name`, `student_number`, `learner_reference_number`, `last_name`, `given_name`, `middle_initial`, `degree_program`, `year_level`, `sex`, `email_address`, `phone_number`, `laboratory_units`, `computer_units`, `academic_units_enrolled`, `academic_units_nstp_enrolled`, `tuition_fees`, `nstp_fees`, `athletic_fees`, `computer_fees`, `cultural_fees`, `development_fees`, `guidance_fees`, `laboratory_fees`, `library_fees`, `medical_and_dental_fees`, `registration_fees`, `school_id_fees`, `total_tosf`, `remark`, `active_school_year_id`) VALUES
(9, 'Manila', '202500001', '123456789012', 'Montao', 'Mark Anthony', 'P', 'Bachelor of Science in Architecture', 'First Year', 'Male', 'markmontano999@gmail.com', '09171234567999999', '0', '3', '0', '3', '0', '1000', '50', '500', '50', '80', '30', '0', '100', '130', '2000', '100', '990', '', 1),
(10, 'Manila', '202500001', '123456789012', 'Montao', 'Mark Anthony', 'P', 'Bachelor of Science in Architecture', 'First Year', 'Male', 'markmontano999@gmail.com', '09171234567999999', '2', '3', '20', '3', '2600', '1000', '50', '500', '50', '80', '30', '200', '100', '130', '2000', '100', '3590', '', 1),
(11, 'Manila', '202500001', '123456789012', 'Montao', 'Mark Anthony', 'P', 'Bachelor of Science in Architecture', 'First Year', 'Male', 'markmontano999@gmail.com', '09171234567999999', '2', '3', '20', '3', '2600', '1000', '50', '500', '50', '80', '30', '200', '100', '130', '2000', '100', '3590', '', 16),
(12, 'Manila', '202500001', '123456789012', 'Montao', 'Mark Anthony', 'P', 'Bachelor of Science in Architecture', 'Fourth Year', 'Male', 'markmontano999@gmail.com', '09171234567999999', '2', '3', '20', '3', '2600', '1000', '50', '500', '50', '80', '30', '200', '100', '130', '2000', '100', '3590', '', 3),
(13, 'Manila', '202500001', '123456789012', 'Montao', 'Mark Anthony', 'P', 'Bachelor of Science in Architecture', 'Fourth Year', 'Male', 'markmontano999@gmail.com', '09171234567999999', '2', '3', '20', '3', '2600', '1000', '50', '500', '50', '80', '30', '200', '100', '130', '2000', '100', '3590', '', 3),
(14, 'Manila', '202500004', '136601120127', 'Ciruela', 'Genny', 'D', 'Bachelor of Science in Information Technology', 'First Year', 'Female', 'ciruelagenny@gmail.com', '9944869505', '2', '3', '28', '3', '0', '1000', '50', '500', '50', '80', '30', '0', '100', '130', '2000', '100', '990', '', 63),
(15, 'Manila', '202600044', '123456789012', 'Mecasio', 'Arden', 'B', 'Bachelor of Science in Information Technology', 'First Year', 'Male', 'mecasio.a.bsinfotech@gmail.com', '639561692738', '2', '3', '28', '3', '0', '150', '150', '', '50', '80', '30', '0', '100', '130', '50', '300', '1790', '', 66),
(16, 'Manila', '202600044', '123456789012', 'Mecasio', 'Arden', 'B', 'Bachelor of Science in Information Technology', 'First Year', 'Male', 'mecasio.a.bsinfotech@gmail.com', '639561692738', '2', '3', '28', '3', '0', '150', '150', '', '50', '80', '30', '550', '100', '130', '50', '300', '1790', '', 66),
(17, 'Manila', '202600044', '123456789012', 'Mecasio', 'Arden', 'B', 'Bachelor of Science in Information Technology', 'First Year', 'Male', 'mecasio.a.bsinfotech@gmail.com', '639561692738', '2', '3', '28', '3', '0', '150', '150', '', '50', '80', '30', '550', '100', '130', '50', '300', '1790', '', 66),
(18, 'Manila', '202600044', '123456789012', 'Mecasio', 'Arden', 'B', 'Bachelor of Science in Information Technology', 'First Year', 'Male', 'mecasio.a.bsinfotech@gmail.com', '639561692738', '2', '3', '28', '3', '0', '150', '150', '', '50', '80', '30', '550', '100', '130', '50', '300', '1790', '', 66),
(19, 'Manila', '202600044', '123456789012', 'Mecasio', 'Arden', 'B', 'Bachelor of Science in Information Technology', 'First Year', 'Male', 'mecasio.a.bsinfotech@gmail.com', '639561692738', '2', '3', '28', '3', '2300', '150', '150', '', '50', '80', '30', '550', '100', '130', '50', '300', '4090', '', 66),
(20, 'Manila', '202600044', '123456789012', 'Mecasio', 'Arden', 'B', 'Bachelor of Science in Information Technology', 'First Year', 'Male', 'mecasio.a.bsinfotech@gmail.com', '639561692738', '2', '3', '28', '3', '2300', '150', '150', '500', '50', '80', '30', '550', '100', '130', '50', '300', '4090', '', 66);

-- --------------------------------------------------------

--
-- Table structure for table `user_accounts`
--

CREATE TABLE `user_accounts` (
  `id` int(11) NOT NULL,
  `person_id` int(11) DEFAULT NULL,
  `employee_id` varchar(255) DEFAULT NULL,
  `profile_picture` varchar(255) DEFAULT NULL,
  `role` varchar(255) NOT NULL,
  `last_name` varchar(255) DEFAULT NULL,
  `middle_name` varchar(255) DEFAULT NULL,
  `first_name` varchar(255) DEFAULT NULL,
  `email` varchar(100) NOT NULL,
  `password` varchar(255) NOT NULL,
  `status` int(11) DEFAULT NULL,
  `dprtmnt_id` int(11) DEFAULT NULL,
  `require_otp` tinyint(1) DEFAULT 1
) ENGINE=InnoDB DEFAULT CHARSET=utf8mb4 COLLATE=utf8mb4_general_ci;

--
-- Dumping data for table `user_accounts`
--

INSERT INTO `user_accounts` (`id`, `person_id`, `employee_id`, `profile_picture`, `role`, `last_name`, `middle_name`, `first_name`, `email`, `password`, `status`, `dprtmnt_id`, `require_otp`) VALUES
(1, 1, '224-06342M', '224-06342M_1by1_2026.png', 'registrar', 'Montano', 'Placido', 'Mark Anthony', 'markmontano522@gmail.com', '$2b$10$XyO120eIYfqY4r2chYKere6F.M32D3xncCm.0aMNR4bJvrO//A4qC', 1, 5, 0),
(2, 2, '241101', NULL, 'student', 'Sapunto', 'N', 'Samantha', 'elhizeelinetharcano@gmail.com', '$2b$10$1z0TPyKFo6qtCrVAaA1D4e3qANATLI.pyTLqZinmmT8sF2zMALkDu', 1, 5, 0),
(3, 3, '241102', NULL, 'student', 'Raja', 'N', 'Tagama', 'sumalabe.lendhyandrey.deuna@gmail.com', '$2b$10$JH3iH6hajR6rjSxYjL4Ec.JujP6ubZdIBi5H7yYkkmlrpnyfs1gGy', 1, 5, 0),
(4, 4, '224000001', NULL, 'student', 'Sumalabe', 'S.', 'Lendhy', 'ciruelagenny@gmail.com', '$2b$10$6cNETx3nNoYEVH1s/841Fep0PQVd43uS.LD1Cv8oMgEqaY3zLHgD.', 1, 5, 0),
(5, 5, '224000002', NULL, 'student', 'Arcano', '', 'Elhize', 'sazon.m.bsinfotech@gmail.com', '$2b$10$rs7CvEQalC6fd3YMEqdEc.IzijMW3q06TiRlxUyS444FAzaGZYyZa', 1, 5, 1),
(6, 6, '224000003', NULL, 'registrar', 'Sazon', '', 'Nick', 'sazon.m.bsinfotech@gmail.com', '$2b$10$LOLa4eGzVwGhz8U56ul.mOc9m1HkZVrGK4L4VTSl1WP090A1pcYdq', 1, 5, 0),
(7, 7, '224000004', NULL, 'student', 'Torres', '', 'Aira Lorainne', 'lendhysumalabe2@gmail.com', '$2b$10$XyO120eIYfqY4r2chYKere6F.M32D3xncCm.0aMNR4bJvrO//A4qC', 1, 5, 0),
(8, 8, '224000005', NULL, 'student', 'Dela Cruz', '', 'Lloyd Cedrick', 'genny.ciruela@gmail.com', '$2b$10$cD2jbPUfSLB0i6Un/CUQFORkntmxPSC7bphyvUtgWGlozgvQZxA7i', 1, 5, 0),
(9, 9, '224000006', NULL, 'student', 'Cireula', '', 'Genny', 'arcanoelhizeelineth@gmail.com', '$2b$10$XyO120eIYfqY4r2chYKere6F.M32D3xncCm.0aMNR4bJvrO//A4qC', 1, 5, 0),
(10, 10, '12012025', NULL, 'student', 'San Jose', 'Ignacio', 'Dhani', 'aira.lorainne07@gmail.com', '$2b$10$coIvnXECQ2iLHQWRJiuBu.PGv6z74kz1Io2nRuIBjFOeb1Nx3Z1u2', 1, 5, 0),
(11, 11, '224000007', NULL, 'student', 'Burger', 'Joe', 'David', 'lendhy49@gmail.com', '$2b$10$ypvcgJY867UBe5vwB3N9yu4x4jOUbZCAktlJJN31m0EHZu57rAcwq', 1, 5, 0),
(132, 12, '224-08543M', NULL, 'student', 'Ciruela', 'Dedal', 'Genny', 'delacruz.lc.bsinfotech@gmail.com', '$2b$10$1z0TPyKFo6qtCrVAaA1D4e3qANATLI.pyTLqZinmmT8sF2zMALkDu', 1, 5, 0),
(133, 14, NULL, NULL, 'student', NULL, NULL, NULL, 'ccssggovernor@gmail.com', '$2b$10$uVc7iX4InO3jFtwU8qHLIO9Vf.vn82DW1utl6nkbO8Ws2E6JxDr1O', NULL, 5, 1),
(134, 21, NULL, NULL, 'student', NULL, NULL, NULL, 'kuromipurpletaro@gmail.com', '$2b$10$YJxd7QRihzxwXziJb2Z4leM9TGRliPco7zjjWIXOLdQn527gyONu.', NULL, 5, 1),
(135, 24, NULL, NULL, 'student', NULL, NULL, NULL, 'jaiamoto0@gmail.com', '$2b$10$rrxHwxNswGtZuLHfUJuiiuwJCGbXRR0mAFZqgjbKmRLxbgC3W1bi2', NULL, 5, 1),
(136, 15, NULL, NULL, 'student', NULL, NULL, NULL, 'stardust4evahh@gmail.com', '$2b$10$HIE2aBtp.g2Q5SNkEOp9ZuCw8o/OG4l9QMruh.E4GnXgHoYQsHdjS', NULL, 5, 1),
(137, 18, NULL, NULL, 'student', NULL, NULL, NULL, 'rjyclyg0129@gmail.com', '$2b$10$bfrUUC6z2pYkHDzC80VQKe.pD4n4kqCT9rt85ziErJBEG6nNCxdvG', NULL, 5, 0),
(138, 20, NULL, NULL, 'student', NULL, NULL, NULL, 'sumalabe.lendhy@gmail.com', '$2b$10$qwZH.cY.K84MOGR3dpKvce1EY3PjRpYodg7JmStCrxZX8ov5.hq1S', NULL, 5, 1),
(139, 19, NULL, NULL, 'student', NULL, NULL, NULL, 'ccssggovernor@gmail.com', '$2b$10$7tzYn5LappCYZ9wDUeisBuN1f7jtDMpxMH7WwCHe2HrDMACjMK/eC', NULL, 5, 1),
(140, 13, NULL, NULL, 'student', NULL, NULL, NULL, 'ccssg.treasurer25@gmail.com', '$2b$10$.Q34RT39LWUGx/pC95jdDuSOJY9Dg63ZO9Rbtf9AXsF8QIuY1E09q', NULL, 5, 1),
(141, 17, NULL, NULL, 'student', NULL, NULL, NULL, 'nacufama@gmail.com', '$2b$10$msZjLaQj9lVqOiXTb/4BWezwse3Oh26G5qPiPL1DiHorgrA9m4IZO', NULL, 5, 1),
(142, 22, NULL, NULL, 'student', NULL, NULL, NULL, 'arcanoelhizeelineth@gmail.com', '$2b$10$RnrG85FcH2TDsmh/hQ8a1udG3Jl878JGEbyeaqPSZHqS/YL9nyM.i', NULL, 5, 1),
(143, 16, NULL, NULL, 'student', NULL, NULL, NULL, 'carlsazon@gmail.com', '$2b$10$vwR0bCptgZpg2kzMk3GWeOdg5YyA5eZ.iI1L0yIGKpzDwsMonQhz.', NULL, 5, 1),
(144, 25, '224-08543M', NULL, 'student', 'De La Cruz', 'Pacheco', 'Lloyd Cedrick', 'nevadelacruz9@gmail.com', '$2b$10$VJICvSQncWm2LlcfBzA11.kWDZO1cbnslgiAhdRGMU9OSMV6nJom2', 1, 5, 0),
(145, 26, '20251201', NULL, 'student', 'Torres', 'Santos', 'Aira', 'purpleplumiesz@gmail.com', '$2b$10$3/jQsoTsny/M2mjPOowTSecoKXXA74J465B4G5v2kVeJej2Cz.Lqe', 1, 5, 0),
(146, 27, '20251202', NULL, 'student', 'Ciruela', 'Dedal', 'Genny', 'mugiwarasedi4@gmail.com', '$2b$10$dov3Gpg6nDwny0/Ood0bJurmdy9CEuQP5iSg1rdMUHvWacu9D7Eei', 1, 5, 0),
(147, 28, '20251203', NULL, 'registrar', 'Arcano', 'Wala', 'Elhize', 'elhize.arcano@gmail.com', '$2b$10$.MOApJ9PqXEL8YEFxhzMsOfZKE/DT3sBGs4JN94sv5MW8wcQpytie', 1, 5, 0),
(148, 29, '224-08543M', NULL, 'registrar', 'De La Cruz', 'P.', 'Lloyd Cedrick ', 'berseker.main@gmail.com', '$2b$10$e49vKFPE1GMnIynknMrfvuGqDMgkoVRreuJlzRjP5iiN6kW77JFai', 1, 5, 0),
(149, 30, '2025041201', NULL, 'registrar', 'Sumalabe', '', 'Lendhi', 'sumalabe.l.bsinfotech@gmail.com', '$2b$10$UJ5vfYdWpx8kTKu8J6aCz.YYj68ydpr/Lcb7bLcnRwdZRgRLcc78y', 1, NULL, 1),
(151, 32, '202402123', NULL, 'registrar', 'Mecasio', 'Bandoja', 'Arden', 'mecasio.a.bsinfotech@gmail.com', '$2b$10$7i6TNqIc7qY2RjRi1ZpS8uXPtoMEFl3Lhw9iV4Px7qG7przB/89zq', 1, 5, 0),
(152, 38, NULL, NULL, 'student', NULL, NULL, NULL, 'markmontano123@gmail.com', '$2b$10$nZ0curtbbXXSZ1uV0uqEJuk3u0Enxg/FLH/FzpxIyJR2wwxdqUtoW', NULL, NULL, 1),
(153, 44, NULL, NULL, 'student', NULL, NULL, NULL, 'mecasio.a.bsinfotech@gmail.com', '$2b$10$y4F3A32J4cAj6jDgNF6CWuece8b73RtV0SDsqchrW5I3J4xAmj1Om', NULL, 5, 1),
(154, 45, NULL, NULL, 'student', NULL, NULL, NULL, 'torres.al.bsinfotech@gmail.com', '$2b$10$TwgfLqw8Q2wC8CT6QvoNJerTKz.5hylrGMR13rvp3rhWQ/CQnrIn2', NULL, 5, 1);

--
-- Triggers `user_accounts`
--
DELIMITER $$
CREATE TRIGGER `set_person_id` BEFORE INSERT ON `user_accounts` FOR EACH ROW BEGIN
    -- Set person_id to the next id if it's NULL
    IF NEW.person_id IS NULL OR NEW.person_id = 0 THEN
        SET NEW.person_id = (SELECT AUTO_INCREMENT
                             FROM INFORMATION_SCHEMA.TABLES
                             WHERE TABLE_SCHEMA = DATABASE()
                             AND TABLE_NAME = 'user_accounts');
    END IF;
END
$$
DELIMITER ;

-- --------------------------------------------------------

--
-- Table structure for table `year_level_table`
--

CREATE TABLE `year_level_table` (
  `year_level_id` int(11) NOT NULL,
  `year_level_description` varchar(255) DEFAULT NULL
) ENGINE=InnoDB DEFAULT CHARSET=utf8mb4 COLLATE=utf8mb4_general_ci;

--
-- Dumping data for table `year_level_table`
--

INSERT INTO `year_level_table` (`year_level_id`, `year_level_description`) VALUES
(1, 'First Year'),
(2, 'Second Year'),
(3, 'Third Year'),
(4, 'Fourth Year'),
(5, 'Fifth Year');

-- --------------------------------------------------------

--
-- Table structure for table `year_table`
--

CREATE TABLE `year_table` (
  `year_id` int(11) NOT NULL,
  `year_description` int(11) NOT NULL,
  `status` tinyint(1) NOT NULL DEFAULT 0
) ENGINE=InnoDB DEFAULT CHARSET=utf8mb4 COLLATE=utf8mb4_general_ci;

--
-- Dumping data for table `year_table`
--

INSERT INTO `year_table` (`year_id`, `year_description`, `status`) VALUES
(17, 2010, 0),
(18, 2011, 0),
(19, 2012, 0),
(20, 2013, 0),
(21, 2014, 0),
(22, 2015, 0),
(23, 2016, 0),
(24, 2017, 0),
(25, 2018, 0),
(26, 2019, 0),
(27, 2020, 0),
(28, 2021, 0),
(29, 2022, 0),
(30, 2023, 0),
(31, 2024, 0),
(32, 2025, 0),
(33, 2026, 1),
(34, 2027, 0),
(35, 2028, 0),
(36, 2029, 0),
(37, 2030, 0);

--
-- Indexes for dumped tables
--

--
-- Indexes for table `active_school_year_table`
--
ALTER TABLE `active_school_year_table`
  ADD PRIMARY KEY (`id`),
  ADD KEY `year_id` (`year_id`),
  ADD KEY `semester_id` (`semester_id`);

--
-- Indexes for table `course_table`
--
ALTER TABLE `course_table`
  ADD PRIMARY KEY (`course_id`);

--
-- Indexes for table `curriculum_table`
--
ALTER TABLE `curriculum_table`
  ADD PRIMARY KEY (`curriculum_id`);

--
-- Indexes for table `dprtmnt_curriculum_table`
--
ALTER TABLE `dprtmnt_curriculum_table`
  ADD PRIMARY KEY (`dprtmnt_curriculum_id`),
  ADD KEY `dprtmnt_id` (`dprtmnt_id`),
  ADD KEY `curriculum_id` (`curriculum_id`);

--
-- Indexes for table `dprtmnt_profs_table`
--
ALTER TABLE `dprtmnt_profs_table`
  ADD PRIMARY KEY (`dprtmnt_profs_id`),
  ADD KEY `dprtmnt_id` (`dprtmnt_id`),
  ADD KEY `prof_id` (`prof_id`);

--
-- Indexes for table `dprtmnt_room_table`
--
ALTER TABLE `dprtmnt_room_table`
  ADD PRIMARY KEY (`dprtmnt_room_id`),
  ADD KEY `dprtmnt_id` (`dprtmnt_id`),
  ADD KEY `room_id` (`room_id`);

--
-- Indexes for table `dprtmnt_section_table`
--
ALTER TABLE `dprtmnt_section_table`
  ADD PRIMARY KEY (`id`),
  ADD KEY `curriculum_id` (`curriculum_id`),
  ADD KEY `section_id` (`section_id`);

--
-- Indexes for table `dprtmnt_table`
--
ALTER TABLE `dprtmnt_table`
  ADD PRIMARY KEY (`dprtmnt_id`);

--
-- Indexes for table `enrolled_subject`
--
ALTER TABLE `enrolled_subject`
  ADD PRIMARY KEY (`id`);

--
-- Indexes for table `evaluation_table`
--
ALTER TABLE `evaluation_table`
  ADD PRIMARY KEY (`id`);

--
-- Indexes for table `fee_rules`
--
ALTER TABLE `fee_rules`
  ADD PRIMARY KEY (`fee_rule_id`),
  ADD UNIQUE KEY `fee_code` (`fee_code`);

--
-- Indexes for table `matriculation`
--
ALTER TABLE `matriculation`
  ADD PRIMARY KEY (`id`);

--
-- Indexes for table `medical_requirements`
--
ALTER TABLE `medical_requirements`
  ADD PRIMARY KEY (`id`);

--
-- Indexes for table `page_access`
--
ALTER TABLE `page_access`
  ADD PRIMARY KEY (`id`);

--
-- Indexes for table `page_table`
--
ALTER TABLE `page_table`
  ADD PRIMARY KEY (`id`);

--
-- Indexes for table `period_status`
--
ALTER TABLE `period_status`
  ADD PRIMARY KEY (`id`);

--
-- Indexes for table `person_prof_table`
--
ALTER TABLE `person_prof_table`
  ADD PRIMARY KEY (`person_id`);

--
-- Indexes for table `person_status_table`
--
ALTER TABLE `person_status_table`
  ADD PRIMARY KEY (`id`),
  ADD KEY `person_id` (`person_id`);

--
-- Indexes for table `person_table`
--
ALTER TABLE `person_table`
  ADD PRIMARY KEY (`person_id`);

--
-- Indexes for table `prof_table`
--
ALTER TABLE `prof_table`
  ADD PRIMARY KEY (`prof_id`);

--
-- Indexes for table `program_table`
--
ALTER TABLE `program_table`
  ADD PRIMARY KEY (`program_id`);

--
-- Indexes for table `program_tagging_table`
--
ALTER TABLE `program_tagging_table`
  ADD PRIMARY KEY (`program_tagging_id`);

--
-- Indexes for table `question_category_table`
--
ALTER TABLE `question_category_table`
  ADD PRIMARY KEY (`id`);

--
-- Indexes for table `question_table`
--
ALTER TABLE `question_table`
  ADD PRIMARY KEY (`id`);

--
-- Indexes for table `requirements_table`
--
ALTER TABLE `requirements_table`
  ADD PRIMARY KEY (`id`);

--
-- Indexes for table `requirement_uploads`
--
ALTER TABLE `requirement_uploads`
  ADD PRIMARY KEY (`upload_id`);

--
-- Indexes for table `room_day_table`
--
ALTER TABLE `room_day_table`
  ADD PRIMARY KEY (`id`);

--
-- Indexes for table `room_table`
--
ALTER TABLE `room_table`
  ADD PRIMARY KEY (`room_id`);

--
-- Indexes for table `school_time_table`
--
ALTER TABLE `school_time_table`
  ADD PRIMARY KEY (`id`);

--
-- Indexes for table `section_table`
--
ALTER TABLE `section_table`
  ADD PRIMARY KEY (`id`);

--
-- Indexes for table `semester_table`
--
ALTER TABLE `semester_table`
  ADD PRIMARY KEY (`semester_id`);

--
-- Indexes for table `student_curriculum_table`
--
ALTER TABLE `student_curriculum_table`
  ADD PRIMARY KEY (`id`);

--
-- Indexes for table `student_evaluation_table`
--
ALTER TABLE `student_evaluation_table`
  ADD PRIMARY KEY (`id`);

--
-- Indexes for table `student_grade_overall_table`
--
ALTER TABLE `student_grade_overall_table`
  ADD PRIMARY KEY (`id`);

--
-- Indexes for table `student_numbering_table`
--
ALTER TABLE `student_numbering_table`
  ADD PRIMARY KEY (`id`);

--
-- Indexes for table `student_status_table`
--
ALTER TABLE `student_status_table`
  ADD PRIMARY KEY (`id`);

--
-- Indexes for table `time_table`
--
ALTER TABLE `time_table`
  ADD PRIMARY KEY (`id`);

--
-- Indexes for table `tosf`
--
ALTER TABLE `tosf`
  ADD PRIMARY KEY (`tosf_id`);

--
-- Indexes for table `unifast`
--
ALTER TABLE `unifast`
  ADD PRIMARY KEY (`id`);

--
-- Indexes for table `user_accounts`
--
ALTER TABLE `user_accounts`
  ADD PRIMARY KEY (`id`);

--
-- Indexes for table `year_level_table`
--
ALTER TABLE `year_level_table`
  ADD PRIMARY KEY (`year_level_id`);

--
-- Indexes for table `year_table`
--
ALTER TABLE `year_table`
  ADD PRIMARY KEY (`year_id`);

--
-- AUTO_INCREMENT for dumped tables
--

--
-- AUTO_INCREMENT for table `active_school_year_table`
--
ALTER TABLE `active_school_year_table`
  MODIFY `id` int(11) NOT NULL AUTO_INCREMENT, AUTO_INCREMENT=75;

--
-- AUTO_INCREMENT for table `course_table`
--
ALTER TABLE `course_table`
  MODIFY `course_id` int(11) NOT NULL AUTO_INCREMENT, AUTO_INCREMENT=1481;

--
-- AUTO_INCREMENT for table `curriculum_table`
--
ALTER TABLE `curriculum_table`
  MODIFY `curriculum_id` int(11) NOT NULL AUTO_INCREMENT, AUTO_INCREMENT=8730;

--
-- AUTO_INCREMENT for table `dprtmnt_curriculum_table`
--
ALTER TABLE `dprtmnt_curriculum_table`
  MODIFY `dprtmnt_curriculum_id` int(11) NOT NULL AUTO_INCREMENT, AUTO_INCREMENT=58;

--
-- AUTO_INCREMENT for table `dprtmnt_profs_table`
--
ALTER TABLE `dprtmnt_profs_table`
  MODIFY `dprtmnt_profs_id` int(11) NOT NULL AUTO_INCREMENT, AUTO_INCREMENT=58;

--
-- AUTO_INCREMENT for table `dprtmnt_room_table`
--
ALTER TABLE `dprtmnt_room_table`
  MODIFY `dprtmnt_room_id` int(11) NOT NULL AUTO_INCREMENT, AUTO_INCREMENT=27;

--
-- AUTO_INCREMENT for table `dprtmnt_section_table`
--
ALTER TABLE `dprtmnt_section_table`
  MODIFY `id` int(11) NOT NULL AUTO_INCREMENT, AUTO_INCREMENT=933;

--
-- AUTO_INCREMENT for table `dprtmnt_table`
--
ALTER TABLE `dprtmnt_table`
  MODIFY `dprtmnt_id` int(11) NOT NULL AUTO_INCREMENT, AUTO_INCREMENT=20;

--
-- AUTO_INCREMENT for table `enrolled_subject`
--
ALTER TABLE `enrolled_subject`
  MODIFY `id` int(11) NOT NULL AUTO_INCREMENT, AUTO_INCREMENT=1093;

--
-- AUTO_INCREMENT for table `evaluation_table`
--
ALTER TABLE `evaluation_table`
  MODIFY `id` int(11) NOT NULL AUTO_INCREMENT, AUTO_INCREMENT=9;

--
-- AUTO_INCREMENT for table `fee_rules`
--
ALTER TABLE `fee_rules`
  MODIFY `fee_rule_id` int(11) NOT NULL AUTO_INCREMENT, AUTO_INCREMENT=15;

--
-- AUTO_INCREMENT for table `matriculation`
--
ALTER TABLE `matriculation`
  MODIFY `id` int(11) NOT NULL AUTO_INCREMENT, AUTO_INCREMENT=6;

--
-- AUTO_INCREMENT for table `medical_requirements`
--
ALTER TABLE `medical_requirements`
  MODIFY `id` int(11) NOT NULL AUTO_INCREMENT, AUTO_INCREMENT=10;

--
-- AUTO_INCREMENT for table `page_access`
--
ALTER TABLE `page_access`
  MODIFY `id` int(11) NOT NULL AUTO_INCREMENT, AUTO_INCREMENT=2300;

--
-- AUTO_INCREMENT for table `period_status`
--
ALTER TABLE `period_status`
  MODIFY `id` int(11) NOT NULL AUTO_INCREMENT, AUTO_INCREMENT=4;

--
-- AUTO_INCREMENT for table `person_prof_table`
--
ALTER TABLE `person_prof_table`
  MODIFY `person_id` int(11) NOT NULL AUTO_INCREMENT, AUTO_INCREMENT=41;

--
-- AUTO_INCREMENT for table `person_status_table`
--
ALTER TABLE `person_status_table`
  MODIFY `id` int(11) NOT NULL AUTO_INCREMENT, AUTO_INCREMENT=35;

--
-- AUTO_INCREMENT for table `person_table`
--
ALTER TABLE `person_table`
  MODIFY `person_id` int(11) NOT NULL AUTO_INCREMENT, AUTO_INCREMENT=46;

--
-- AUTO_INCREMENT for table `prof_table`
--
ALTER TABLE `prof_table`
  MODIFY `prof_id` int(11) NOT NULL AUTO_INCREMENT, AUTO_INCREMENT=71;

--
-- AUTO_INCREMENT for table `program_table`
--
ALTER TABLE `program_table`
  MODIFY `program_id` int(11) NOT NULL AUTO_INCREMENT, AUTO_INCREMENT=61;

--
-- AUTO_INCREMENT for table `program_tagging_table`
--
ALTER TABLE `program_tagging_table`
  MODIFY `program_tagging_id` int(11) NOT NULL AUTO_INCREMENT, AUTO_INCREMENT=2631;

--
-- AUTO_INCREMENT for table `question_category_table`
--
ALTER TABLE `question_category_table`
  MODIFY `id` int(11) NOT NULL AUTO_INCREMENT, AUTO_INCREMENT=3;

--
-- AUTO_INCREMENT for table `question_table`
--
ALTER TABLE `question_table`
  MODIFY `id` int(11) NOT NULL AUTO_INCREMENT, AUTO_INCREMENT=23;

--
-- AUTO_INCREMENT for table `requirements_table`
--
ALTER TABLE `requirements_table`
  MODIFY `id` int(11) NOT NULL AUTO_INCREMENT, AUTO_INCREMENT=37;

--
-- AUTO_INCREMENT for table `requirement_uploads`
--
ALTER TABLE `requirement_uploads`
  MODIFY `upload_id` int(11) NOT NULL AUTO_INCREMENT, AUTO_INCREMENT=167;

--
-- AUTO_INCREMENT for table `room_day_table`
--
ALTER TABLE `room_day_table`
  MODIFY `id` int(11) NOT NULL AUTO_INCREMENT, AUTO_INCREMENT=8;

--
-- AUTO_INCREMENT for table `room_table`
--
ALTER TABLE `room_table`
  MODIFY `room_id` int(11) NOT NULL AUTO_INCREMENT, AUTO_INCREMENT=30;

--
-- AUTO_INCREMENT for table `school_time_table`
--
ALTER TABLE `school_time_table`
  MODIFY `id` int(11) NOT NULL AUTO_INCREMENT, AUTO_INCREMENT=30;

--
-- AUTO_INCREMENT for table `section_table`
--
ALTER TABLE `section_table`
  MODIFY `id` int(11) NOT NULL AUTO_INCREMENT, AUTO_INCREMENT=550;

--
-- AUTO_INCREMENT for table `semester_table`
--
ALTER TABLE `semester_table`
  MODIFY `semester_id` int(11) NOT NULL AUTO_INCREMENT, AUTO_INCREMENT=7;

--
-- AUTO_INCREMENT for table `student_curriculum_table`
--
ALTER TABLE `student_curriculum_table`
  MODIFY `id` int(11) NOT NULL AUTO_INCREMENT, AUTO_INCREMENT=54;

--
-- AUTO_INCREMENT for table `student_evaluation_table`
--
ALTER TABLE `student_evaluation_table`
  MODIFY `id` int(11) NOT NULL AUTO_INCREMENT;

--
-- AUTO_INCREMENT for table `student_grade_overall_table`
--
ALTER TABLE `student_grade_overall_table`
  MODIFY `id` int(11) NOT NULL AUTO_INCREMENT, AUTO_INCREMENT=3;

--
-- AUTO_INCREMENT for table `student_numbering_table`
--
ALTER TABLE `student_numbering_table`
  MODIFY `id` int(11) NOT NULL AUTO_INCREMENT, AUTO_INCREMENT=36;

--
-- AUTO_INCREMENT for table `student_status_table`
--
ALTER TABLE `student_status_table`
  MODIFY `id` int(11) NOT NULL AUTO_INCREMENT, AUTO_INCREMENT=42;

--
-- AUTO_INCREMENT for table `time_table`
--
ALTER TABLE `time_table`
  MODIFY `id` int(11) NOT NULL AUTO_INCREMENT, AUTO_INCREMENT=295;

--
-- AUTO_INCREMENT for table `tosf`
--
ALTER TABLE `tosf`
  MODIFY `tosf_id` int(11) NOT NULL AUTO_INCREMENT, AUTO_INCREMENT=3;

--
-- AUTO_INCREMENT for table `unifast`
--
ALTER TABLE `unifast`
  MODIFY `id` int(11) NOT NULL AUTO_INCREMENT, AUTO_INCREMENT=21;

--
-- AUTO_INCREMENT for table `user_accounts`
--
ALTER TABLE `user_accounts`
  MODIFY `id` int(11) NOT NULL AUTO_INCREMENT, AUTO_INCREMENT=155;

--
-- AUTO_INCREMENT for table `year_level_table`
--
ALTER TABLE `year_level_table`
  MODIFY `year_level_id` int(11) NOT NULL AUTO_INCREMENT, AUTO_INCREMENT=6;

--
-- AUTO_INCREMENT for table `year_table`
--
ALTER TABLE `year_table`
  MODIFY `year_id` int(11) NOT NULL AUTO_INCREMENT, AUTO_INCREMENT=38;
COMMIT;

/*!40101 SET CHARACTER_SET_CLIENT=@OLD_CHARACTER_SET_CLIENT */;
/*!40101 SET CHARACTER_SET_RESULTS=@OLD_CHARACTER_SET_RESULTS */;
/*!40101 SET COLLATION_CONNECTION=@OLD_COLLATION_CONNECTION */;
